sample_index,timestamp,green,green_status,red,red_status,infrared,infrared_status
0,1786358437327,0,0,0,-1,699040,0
1,1786358437341,0,0,655350,0,699040,0
2,1786358437347,147615,0,494160,0,465018,0
3,1786358437360,147693,0,494078,0,464889,0
4,1786358437367,147595,0,494096,0,464859,0
5,1786358437378,147627,0,494115,0,464819,0
6,1786358437387,147640,0,494128,0,464801,0
7,1786358437397,147720,0,494189,0,464802,0
8,1786358437407,147653,0,494185,0,464807,0
9,1786358437420,147750,0,494222,0,464790,0
10,1786358437428,147753,0,494277,0,464835,0
11,1786358437438,147784,0,494296,0,464896,0
12,1786358437447,147854,0,494341,0,464904,0
13,1786358437459,147896,0,494354,0,464871,0
14,1786358437470,147928,0,494350,0,464901,0
15,1786358437478,147949,0,494375,0,464930,0
16,1786358437490,147987,0,494365,0,464912,0
17,1786358437506,148057,0,494392,0,464953,0
18,1786358437508,148088,0,494366,0,464907,0
19,1786358437524,148085,0,494366,0,464950,0
20,1786358437529,148184,0,494345,0,464906,0
21,1786358437540,148206,0,494354,0,464950,0
22,1786358437548,148175,0,494331,0,464918,0
23,1786358437559,148229,0,494383,0,464906,0
24,1786358437570,148274,0,494376,0,464959,0
25,1786358437579,148316,0,538086,0,464922,0
26,1786358437588,148364,0,538073,0,464928,0
27,1786358437598,125606,0,548515,0,686927,0
28,1786358437607,125708,0,548546,0,686908,0
29,1786358437622,125737,0,548557,0,686895,0
30,1786358437628,125827,0,548555,0,686872,0
31,1786358437638,125776,0,548542,0,686843,0
32,1786358437648,125724,0,548573,0,686845,0
33,1786358437660,125720,0,548605,0,686886,0
34,1786358437672,125660,0,548600,0,686822,0
35,1786358437678,125685,0,548586,0,686806,0
36,1786358437688,125553,0,548623,0,686750,0
37,1786358437698,125450,0,548590,0,686710,0
38,1786358437709,125481,0,548598,0,686683,0
39,1786358437722,125282,0,950605,0,1359490,0
40,1786358437728,125297,0,950586,0,1359493,0
41,1786358437741,40704,0,1055690,0,1369592,0
42,1786358437748,40552,0,1055746,0,1369561,0
43,1786358437759,40461,0,1055665,0,1369448,0
44,1786358437771,40390,0,1055684,0,1369425,0
45,1786358437779,40364,0,1055605,0,1369447,0
46,1786358437788,40268,0,1055651,0,1369414,0
47,1786358437799,40285,0,1055675,0,1369426,0
48,1786358437809,40259,0,1055680,0,1369401,0
49,1786358437822,40229,0,1055690,0,1369379,0
50,1786358437828,40238,0,1055716,0,1369429,0
51,1786358437839,40248,0,1055689,0,1369399,0
52,1786358437854,40183,0,1055736,0,1369424,0
53,1786358437859,40306,0,5197715,0,6857043,0
54,1786358437875,40324,0,5197695,0,6857064,0
55,1786358437879,51614,0,5247091,0,6841051,0
56,1786358437889,51798,0,5247220,0,6841011,0
57,1786358437899,52039,0,5247397,0,6840988,0
58,1786358437909,52303,0,5247530,0,6841285,0
59,1786358437923,52652,0,5247798,0,6841532,0
60,1786358437929,52852,0,5248003,0,6842057,0
61,1786358437940,53126,0,5248201,0,6842019,0
62,1786358437949,53303,0,5248389,0,6842167,0
63,1786358437960,53428,0,5248416,0,6842311,0
64,1786358437971,53532,0,5248669,0,6842570,0
65,1786358437981,53794,0,5248987,0,6842997,0
66,1786358437990,53980,0,5249148,0,6843188,0
67,1786358438006,54216,0,5249393,0,6799826,0
68,1786358438009,54602,0,5249798,0,6800054,0
69,1786358438021,54886,0,5249912,0,6838752,0
70,1786358438029,55329,0,5250109,0,6839007,0
71,1786358438039,55617,0,5250331,0,6839108,0
72,1786358438055,55960,0,5250170,0,6839023,0
73,1786358438060,56298,0,5250160,0,6839217,0
74,1786358438070,56513,0,5250087,0,6838917,0
75,1786358438079,56877,0,5249942,0,6838602,0
76,1786358438089,57223,0,5250121,0,6838567,0
77,1786358438103,57502,0,5249913,0,6838672,0
78,1786358438109,57836,0,5249716,0,6838186,0
79,1786358438120,58125,0,5249629,0,6838012,0
80,1786358438129,58321,0,5249516,0,6837773,0
81,1786358438142,58831,0,5249572,0,6837668,0
82,1786358438153,59100,0,5249649,0,6837837,0
83,1786358438161,59414,0,5249590,0,6837599,0
84,1786358438172,59841,0,5249552,0,6837641,0
85,1786358438180,60273,0,5249476,0,6837587,0
86,1786358438190,60807,0,5249632,0,6837572,0
87,1786358438215,61226,0,5249771,0,6837629,0
88,1786358438215,61529,0,5249786,0,6837664,0
89,1786358438232,62225,0,5249830,0,6837843,0
90,1786358438232,62508,0,5249882,0,6837831,0
91,1786358438246,62958,0,5249964,0,6838117,0
92,1786358438255,63373,0,5249983,0,6838005,0
93,1786358438260,63973,0,5250107,0,6838149,0
94,1786358438273,64375,0,5250296,0,6838455,0
95,1786358438280,64772,0,5250415,0,6838448,0
96,1786358438290,65470,0,5250463,0,6838617,0
97,1786358438304,65983,0,5250477,0,6838636,0
98,1786358438309,66568,0,5250569,0,6838916,0
99,1786358438320,67189,0,5250699,0,6839116,0
100,1786358438329,67501,0,5250810,0,6839237,0
101,1786358438339,67987,0,5250641,0,6838936,0
102,1786358438349,68489,0,5250699,0,6838961,0
103,1786358438359,68826,0,5250811,0,6839136,0
104,1786358438369,69156,0,5250882,0,6839168,0
105,1786358438380,69304,0,5250958,0,6839190,0
106,1786358438391,69109,0,5250965,0,6839309,0
107,1786358438403,68847,0,5251213,0,6839424,0
108,1786358438409,68586,0,5251294,0,6839399,0
109,1786358438420,68039,0,5251440,0,6839290,0
110,1786358438429,67449,0,5251539,0,6839236,0
111,1786358438440,66692,0,5251534,0,6839084,0
112,1786358438449,65652,0,5251580,0,6839124,0
113,1786358438465,64937,0,5251613,0,6838937,0
114,1786358438469,64223,0,5251621,0,6839012,0
115,1786358438479,63390,0,5251423,0,6838577,0
116,1786358438489,62590,0,5251031,0,6838011,0
117,1786358438500,61727,0,5250735,0,6837511,0
118,1786358438509,61158,0,5250410,0,6837035,0
119,1786358438520,60411,0,5250086,0,6836352,0
120,1786358438529,59629,0,5249849,0,6835928,0
121,1786358438540,59290,0,5249656,0,6835541,0
122,1786358438550,58584,0,5249494,0,6835187,0
123,1786358438560,57824,0,5249286,0,6834834,0
124,1786358438569,57348,0,5249356,0,6834700,0
125,1786358438580,56853,0,5249415,0,6834585,0
126,1786358438589,56570,0,5249337,0,6834540,0
127,1786358438600,56190,0,5249240,0,6834289,0
128,1786358438609,55939,0,5249148,0,6834265,0
129,1786358438623,55772,0,5249004,0,6833910,0
130,1786358438630,55597,0,5249078,0,6833822,0
131,1786358438640,55548,0,5248904,0,6833831,0
132,1786358438650,55557,0,5248861,0,6833715,0
133,1786358438660,55477,0,5248985,0,6833617,0
134,1786358438670,55445,0,5249253,0,6834085,0
135,1786358438680,55373,0,5249520,0,6834360,0
136,1786358438690,55596,0,5249593,0,6834567,0
137,1786358438700,55394,0,5249628,0,6834472,0
138,1786358438709,55435,0,5249672,0,6834431,0
139,1786358438720,55324,0,5249540,0,6834185,0
140,1786358438730,55394,0,5249526,0,6834114,0
141,1786358438740,55309,0,5249485,0,6834102,0
142,1786358438750,55174,0,5249438,0,6833883,0
143,1786358438761,55261,0,5249492,0,6834096,0
144,1786358438770,55181,0,5249557,0,6834086,0
145,1786358438782,55435,0,5249399,0,6833836,0
146,1786358438790,55539,0,5249303,0,6833772,0
147,1786358438800,55656,0,5249410,0,6833740,0
148,1786358438810,55728,0,5249549,0,6833745,0
149,1786358438821,55665,0,5249423,0,6833862,0
150,1786358438830,55733,0,5249336,0,6833578,0
151,1786358438841,55837,0,5249086,0,6833327,0
152,1786358438851,55813,0,5248874,0,6833115,0
153,1786358438860,56192,0,5248789,0,6832812,0
154,1786358438870,56147,0,5248694,0,6832621,0
155,1786358438880,56468,0,5248699,0,6832469,0
156,1786358438890,56787,0,5248582,0,6832413,0
157,1786358438901,56965,0,5248657,0,6832321,0
158,1786358438910,57142,0,5248746,0,6832539,0
159,1786358438921,57651,0,5248948,0,6832814,0
160,1786358438931,57920,0,5248897,0,6832842,0
161,1786358438942,58057,0,5248963,0,6832750,0
162,1786358438950,58321,0,5248918,0,6832831,0
163,1786358438960,58722,0,5249103,0,6832875,0
164,1786358438970,59094,0,5249166,0,6832916,0
165,1786358438985,59437,0,5249326,0,6833129,0
166,1786358438990,59969,0,5249288,0,6833102,0
167,1786358439000,60299,0,5249302,0,6833257,0
168,1786358439010,60564,0,5248927,0,6832846,0
169,1786358439021,60966,0,5248817,0,6832386,0
170,1786358439030,61369,0,5248706,0,6832263,0
171,1786358439040,61635,0,5248613,0,6832113,0
172,1786358439050,62300,0,5248663,0,6832180,0
173,1786358439060,62686,0,5248802,0,6832330,0
174,1786358439070,63097,0,5248941,0,6832535,0
175,1786358439081,63735,0,5248858,0,6832490,0
176,1786358439090,63957,0,5248960,0,6832753,0
177,1786358439103,64547,0,5249124,0,6832930,0
178,1786358439110,65182,0,5249458,0,6833472,0
179,1786358439121,65620,0,5249558,0,6833887,0
180,1786358439130,66281,0,5249430,0,6833702,0
181,1786358439141,66757,0,5249284,0,6833643,0
182,1786358439150,67486,0,5249485,0,6833670,0
183,1786358439161,68002,0,5249786,0,6833966,0
184,1786358439170,68687,0,5249971,0,6834148,0
185,1786358439181,69297,0,5250169,0,6834549,0
186,1786358439190,69899,0,5250161,0,6834839,0
187,1786358439201,70375,0,5250320,0,6834873,0
188,1786358439210,71115,0,5250358,0,6835089,0
189,1786358439221,71535,0,5250490,0,6835355,0
190,1786358439230,72226,0,5250409,0,6835228,0
191,1786358439241,72678,0,5250353,0,6835139,0
192,1786358439250,73269,0,5250371,0,6835333,0
193,1786358439266,73975,0,5250478,0,6835355,0
194,1786358439271,74611,0,5250564,0,6835523,0
195,1786358439281,75328,0,5250678,0,6835845,0
196,1786358439291,75972,0,5250763,0,6835890,0
197,1786358439301,76506,0,5250834,0,6836192,0
198,1786358439311,77192,0,5250906,0,6836171,0
199,1786358439321,77712,0,5250935,0,6836134,0
200,1786358439331,78198,0,5250761,0,6836304,0
201,1786358439341,78379,0,5250645,0,6836040,0
202,1786358439351,78553,0,5250612,0,6835889,0
203,1786358439361,78251,0,5250761,0,6835920,0
204,1786358439371,78039,0,5250856,0,6835943,0
205,1786358439381,77588,0,5250860,0,6835770,0
206,1786358439391,76967,0,5250737,0,6835450,0
207,1786358439402,76179,0,5250569,0,6835304,0
208,1786358439411,75288,0,5250262,0,6834774,0
209,1786358439424,74372,0,5250066,0,6834090,0
210,1786358439431,73451,0,5249630,0,6833758,0
211,1786358439441,72424,0,5249178,0,6833046,0
212,1786358439451,71601,0,5249109,0,6832699,0
213,1786358439462,70886,0,5249019,0,6832741,0
214,1786358439471,70359,0,5248839,0,6832315,0
215,1786358439481,69774,0,5248567,0,6832055,0
216,1786358439491,69278,0,5248501,0,6831779,0
217,1786358439502,68683,0,5248418,0,6831661,0
218,1786358439511,68375,0,5248178,0,6831260,0
219,1786358439522,67712,0,5247714,0,6830800,0
220,1786358439531,67101,0,5247489,0,6830391,0
221,1786358439542,66831,0,5247373,0,6830256,0
222,1786358439552,66325,0,5247274,0,6829887,0
223,1786358439562,66128,0,5247385,0,6830050,0
224,1786358439571,65828,0,5247502,0,6830303,0
225,1786358439584,65649,0,5247455,0,6830241,0
226,1786358439591,65498,0,5247450,0,6830173,0
227,1786358439602,65271,0,5247395,0,6830211,0
228,1786358439612,65334,0,5247337,0,6830269,0
229,1786358439622,65252,0,5247191,0,6830102,0
230,1786358439631,65154,0,5247232,0,6830169,0
231,1786358439642,65138,0,5247159,0,6829938,0
232,1786358439652,65181,0,5246995,0,6829844,0
233,1786358439662,65045,0,5246936,0,6829561,0
234,1786358439671,64858,0,5246681,0,6829306,0
235,1786358439682,64794,0,5246605,0,6829066,0
236,1786358439691,64685,0,5246423,0,6828942,0
237,1786358439702,64421,0,5246234,0,6828730,0
238,1786358439712,64220,0,5246193,0,6828469,0
239,1786358439723,64155,0,5246120,0,6828523,0
240,1786358439732,64058,0,5246079,0,6828516,0
241,1786358439744,64031,0,5246079,0,6828405,0
242,1786358439752,63930,0,5246091,0,6828302,0
243,1786358439762,63868,0,5245895,0,6828149,0
244,1786358439772,63822,0,5245727,0,6827964,0
245,1786358439783,63753,0,5245478,0,6827729,0
246,1786358439792,63777,0,5245558,0,6827693,0
247,1786358439802,63791,0,5245513,0,6827548,0
248,1786358439812,64090,0,5245428,0,6827594,0
249,1786358439824,64085,0,5245267,0,6827447,0
250,1786358439832,64171,0,5245284,0,6827427,0
251,1786358439842,64435,0,5245286,0,6827360,0
252,1786358439852,64585,0,5245314,0,6827403,0
253,1786358439862,64920,0,5245121,0,6827339,0
254,1786358439872,65157,0,5245177,0,6827367,0
255,1786358439883,65239,0,5245153,0,6827356,0
256,1786358439892,65761,0,5245289,0,6827539,0
257,1786358439904,65956,0,5245139,0,6827285,0
258,1786358439912,66260,0,5245043,0,6827159,0
259,1786358439922,66466,0,5245107,0,6827040,0
260,1786358439932,67081,0,5245235,0,6827368,0
261,1786358439943,67543,0,5245409,0,6827546,0
262,1786358439952,68047,0,5245441,0,6827717,0
263,1786358439962,68533,0,5245314,0,6827763,0
264,1786358439972,68892,0,5245483,0,6827760,0
265,1786358439984,69503,0,5245444,0,6827682,0
266,1786358439992,70106,0,5245468,0,6827759,0
267,1786358440003,70553,0,5245443,0,6827781,0
268,1786358440012,71010,0,5245377,0,6827867,0
269,1786358440023,71355,0,5245190,0,6827669,0
270,1786358440032,71754,0,5244864,0,6827260,0
271,1786358440043,72010,0,5244777,0,6827024,0
272,1786358440052,72609,0,5244707,0,6826921,0
273,1786358440066,72928,0,5244743,0,6826965,0
274,1786358440072,73359,0,5244880,0,6827189,0
275,1786358440083,73959,0,5244987,0,6827222,0
276,1786358440093,74461,0,5245028,0,6827489,0
277,1786358440104,75004,0,5244985,0,6827533,0
278,1786358440113,75510,0,5244887,0,6827204,0
279,1786358440123,75862,0,5244879,0,6827251,0
280,1786358440132,76237,0,5244712,0,6827123,0
281,1786358440143,76666,0,5244823,0,6827267,0
282,1786358440153,77280,0,5244903,0,6827358,0
283,1786358440163,77798,0,5244774,0,6827394,0
284,1786358440173,78162,0,5244895,0,6827428,0
285,1786358440184,78711,0,5244786,0,6827414,0
286,1786358440194,78994,0,5244753,0,6827495,0
287,1786358440204,79565,0,5244844,0,6827419,0
288,1786358440213,80062,0,5244848,0,6827591,0
289,1786358440226,80563,0,5244821,0,6827562,0
290,1786358440233,81249,0,5244946,0,6827642,0
291,1786358440243,81660,0,5245050,0,6827770,0
292,1786358440255,82353,0,5245041,0,6827884,0
293,1786358440264,82887,0,5244902,0,6827797,0
294,1786358440273,83335,0,5244957,0,6827804,0
295,1786358440283,83820,0,5245021,0,6827929,0
296,1786358440296,84169,0,5245072,0,6828018,0
297,1786358440303,84331,0,5245332,0,6828165,0
298,1786358440313,84305,0,5245436,0,6828313,0
299,1786358440323,84079,0,5245494,0,6828271,0
300,1786358440333,83655,0,5245577,0,6828224,0
301,1786358440343,83080,0,5245352,0,6827938,0
302,1786358440353,82373,0,5245367,0,6827710,0
303,1786358440367,81468,0,5245315,0,6827324,0
304,1786358440375,80991,0,5245122,0,6827234,0
305,1786358440386,80081,0,5244976,0,6826955,0
306,1786358440393,79434,0,5244764,0,6826485,0
307,1786358440403,78745,0,5244700,0,6826223,0
308,1786358440413,78106,0,5244578,0,6826106,0
309,1786358440424,77624,0,5244629,0,6825867,0
310,1786358440433,77215,0,5244476,0,6825728,0
311,1786358440443,76658,0,5244481,0,6825736,0
312,1786358440453,76282,0,5244473,0,6825497,0
313,1786358440464,75898,0,5244434,0,6825464,0
314,1786358440473,75487,0,5244425,0,6825460,0
315,1786358440483,75264,0,5244273,0,6825276,0
316,1786358440493,74806,0,5244263,0,6825044,0
317,1786358440504,74704,0,5244224,0,6824983,0
318,1786358440513,74564,0,5244322,0,6825043,0
319,1786358440525,74480,0,5244230,0,6825031,0
320,1786358440533,74619,0,5244262,0,6825056,0
321,1786358440546,74652,0,5244170,0,6824847,0
322,1786358440554,74556,0,5244119,0,6824901,0
323,1786358440564,74839,0,5244065,0,6824784,0
324,1786358440573,74860,0,5244104,0,6824622,0
325,1786358440584,75040,0,5244209,0,6824783,0
326,1786358440593,75246,0,5244171,0,6824772,0
327,1786358440604,75298,0,5244019,0,6824523,0
328,1786358440614,75244,0,5243972,0,6824231,0
329,1786358440624,75302,0,5243807,0,6824103,0
330,1786358440634,75217,0,5243721,0,6823828,0
331,1786358440644,75299,0,5243451,0,6823394,0
332,1786358440654,75199,0,5243256,0,6823050,0
333,1786358440664,75359,0,5243253,0,6823261,0
334,1786358440674,75319,0,5243166,0,6823122,0
335,1786358440685,75376,0,5243187,0,6823017,0
336,1786358440694,75642,0,5243153,0,6822782,0
337,1786358440706,75539,0,5243006,0,6822803,0
338,1786358440715,75581,0,5243084,0,6822708,0
339,1786358440724,75753,0,5242999,0,6822794,0
340,1786358440734,75928,0,5243159,0,6822884,0
341,1786358440744,76098,0,5243116,0,6822790,0
342,1786358440754,76313,0,5243084,0,6822639,0
343,1786358440765,76478,0,5243081,0,6822801,0
344,1786358440775,76851,0,5243246,0,6822820,0
345,1786358440784,77384,0,5243288,0,6822973,0
346,1786358440794,77750,0,5243408,0,6823072,0
347,1786358440805,78154,0,5243584,0,6823377,0
348,1786358440815,78597,0,5243802,0,6823474,0
349,1786358440828,79104,0,5244013,0,6823742,0
350,1786358440834,79326,0,5243852,0,6823649,0
351,1786358440846,79852,0,5243824,0,6823630,0
352,1786358440854,80196,0,5243819,0,6823409,0
353,1786358440866,80690,0,5243844,0,6823583,0
354,1786358440874,80952,0,5243881,0,6823535,0
355,1786358440884,81499,0,5243855,0,6823382,0
356,1786358440894,81782,0,5243695,0,6823300,0
357,1786358440905,82201,0,5243689,0,6823172,0
358,1786358440914,82491,0,5243718,0,6823232,0
359,1786358440925,83198,0,5243957,0,6823460,0
360,1786358440934,83642,0,5244037,0,6823644,0
361,1786358440945,84068,0,5244140,0,6823822,0
362,1786358440954,84753,0,5244359,0,6824040,0
363,1786358440965,85353,0,5244479,0,6824124,0
364,1786358440974,85707,0,5244327,0,6824269,0
365,1786358440985,86284,0,5244355,0,6824114,0
366,1786358440994,86647,0,5244271,0,6824023,0
367,1786358441005,87014,0,5243868,0,6823965,0
368,1786358441014,87308,0,5243834,0,6823697,0
369,1786358441028,87714,0,5243629,0,6823584,0
370,1786358441035,88110,0,5243563,0,6823330,0
371,1786358441045,88637,0,5243535,0,6823205,0
372,1786358441055,89158,0,5243640,0,6823287,0
373,1786358441065,89548,0,5243683,0,6823462,0
374,1786358441074,90319,0,5243635,0,6823482,0
375,1786358441085,90706,0,5243721,0,6823750,0
376,1786358441095,91206,0,5243639,0,6823626,0
377,1786358441105,92026,0,5243772,0,6823695,0
378,1786358441115,92500,0,5243808,0,6823752,0
379,1786358441125,93191,0,5243977,0,6824024,0
380,1786358441135,94041,0,5244298,0,6824377,0
381,1786358441146,94629,0,5244433,0,6824468,0
382,1786358441155,95294,0,5244395,0,6824733,0
383,1786358441166,96056,0,5244676,0,6824846,0
384,1786358441175,96770,0,5244945,0,6825225,0
385,1786358441187,97507,0,5245079,0,6825694,0
386,1786358441195,98257,0,5245353,0,6825917,0
387,1786358441205,98789,0,5245465,0,6826188,0
388,1786358441215,99183,0,5245565,0,6826087,0
389,1786358441226,99450,0,5245907,0,6826463,0
390,1786358441243,99673,0,5246089,0,6826606,0
391,1786358441262,99551,0,5246234,0,6826855,0
392,1786358441262,99280,0,5246294,0,6826874,0
393,1786358441265,99203,0,5246312,0,6826745,0
394,1786358441275,98840,0,5246139,0,6826522,0
395,1786358441285,98251,0,5246176,0,6826428,0
396,1786358441295,97979,0,5246255,0,6826265,0
397,1786358441305,97401,0,5246274,0,6826377,0
398,1786358441315,97019,0,5246352,0,6826448,0
399,1786358441326,96695,0,5246271,0,6826349,0
400,1786358441335,96618,0,5246159,0,6826084,0
401,1786358441348,96289,0,5245896,0,6825789,0
402,1786358441355,96072,0,5245950,0,6825695,0
403,1786358441366,95798,0,5245809,0,6825544,0
404,1786358441376,95713,0,5245737,0,6825401,0
405,1786358441386,95461,0,5245727,0,6825179,0
406,1786358441395,95458,0,5245817,0,6825307,0
407,1786358441405,95275,0,5245932,0,6825453,0
408,1786358441415,95355,0,5245871,0,6825555,0
409,1786358441426,95409,0,5245831,0,6825433,0
410,1786358441436,95640,0,5246132,0,6825679,0
411,1786358441447,95767,0,5246369,0,6825960,0
412,1786358441456,96399,0,5246442,0,6826144,0
413,1786358441467,96683,0,5246438,0,6826259,0
414,1786358441476,96851,0,5246424,0,6826008,0
415,1786358441486,97234,0,5246380,0,6826011,0
416,1786358441496,97407,0,5246424,0,6826091,0
417,1786358441508,97828,0,5246467,0,6826121,0
418,1786358441517,98260,0,5246798,0,6826382,0
419,1786358441527,98550,0,5246667,0,6826330,0
420,1786358441536,98896,0,5246602,0,6826317,0
421,1786358441546,99053,0,5246732,0,6826317,0
422,1786358441556,99355,0,5246803,0,6826300,0
423,1786358441566,99775,0,5246975,0,6826478,0
424,1786358441576,99865,0,5246569,0,6826239,0
425,1786358441586,99934,0,5246370,0,6825943,0
426,1786358441596,100077,0,5246359,0,6825903,0
427,1786358441606,100122,0,5246310,0,6825786,0
428,1786358441616,100579,0,5246463,0,6825841,0
429,1786358441628,100852,0,5246365,0,6825870,0
430,1786358441636,101227,0,5246397,0,6825713,0
431,1786358441648,101337,0,5246369,0,6825656,0
432,1786358441656,101494,0,5246370,0,6825754,0
433,1786358441670,101835,0,5246488,0,6825868,0
434,1786358441676,102180,0,5246625,0,6826025,0
435,1786358441687,102425,0,5246627,0,6826103,0
436,1786358441696,102964,0,5246844,0,6826357,0
437,1786358441706,103171,0,5246897,0,6826377,0
438,1786358441717,103771,0,5246925,0,6826711,0
439,1786358441727,104220,0,5247149,0,6826931,0
440,1786358441736,104734,0,5247398,0,6827297,0
441,1786358441747,105289,0,5247609,0,6827574,0
442,1786358441756,105727,0,5247701,0,6827846,0
443,1786358441766,106541,0,5248043,0,6828254,0
444,1786358441776,107032,0,5248456,0,6828551,0
445,1786358441787,107647,0,5248725,0,6828898,0
446,1786358441797,108320,0,5248772,0,6829187,0
447,1786358441807,109095,0,5248936,0,6829269,0
448,1786358441816,109604,0,5248922,0,6829455,0
449,1786358441829,110274,0,5248856,0,6829326,0
450,1786358441838,110715,0,5248946,0,6829565,0
451,1786358441847,111216,0,5248891,0,6829459,0
452,1786358441856,111915,0,5249036,0,6829539,0
453,1786358441868,112517,0,5249023,0,6829753,0
454,1786358441877,113302,0,5249126,0,6829822,0
455,1786358441887,113843,0,5249436,0,6830268,0
456,1786358441899,114544,0,5249516,0,6830416,0
457,1786358441912,115245,0,5249875,0,6830711,0
458,1786358441917,116146,0,5250125,0,6831214,0
459,1786358441929,116547,0,5250233,0,6831438,0
460,1786358441937,117387,0,5250317,0,6831570,0
461,1786358441947,117744,0,5250343,0,6831618,0
462,1786358441957,118531,0,5250342,0,6831494,0
463,1786358441967,119023,0,5250199,0,6831655,0
464,1786358441977,119740,0,5250142,0,6831517,0
465,1786358441990,120284,0,5250303,0,6831691,0
466,1786358441997,120959,0,5250699,0,6832125,0
467,1786358442007,121680,0,5250798,0,6832485,0
468,1786358442017,122354,0,5250731,0,6832403,0
469,1786358442028,122929,0,5250731,0,6832381,0
470,1786358442037,123657,0,5250804,0,6832435,0
471,1786358442047,124293,0,5250957,0,6832610,0
472,1786358442057,124770,0,5251089,0,6832971,0
473,1786358442069,125193,0,5251164,0,6833071,0
474,1786358442077,125489,0,5251568,0,6833475,0
475,1786358442087,125783,0,5251985,0,6833935,0
476,1786358442098,125763,0,5252151,0,6834196,0
477,1786358442108,125661,0,5252270,0,6834355,0
478,1786358442117,125601,0,5252123,0,6834025,0
479,1786358442129,125268,0,5252092,0,6833803,0
480,1786358442137,124789,0,5251907,0,6833517,0
481,1786358442151,124688,0,5251730,0,6833478,0
482,1786358442157,124445,0,5251584,0,6833079,0
483,1786358442168,124093,0,5251422,0,6832710,0
484,1786358442177,123896,0,5251229,0,6832357,0
485,1786358442188,123564,0,5251097,0,6832104,0
486,1786358442197,123660,0,5251074,0,6832028,0
487,1786358442208,123550,0,5250946,0,6832043,0
488,1786358442217,123314,0,5250820,0,6831651,0
489,1786358442229,123180,0,5250655,0,6831364,0
490,1786358442237,123082,0,5250351,0,6830901,0
491,1786358442248,123070,0,5250308,0,6830837,0
492,1786358442258,122975,0,5250464,0,6830838,0
493,1786358442268,123314,0,5250586,0,6831103,0
494,1786358442279,123462,0,5250700,0,6831259,0
495,1786358442288,123856,0,5250806,0,6831410,0
496,1786358442297,124139,0,5250999,0,6831701,0
497,1786358442311,124649,0,5251291,0,6832014,0
498,1786358442318,124868,0,5251405,0,6832143,0
499,1786358442328,125334,0,5251505,0,6832373,0
500,1786358442338,125536,0,5251807,0,6832613,0
501,1786358442348,126064,0,5251948,0,6833024,0
502,1786358442358,126517,0,5252150,0,6833322,0
503,1786358442368,126744,0,5252159,0,6833377,0
504,1786358442378,126806,0,5252059,0,6833101,0
505,1786358442388,127041,0,5252064,0,6833209,0
506,1786358442399,127330,0,5252171,0,6833154,0
507,1786358442408,127360,0,5252241,0,6833220,0
508,1786358442418,127603,0,5252343,0,6833404,0
509,1786358442429,127776,0,5252419,0,6833467,0
510,1786358442438,127732,0,5252394,0,6833505,0
511,1786358442449,127993,0,5252531,0,6833555,0
512,1786358442458,128329,0,5252767,0,6833745,0
513,1786358442471,128425,0,5252746,0,6833717,0
514,1786358442478,128739,0,5252804,0,6833744,0
515,1786358442489,128941,0,5252806,0,6833760,0
516,1786358442498,129478,0,5253050,0,6834029,0
517,1786358442509,129700,0,5253145,0,6833967,0
518,1786358442518,129952,0,5252991,0,6833983,0
519,1786358442529,130227,0,5253053,0,6833967,0
520,1786358442538,130602,0,5253142,0,6834086,0
521,1786358442549,131148,0,5253379,0,6834266,0
522,1786358442558,131535,0,5253467,0,6834440,0
523,1786358442568,131993,0,5253510,0,6834398,0
524,1786358442580,132431,0,5253534,0,6834322,0
525,1786358442589,132914,0,5253506,0,6834476,0
526,1786358442598,133441,0,5253803,0,6834726,0
527,1786358442610,134196,0,5253984,0,6835160,0
528,1786358442618,134393,0,5254164,0,6835279,0
529,1786358442633,135282,0,5254272,0,6835444,0
530,1786358442638,135689,0,5254227,0,6835273,0
531,1786358442649,136157,0,5254314,0,6835379,0
532,1786358442659,136647,0,5254292,0,6835315,0
533,1786358442669,137281,0,5254362,0,6835393,0
534,1786358442679,137648,0,5254389,0,6835530,0
535,1786358442689,138111,0,5254374,0,6835550,0
536,1786358442699,138609,0,5254567,0,6835720,0
537,1786358442709,139122,0,5254682,0,6835699,0
538,1786358442719,139556,0,5254660,0,6835740,0
539,1786358442732,140200,0,5254610,0,6835804,0
540,1786358442740,140608,0,5254698,0,6835680,0
541,1786358442750,141132,0,5254730,0,6835846,0
542,1786358442759,141502,0,5254629,0,6835832,0
543,1786358442771,141960,0,5254678,0,6835712,0
544,1786358442779,142422,0,5254635,0,6835889,0
545,1786358442792,143082,0,5254966,0,6836007,0
546,1786358442799,143535,0,5254909,0,6836168,0
547,1786358442809,143884,0,5255020,0,6836235,0
548,1786358442819,144254,0,5255099,0,6836255,0
549,1786358442830,144931,0,5255377,0,6836595,0
550,1786358442839,145160,0,5255538,0,6836882,0
551,1786358442849,145406,0,5255726,0,6837007,0
552,1786358442859,145462,0,5255858,0,6837080,0
553,1786358442869,145362,0,5256018,0,6837237,0
554,1786358442879,145248,0,5256025,0,6837234,0
555,1786358442890,144743,0,5255947,0,6837018,0
556,1786358442899,144219,0,5255869,0,6836922,0
557,1786358442910,143623,0,5255923,0,6836669,0
558,1786358442919,143043,0,5255869,0,6836612,0
559,1786358442931,142691,0,5255985,0,6836773,0
560,1786358442939,142266,0,5256106,0,6836762,0
561,1786358442952,141603,0,5255940,0,6836655,0
562,1786358442959,141187,0,5255721,0,6836224,0
563,1786358442970,140838,0,5255734,0,6836089,0
564,1786358442979,140513,0,5255735,0,6836050,0
565,1786358442991,140006,0,5255578,0,6835838,0
566,1786358442999,139796,0,5255221,0,6835349,0
567,1786358443010,139226,0,5255111,0,6835027,0
568,1786358443019,138928,0,5255121,0,6834835,0
569,1786358443030,138695,0,5255072,0,6834820,0
570,1786358443039,138606,0,5255222,0,6834891,0
571,1786358443050,138577,0,5255342,0,6835113,0
572,1786358443060,138321,0,5255351,0,6835228,0
573,1786358443071,138518,0,5255172,0,6835011,0
574,1786358443079,138485,0,5255062,0,6834878,0
575,1786358443092,138482,0,5254818,0,6834644,0
576,1786358443099,138351,0,5254746,0,6834482,0
577,1786358443111,138497,0,5254734,0,6834362,0
578,1786358443119,138377,0,5254566,0,6834308,0
579,1786358443130,138576,0,5254570,0,6834115,0
580,1786358443139,138726,0,5254678,0,6834254,0
581,1786358443150,138611,0,5254765,0,6834289,0
582,1786358443159,138687,0,5254809,0,6834292,0
583,1786358443169,138514,0,5254745,0,6834182,0
584,1786358443179,138510,0,5254795,0,6834169,0
585,1786358443190,138533,0,5254706,0,6834116,0
586,1786358443199,138238,0,5254621,0,6833983,0
587,1786358443210,138168,0,5254637,0,6833816,0
588,1786358443219,137906,0,5254454,0,6833592,0
589,1786358443230,137726,0,5254365,0,6833479,0
590,1786358443239,137572,0,5254308,0,6833285,0
591,1786358443251,137466,0,5254290,0,6833129,0
592,1786358443262,137504,0,5254303,0,6833327,0
593,1786358443275,137408,0,5254339,0,6833216,0
594,1786358443279,137387,0,5254403,0,6833512,0
595,1786358443290,137282,0,5254563,0,6833471,0
596,1786358443299,137431,0,5254619,0,6833431,0
597,1786358443310,137322,0,5254089,0,6833142,0
598,1786358443319,137151,0,5253883,0,6832451,0
599,1786358443330,137260,0,5253632,0,6832073,0
600,1786358443340,136958,0,5253252,0,6831756,0
601,1786358443350,136960,0,5252926,0,6831163,0
602,1786358443360,136900,0,5252822,0,6831034,0
603,1786358443376,136950,0,5252807,0,6830777,0
604,1786358443379,137031,0,5252716,0,6830523,0
605,1786358443393,137088,0,5252652,0,6830582,0
606,1786358443401,137107,0,5252758,0,6830492,0
607,1786358443410,137398,0,5252822,0,6830544,0
608,1786358443420,137501,0,5252861,0,6830725,0
609,1786358443432,137736,0,5252879,0,6830694,0
610,1786358443440,137943,0,5252965,0,6830893,0
611,1786358443450,138085,0,5252787,0,6830641,0
612,1786358443460,138323,0,5252881,0,6830695,0
613,1786358443470,138586,0,5252829,0,6830548,0
614,1786358443480,138758,0,5252854,0,6830551,0
615,1786358443490,138980,0,5252957,0,6830761,0
616,1786358443500,139385,0,5253158,0,6830958,0
617,1786358443510,139721,0,5253168,0,6831175,0
618,1786358443520,139917,0,5253290,0,6831257,0
619,1786358443530,140361,0,5253461,0,6831525,0
620,1786358443542,140542,0,5253613,0,6831647,0
621,1786358443550,140900,0,5253713,0,6831701,0
622,1786358443561,141205,0,5253617,0,6831817,0
623,1786358443572,141469,0,5253490,0,6831636,0
624,1786358443580,141820,0,5253517,0,6831516,0
625,1786358443604,142094,0,5253464,0,6831341,0
626,1786358443604,142485,0,5253237,0,6831104,0
627,1786358443610,142601,0,5253229,0,6830929,0
628,1786358443622,142826,0,5253186,0,6830996,0
629,1786358443630,143073,0,5253215,0,6831058,0
630,1786358443640,143241,0,5253379,0,6831263,0
631,1786358443650,143269,0,5253268,0,6831092,0
632,1786358443660,143366,0,5253309,0,6831049,0
633,1786358443670,143114,0,5253270,0,6830869,0
634,1786358443681,142729,0,5253316,0,6830798,0
635,1786358443690,142101,0,5253369,0,6830670,0
636,1786358443700,141240,0,5253456,0,6830806,0
637,1786358443710,140419,0,5253460,0,6830499,0
638,1786358443720,139272,0,5253192,0,6830301,0
639,1786358443731,137875,0,5253150,0,6829816,0
640,1786358443740,136623,0,5253010,0,6829649,0
641,1786358443752,135535,0,5252887,0,6829443,0
642,1786358443761,134237,0,5252730,0,6829020,0
643,1786358443770,133012,0,5252723,0,6828945,0
644,1786358443780,131960,0,5252562,0,6828582,0
645,1786358443791,130710,0,5252431,0,6828369,0
646,1786358443801,129692,0,5252433,0,6828020,0
647,1786358443810,128678,0,5252151,0,6827818,0
648,1786358443820,127593,0,5251895,0,6827456,0
649,1786358443831,126592,0,5251777,0,6826996,0
650,1786358443841,125665,0,5251808,0,6826859,0
651,1786358443851,124789,0,5251719,0,6826745,0
652,1786358443860,123978,0,5251811,0,6826698,0
653,1786358443871,123207,0,5251748,0,6826624,0
654,1786358443880,122542,0,5251761,0,6826654,0
655,1786358443891,122036,0,5251876,0,6826606,0
656,1786358443900,121581,0,5251822,0,6826434,0
657,1786358443914,121082,0,5251674,0,6826348,0
658,1786358443921,120484,0,5251567,0,6826112,0
659,1786358443931,119952,0,5251461,0,6825841,0
660,1786358443941,119614,0,5251374,0,6825929,0
661,1786358443951,119069,0,5251264,0,6825696,0
662,1786358443961,118609,0,5251263,0,6825557,0
663,1786358443971,118035,0,5251209,0,6825168,0
664,1786358443981,117412,0,5251140,0,6825188,0
665,1786358443991,117030,0,5251133,0,6825153,0
666,1786358444001,116472,0,5251145,0,6825054,0
667,1786358444011,115847,0,5251035,0,6824875,0
668,1786358444021,115239,0,5250920,0,6824661,0
669,1786358444031,114520,0,5250883,0,6824395,0
670,1786358444041,114066,0,5250862,0,6824343,0
671,1786358444052,113536,0,5250964,0,6824365,0
672,1786358444062,113010,0,5250906,0,6824431,0
673,1786358444073,112512,0,5250847,0,6824331,0
674,1786358444081,111772,0,5250558,0,6823934,0
675,1786358444091,111443,0,5250342,0,6823521,0
676,1786358444101,110741,0,5250216,0,6823079,0
677,1786358444112,110236,0,5250052,0,6823014,0
678,1786358444121,109832,0,5250007,0,6822696,0
679,1786358444132,109348,0,5250015,0,6822588,0
680,1786358444141,109052,0,5249900,0,6822470,0
681,1786358444152,108517,0,5249782,0,6822325,0
682,1786358444161,108390,0,5249769,0,6822434,0
683,1786358444171,108165,0,5249892,0,6822322,0
684,1786358444181,107999,0,5249810,0,6822397,0
685,1786358444191,107774,0,5249740,0,6822154,0
686,1786358444201,107490,0,5249685,0,6822152,0
687,1786358444212,107466,0,5249635,0,6822093,0
688,1786358444221,107338,0,5249828,0,6821926,0
689,1786358444236,107469,0,5249849,0,6822273,0
690,1786358444256,107307,0,5249823,0,6822244,0
691,1786358444256,107346,0,5249841,0,6822198,0
692,1786358444261,107355,0,5249878,0,6822320,0
693,1786358444276,107397,0,5249853,0,6822015,0
694,1786358444281,107352,0,5249935,0,6822006,0
695,1786358444292,107310,0,5249927,0,6822150,0
696,1786358444301,107452,0,5249893,0,6822182,0
697,1786358444312,107444,0,5250024,0,6822415,0
698,1786358444321,107537,0,5250177,0,6822339,0
699,1786358444332,107546,0,5249931,0,6822346,0
700,1786358444341,107522,0,5250039,0,6822460,0
701,1786358444352,107622,0,5250148,0,6822432,0
702,1786358444362,107714,0,5250107,0,6822347,0
703,1786358444372,107793,0,5250157,0,6822640,0
704,1786358444381,107899,0,5250229,0,6822726,0
705,1786358444395,108036,0,5250276,0,6822714,0
706,1786358444402,108041,0,5250289,0,6822859,0
707,1786358444412,108302,0,5250374,0,6822753,0
708,1786358444421,108403,0,5250424,0,6822824,0
709,1786358444432,108485,0,5250385,0,6822760,0
710,1786358444442,108618,0,5250250,0,6822666,0
711,1786358444452,108916,0,5250333,0,6822584,0
712,1786358444462,108942,0,5250332,0,6822596,0
713,1786358444472,109251,0,5250345,0,6822853,0
714,1786358444482,109523,0,5250491,0,6822895,0
715,1786358444492,109533,0,5250641,0,6822979,0
716,1786358444502,109989,0,5250807,0,6823234,0
717,1786358444512,109962,0,5250730,0,6823315,0
718,1786358444522,109867,0,5250915,0,6823179,0
719,1786358444533,109410,0,5251120,0,6823518,0
720,1786358444542,108713,0,5251151,0,6823631,0
721,1786358444555,107898,0,5251376,0,6823656,0
722,1786358444562,106873,0,5251241,0,6823442,0
723,1786358444572,105540,0,5251162,0,6823111,0
724,1786358444582,104273,0,5251110,0,6822916,0
725,1786358444593,102832,0,5250874,0,6822666,0
726,1786358444602,101341,0,5250831,0,6822301,0
727,1786358444612,99847,0,5250646,0,6821961,0
728,1786358444622,98368,0,5250509,0,6821687,0
729,1786358444633,96969,0,5250317,0,6821307,0
730,1786358444642,95686,0,5250359,0,6821186,0
731,1786358444653,94289,0,5250206,0,6820766,0
732,1786358444662,93058,0,5249787,0,6820333,0
733,1786358444672,91944,0,5249674,0,6819779,0
734,1786358444682,90599,0,5249517,0,6819512,0
735,1786358444693,89630,0,5249328,0,6819292,0
736,1786358444702,88606,0,5249125,0,6818935,0
737,1786358444714,87563,0,5249086,0,6818760,0
738,1786358444722,86784,0,5249046,0,6818496,0
739,1786358444733,85830,0,5248942,0,6818318,0
740,1786358444742,85441,0,5248682,0,6817990,0
741,1786358444753,84587,0,5248661,0,6817795,0
742,1786358444762,83885,0,5248544,0,6817515,0
743,1786358444772,83398,0,5248614,0,6817487,0
744,1786358444782,82898,0,5248357,0,6817399,0
745,1786358444793,82395,0,5248266,0,6817044,0
746,1786358444802,81928,0,5248129,0,6816766,0
747,1786358444812,81425,0,5248060,0,6816681,0
748,1786358444822,80861,0,5247849,0,6816212,0
749,1786358444834,80286,0,5247655,0,6815904,0
750,1786358444842,79533,0,5247603,0,6815748,0
751,1786358444853,79279,0,5247423,0,6815618,0
752,1786358444862,78463,0,5247356,0,6815419,0
753,1786358444876,77878,0,5247511,0,6815485,0
754,1786358444886,77390,0,5247536,0,6815698,0
755,1786358444893,77000,0,5247544,0,6815626,0
756,1786358444903,76549,0,5247535,0,6815503,0
757,1786358444913,75824,0,5247423,0,6815294,0
758,1786358444924,75428,0,5247335,0,6815204,0
759,1786358444933,74853,0,5247289,0,6815011,0
760,1786358444942,74527,0,5247172,0,6815012,0
761,1786358444953,73974,0,5247120,0,6814614,0
762,1786358444962,73719,0,5247124,0,6814721,0
763,1786358444973,73320,0,5247003,0,6814645,0
764,1786358444983,73113,0,5247077,0,6814688,0
765,1786358444993,72760,0,5247020,0,6814526,0
766,1786358445003,72476,0,5246965,0,6814320,0
767,1786358445014,72275,0,5246790,0,6814375,0
768,1786358445023,72108,0,5246676,0,6813997,0
769,1786358445036,72048,0,5246613,0,6813944,0
770,1786358445043,71911,0,5246480,0,6813731,0
771,1786358445053,71764,0,5246608,0,6813770,0
772,1786358445063,71777,0,5246515,0,6813837,0
773,1786358445073,71838,0,5246507,0,6813803,0
774,1786358445083,71753,0,5246443,0,6813705,0
775,1786358445093,71715,0,5246337,0,6813497,0
776,1786358445103,71574,0,5246263,0,6813314,0
777,1786358445115,71553,0,5246205,0,6813189,0
778,1786358445123,71655,0,5246208,0,6813157,0
779,1786358445134,71674,0,5246022,0,6813222,0
780,1786358445143,71863,0,5246170,0,6813226,0
781,1786358445153,72051,0,5246347,0,6813477,0
782,1786358445163,72122,0,5246293,0,6813697,0
783,1786358445174,72451,0,5246338,0,6813758,0
784,1786358445183,72374,0,5246161,0,6813549,0
785,1786358445196,72535,0,5246168,0,6813589,0
786,1786358445203,72821,0,5246067,0,6813423,0
787,1786358445213,72987,0,5246061,0,6813319,0
788,1786358445223,72888,0,5245934,0,6813178,0
789,1786358445234,72949,0,5245965,0,6813171,0
790,1786358445243,73110,0,5245953,0,6813228,0
791,1786358445255,73322,0,5246026,0,6813521,0
792,1786358445263,73638,0,5246241,0,6813864,0
793,1786358445273,73728,0,5246272,0,6813863,0
794,1786358445283,73990,0,5246346,0,6814081,0
795,1786358445293,74325,0,5246568,0,6814252,0
796,1786358445303,74785,0,5246621,0,6814659,0
797,1786358445314,75124,0,5246595,0,6814612,0
798,1786358445323,75346,0,5246420,0,6814499,0
799,1786358445335,75594,0,5246298,0,6814441,0
800,1786358445343,75851,0,5246221,0,6814260,0
801,1786358445355,76118,0,5246176,0,6814381,0
802,1786358445363,76369,0,5246346,0,6814379,0
803,1786358445374,76728,0,5246548,0,6814729,0
804,1786358445383,77290,0,5246721,0,6815073,0
805,1786358445394,77772,0,5246967,0,6815508,0
806,1786358445403,78327,0,5247225,0,6815967,0
807,1786358445414,78614,0,5247484,0,6816351,0
808,1786358445424,78842,0,5247411,0,6816515,0
809,1786358445434,78969,0,5247464,0,6816390,0
810,1786358445444,78481,0,5247493,0,6816354,0
811,1786358445454,77717,0,5247492,0,6816330,0
812,1786358445464,76892,0,5247600,0,6816357,0
813,1786358445474,76059,0,5247758,0,6816600,0
814,1786358445484,75149,0,5247751,0,6816468,0
815,1786358445494,74104,0,5247804,0,6816595,0
816,1786358445504,72828,0,5247659,0,6816447,0
817,1786358445517,71703,0,5247579,0,6816385,0
818,1786358445524,70522,0,5247457,0,6816186,0
819,1786358445535,69660,0,5247287,0,6816089,0
820,1786358445544,68718,0,5247097,0,6815920,0
821,1786358445554,67738,0,5246868,0,6815663,0
822,1786358445564,67099,0,5246604,0,6815256,0
823,1786358445575,66118,0,5246274,0,6815055,0
824,1786358445584,65384,0,5246217,0,6814575,0
825,1786358445594,65093,0,5245890,0,6814407,0
826,1786358445604,64660,0,5245810,0,6814262,0
827,1786358445614,64130,0,5245478,0,6813982,0
828,1786358445624,63866,0,5245205,0,6813721,0
829,1786358445635,63767,0,5245123,0,6813579,0
830,1786358445644,63550,0,5244882,0,6813300,0
831,1786358445655,63554,0,5244701,0,6813278,0
832,1786358445664,63696,0,5244618,0,6813079,0
833,1786358445676,63610,0,5244725,0,6813146,0
834,1786358445684,63800,0,5244731,0,6813465,0
835,1786358445694,63856,0,5244874,0,6813673,0
836,1786358445704,64218,0,5244906,0,6813840,0
837,1786358445715,64199,0,5244986,0,6814096,0
838,1786358445725,64362,0,5244983,0,6814272,0
839,1786358445736,64397,0,5245105,0,6814317,0
840,1786358445744,64378,0,5245114,0,6814569,0
841,1786358445755,64296,0,5245250,0,6814541,0
842,1786358445764,64183,0,5245144,0,6814489,0
843,1786358445774,64164,0,5245219,0,6814416,0
844,1786358445785,64028,0,5245267,0,6814827,0
845,1786358445795,63918,0,5245405,0,6815172,0
846,1786358445804,63945,0,5245389,0,6815087,0
847,1786358445816,63957,0,5245615,0,6815197,0
848,1786358445824,63716,0,5245585,0,6815320,0
849,1786358445838,63765,0,5245595,0,6815387,0
850,1786358445844,63909,0,5245710,0,6815620,0
851,1786358445855,63827,0,5245791,0,6815836,0
852,1786358445865,64067,0,5245714,0,6815865,0
853,1786358445875,64179,0,5245819,0,6815856,0
854,1786358445884,64478,0,5245838,0,6816119,0
855,1786358445895,64679,0,5245717,0,6816107,0
856,1786358445905,64935,0,5245681,0,6816024,0
857,1786358445915,65191,0,5245387,0,6815852,0
858,1786358445925,65571,0,5245272,0,6815772,0
859,1786358445935,65884,0,5245212,0,6815569,0
860,1786358445945,66169,0,5245394,0,6815636,0
861,1786358445956,66584,0,5245428,0,6815800,0
862,1786358445967,66928,0,5245503,0,6815901,0
863,1786358445976,67390,0,5245468,0,6815958,0
864,1786358445985,67764,0,5245494,0,6816054,0
865,1786358445998,68314,0,5245552,0,6816099,0
866,1786358446005,68597,0,5245593,0,6816220,0
867,1786358446015,69131,0,5245694,0,6816314,0
868,1786358446025,69763,0,5245802,0,6816755,0
869,1786358446036,70121,0,5245851,0,6816806,0
870,1786358446045,70676,0,5246109,0,6817141,0
871,1786358446055,71129,0,5246170,0,6817652,0
872,1786358446065,71610,0,5246407,0,6817786,0
873,1786358446076,72084,0,5246450,0,6818106,0
874,1786358446085,72682,0,5246746,0,6818566,0
875,1786358446095,73254,0,5246799,0,6818782,0
876,1786358446105,73669,0,5246694,0,6818802,0
877,1786358446116,74282,0,5246826,0,6818883,0
878,1786358446125,74840,0,5246978,0,6819122,0
879,1786358446137,75506,0,5246951,0,6819483,0
880,1786358446145,75906,0,5247056,0,6819627,0
881,1786358446158,76476,0,5247203,0,6819870,0
882,1786358446165,77129,0,5247339,0,6820093,0
883,1786358446175,77631,0,5247505,0,6820401,0
884,1786358446185,78196,0,5247606,0,6820701,0
885,1786358446197,78822,0,5247936,0,6821038,0
886,1786358446206,79461,0,5248215,0,6821695,0
887,1786358446216,80030,0,5248658,0,6822399,0
888,1786358446225,80298,0,5248509,0,6822486,0
889,1786358446236,80500,0,5248133,0,6821911,0
890,1786358446245,80556,0,5248360,0,6822011,0
891,1786358446256,80412,0,5248677,0,6822336,0
892,1786358446266,80173,0,5248960,0,6822890,0
893,1786358446276,79753,0,5248993,0,6822971,0
894,1786358446285,79111,0,5248949,0,6822843,0
895,1786358446298,78363,0,5248935,0,6822597,0
896,1786358446305,77845,0,5249068,0,6822669,0
897,1786358446318,77138,0,5249191,0,6822770,0
898,1786358446325,76611,0,5249257,0,6823040,0
899,1786358446336,75943,0,5249130,0,6822810,0
900,1786358446346,75544,0,5248918,0,6822594,0
901,1786358446356,75006,0,5248870,0,6822399,0
902,1786358446366,74683,0,5248654,0,6822250,0
903,1786358446376,74191,0,5248678,0,6822201,0
904,1786358446385,73916,0,5248739,0,6822277,0
905,1786358446399,73898,0,5248715,0,6822225,0
906,1786358446406,73801,0,5248514,0,6822110,0
907,1786358446418,73865,0,5248549,0,6821963,0
908,1786358446426,74083,0,5248461,0,6822119,0
909,1786358446437,74282,0,5248546,0,6822020,0
910,1786358446446,74524,0,5248459,0,6822319,0
911,1786358446456,74957,0,5248515,0,6822373,0
912,1786358446466,75384,0,5248545,0,6822628,0
913,1786358446479,75699,0,5248545,0,6822790,0
914,1786358446486,76217,0,5248704,0,6823167,0
915,1786358446496,76676,0,5248775,0,6823195,0
916,1786358446506,77095,0,5248846,0,6823416,0
917,1786358446516,77271,0,5249017,0,6823584,0
918,1786358446526,77847,0,5249111,0,6823873,0
919,1786358446536,78247,0,5249291,0,6823975,0
920,1786358446546,78440,0,5249222,0,6824136,0
921,1786358446557,78734,0,5249211,0,6824169,0
922,1786358446566,78903,0,5249221,0,6824225,0
923,1786358446576,79123,0,5249216,0,6824172,0
924,1786358446586,79397,0,5249151,0,6824280,0
925,1786358446598,79623,0,5249381,0,6824543,0
926,1786358446606,79793,0,5249432,0,6824484,0
927,1786358446618,79958,0,5249564,0,6824742,0
928,1786358446626,80137,0,5249514,0,6824810,0
929,1786358446639,80379,0,5249652,0,6824912,0
930,1786358446646,80728,0,5249576,0,6825032,0
931,1786358446657,80916,0,5249699,0,6825098,0
932,1786358446666,81308,0,5249501,0,6824927,0
933,1786358446677,81584,0,5249414,0,6824954,0
934,1786358446686,82069,0,5249532,0,6824956,0
935,1786358446697,82671,0,5249434,0,6824962,0
936,1786358446706,82947,0,5249512,0,6825136,0
937,1786358446717,83375,0,5249349,0,6824977,0
938,1786358446727,83874,0,5249273,0,6824898,0
939,1786358446737,84443,0,5249190,0,6824713,0
940,1786358446747,84610,0,5249313,0,6824869,0
941,1786358446757,85375,0,5249462,0,6825084,0
942,1786358446767,85983,0,5249454,0,6825346,0
943,1786358446777,86548,0,5249575,0,6825542,0
944,1786358446787,87081,0,5249761,0,6825939,0
945,1786358446801,87795,0,5249937,0,6826240,0
946,1786358446807,88381,0,5249972,0,6826270,0
947,1786358446817,89000,0,5249847,0,6826228,0
948,1786358446827,89576,0,5249793,0,6826275,0
949,1786358446837,89996,0,5249685,0,6826231,0
950,1786358446847,90647,0,5249832,0,6826443,0
951,1786358446857,91391,0,5249896,0,6826514,0
952,1786358446867,91974,0,5249991,0,6826892,0
953,1786358446877,92754,0,5250191,0,6827079,0
954,1786358446887,93388,0,5250287,0,6827277,0
955,1786358446897,94137,0,5250421,0,6827683,0
956,1786358446907,94818,0,5250595,0,6827966,0
957,1786358446917,95605,0,5250708,0,6828124,0
958,1786358446928,96428,0,5250784,0,6828561,0
959,1786358446939,97292,0,5250904,0,6828603,0
960,1786358446947,97744,0,5250893,0,6828659,0
961,1786358446960,98273,0,5251010,0,6828724,0
962,1786358446967,98538,0,5251110,0,6828828,0
963,1786358446978,98552,0,5251209,0,6828968,0
964,1786358446988,98541,0,5251389,0,6829303,0
965,1786358446997,98170,0,5251478,0,6829397,0
966,1786358447007,97641,0,5251528,0,6829384,0
967,1786358447017,97308,0,5251480,0,6829197,0
968,1786358447028,96520,0,5251419,0,6829160,0
969,1786358447039,95930,0,5251435,0,6829048,0
970,1786358447047,95072,0,5251475,0,6828953,0
971,1786358447058,94530,0,5251498,0,6828865,0
972,1786358447067,93903,0,5251371,0,6828722,0
973,1786358447078,93267,0,5251085,0,6828576,0
974,1786358447087,92896,0,5250983,0,6828252,0
975,1786358447099,92497,0,5250936,0,6828010,0
976,1786358447107,92065,0,5250656,0,6827679,0
977,1786358447122,91950,0,5250257,0,6827082,0
978,1786358447128,91576,0,5250287,0,6826922,0
979,1786358447138,91425,0,5250231,0,6826842,0
980,1786358447147,91416,0,5250141,0,6826833,0
981,1786358447158,91401,0,5249940,0,6826585,0
982,1786358447168,91316,0,5249816,0,6826565,0
983,1786358447182,91313,0,5250013,0,6826655,0
984,1786358447188,91568,0,5249811,0,6826528,0
985,1786358447198,91773,0,5249808,0,6826483,0
986,1786358447208,92109,0,5249738,0,6826585,0
987,1786358447218,92351,0,5249931,0,6826582,0
988,1786358447228,92848,0,5249827,0,6826742,0
989,1786358447238,93068,0,5249833,0,6826866,0
990,1786358447256,93220,0,5249864,0,6826886,0
991,1786358447259,93642,0,5249886,0,6826954,0
992,1786358447268,93701,0,5250039,0,6827171,0
993,1786358447280,94207,0,5250085,0,6827318,0
994,1786358447288,94201,0,5250137,0,6827483,0
995,1786358447298,94656,0,5250349,0,6827583,0
996,1786358447308,94841,0,5250187,0,6827379,0
997,1786358447318,94955,0,5250047,0,6827475,0
998,1786358447328,95174,0,5250155,0,6827505,0
999,1786358447339,95269,0,5250262,0,6827629,0
1000,1786358447348,95471,0,5250251,0,6827971,0
1001,1786358447358,95830,0,5250265,0,6828047,0
1002,1786358447368,95884,0,5250313,0,6828033,0
1003,1786358447378,96240,0,5250273,0,6828041,0
1004,1786358447388,96565,0,5250429,0,6828404,0
1005,1786358447399,96733,0,5250474,0,6828311,0
1006,1786358447408,97013,0,5250526,0,6828368,0
1007,1786358447421,97505,0,5250508,0,6828514,0
1008,1786358447428,97739,0,5250773,0,6828588,0
1009,1786358447442,98311,0,5250786,0,6828736,0
1010,1786358447448,98649,0,5250776,0,6828803,0
1011,1786358447459,99064,0,5250583,0,6828537,0
1012,1786358447468,99539,0,5250654,0,6828648,0
1013,1786358447479,100135,0,5250950,0,6829056,0
1014,1786358447488,100745,0,5250988,0,6829398,0
1015,1786358447499,101183,0,5250959,0,6829266,0
1016,1786358447508,101685,0,5251129,0,6829466,0
1017,1786358447519,102433,0,5251073,0,6829708,0
1018,1786358447528,102946,0,5251044,0,6829532,0
1019,1786358447540,103563,0,5250807,0,6829491,0
1020,1786358447548,104118,0,5250964,0,6829587,0
1021,1786358447559,104746,0,5250794,0,6829396,0
1022,1786358447568,105345,0,5250696,0,6829373,0
1023,1786358447580,105692,0,5250690,0,6829343,0
1024,1786358447589,106357,0,5250583,0,6829270,0
1025,1786358447601,106957,0,5250474,0,6829011,0
1026,1786358447609,107375,0,5250339,0,6829056,0
1027,1786358447619,107887,0,5250537,0,6829019,0
1028,1786358447629,108760,0,5250660,0,6829168,0
1029,1786358447640,109283,0,5250715,0,6829332,0
1030,1786358447649,109936,0,5250772,0,6829452,0
1031,1786358447659,110465,0,5250845,0,6829648,0
1032,1786358447669,111045,0,5250806,0,6829526,0
1033,1786358447680,111534,0,5250722,0,6829701,0
1034,1786358447689,112012,0,5250844,0,6829736,0
1035,1786358447700,112366,0,5251019,0,6829816,0
1036,1786358447709,112512,0,5250982,0,6829982,0
1037,1786358447720,112412,0,5251020,0,6829845,0
1038,1786358447729,112184,0,5251097,0,6829997,0
1039,1786358447740,111887,0,5251101,0,6830088,0
1040,1786358447749,111113,0,5251148,0,6829984,0
1041,1786358447752,110702,0,5251135,0,6829717,0
1042,1786358447759,109912,0,5251189,0,6829739,0
1043,1786358447770,109126,0,5251110,0,6829389,0
1044,1786358447780,108436,0,5250887,0,6829323,0
1045,1786358447790,107601,0,5250791,0,6828981,0
1046,1786358447799,106984,0,5250701,0,6828767,0
1047,1786358447810,106328,0,5250604,0,6828468,0
1048,1786358447819,105674,0,5250410,0,6828275,0
1049,1786358447831,105117,0,5250221,0,6827821,0
1050,1786358447839,104626,0,5249847,0,6827439,0
1051,1786358447850,104328,0,5249833,0,6827236,0
1052,1786358447860,103888,0,5249567,0,6826855,0
1053,1786358447870,103372,0,5249475,0,6826698,0
1054,1786358447880,103166,0,5249434,0,6826614,0
1055,1786358447890,102854,0,5249338,0,6826447,0
1056,1786358447900,102689,0,5249253,0,6826323,0
1057,1786358447912,102831,0,5249149,0,6826210,0
1058,1786358447920,102847,0,5249215,0,6826322,0
1059,1786358447930,102938,0,5249193,0,6826597,0
1060,1786358447940,103080,0,5249129,0,6826405,0
1061,1786358447950,103203,0,5249018,0,6826167,0
1062,1786358447960,103147,0,5248983,0,6826119,0
1063,1786358447970,103634,0,5248979,0,6826253,0
1064,1786358447980,103660,0,5248944,0,6826324,0
1065,1786358447990,103828,0,5248874,0,6826066,0
1066,1786358448000,103934,0,5248862,0,6826091,0
1067,1786358448010,104173,0,5248702,0,6826061,0
1068,1786358448020,104100,0,5248797,0,6826023,0
1069,1786358448031,104077,0,5248618,0,6825859,0
1070,1786358448040,104168,0,5248579,0,6825828,0
1071,1786358448051,104122,0,5248389,0,6825785,0
1072,1786358448060,104184,0,5248330,0,6825641,0
1073,1786358448073,104229,0,5248325,0,6825551,0
1074,1786358448080,104235,0,5248328,0,6825459,0
1075,1786358448091,104395,0,5248238,0,6825364,0
1076,1786358448100,104449,0,5248179,0,6825352,0
1077,1786358448111,104532,0,5247886,0,6825135,0
1078,1786358448120,104679,0,5247775,0,6824838,0
1079,1786358448131,104663,0,5247688,0,6824637,0
1080,1786358448140,104788,0,5247549,0,6824682,0
1081,1786358448151,104873,0,5247547,0,6824526,0
1082,1786358448160,105150,0,5247487,0,6824528,0
1083,1786358448170,105284,0,5247609,0,6824425,0
1084,1786358448180,105722,0,5247402,0,6824559,0
1085,1786358448191,105927,0,5247274,0,6824311,0
1086,1786358448200,106430,0,5247375,0,6824608,0
1087,1786358448211,106690,0,5247480,0,6824461,0
1088,1786358448220,106994,0,5247444,0,6824499,0
1089,1786358448233,107387,0,5247320,0,6824456,0
1090,1786358448245,107686,0,5247196,0,6824483,0
1091,1786358448250,108194,0,5247099,0,6824297,0
1092,1786358448260,108556,0,5246966,0,6823952,0
1093,1786358448271,108830,0,5246846,0,6823723,0
1094,1786358448280,109184,0,5246891,0,6823917,0
1095,1786358448291,109571,0,5246888,0,6823714,0
1096,1786358448300,110031,0,5246797,0,6823893,0
1097,1786358448311,110417,0,5246953,0,6823866,0
1098,1786358448321,110922,0,5246750,0,6823909,0
1099,1786358448331,111199,0,5246607,0,6823752,0
1100,1786358448340,111669,0,5246536,0,6823378,0
1101,1786358448352,111979,0,5246216,0,6823248,0
1102,1786358448361,112346,0,5246111,0,6823119,0
1103,1786358448372,112825,0,5246131,0,6823065,0
1104,1786358448380,113139,0,5245956,0,6823053,0
1105,1786358448394,113511,0,5245734,0,6822715,0
1106,1786358448401,113778,0,5245593,0,6822302,0
1107,1786358448411,114241,0,5245516,0,6822244,0
1108,1786358448421,114623,0,5245662,0,6822473,0
1109,1786358448432,114950,0,5245812,0,6822588,0
1110,1786358448441,115507,0,5245971,0,6822779,0
1111,1786358448451,115560,0,5246032,0,6823014,0
1112,1786358448461,115893,0,5246138,0,6823142,0
1113,1786358448471,115665,0,5246201,0,6823215,0
1114,1786358448481,115481,0,5246338,0,6823384,0
1115,1786358448491,115032,0,5246280,0,6823294,0
1116,1786358448501,114594,0,5246155,0,6823277,0
1117,1786358448511,113831,0,5246086,0,6823097,0
1118,1786358448521,113109,0,5245985,0,6822653,0
1119,1786358448533,112281,0,5245704,0,6822285,0
1120,1786358448541,111405,0,5245700,0,6822206,0
1121,1786358448553,110644,0,5245573,0,6822055,0
1122,1786358448561,109971,0,5245581,0,6821841,0
1123,1786358448571,109345,0,5245447,0,6821650,0
1124,1786358448581,108697,0,5245502,0,6821442,0
1125,1786358448592,108233,0,5245297,0,6821343,0
1126,1786358448602,107725,0,5245105,0,6821040,0
1127,1786358448612,107362,0,5244881,0,6820785,0
1128,1786358448621,106790,0,5244771,0,6820478,0
1129,1786358448632,106636,0,5244742,0,6820294,0
1130,1786358448641,106110,0,5244553,0,6820122,0
1131,1786358448652,105982,0,5244469,0,6819915,0
1132,1786358448661,105637,0,5244219,0,6819721,0
1133,1786358448672,105541,0,5243960,0,6819443,0
1134,1786358448681,105411,0,5243725,0,6818972,0
1135,1786358448692,105361,0,5243439,0,6818776,0
1136,1786358448701,105188,0,5243263,0,6818400,0
1137,1786358448714,105257,0,5243282,0,6818268,0
1138,1786358448721,105052,0,5242982,0,6817989,0
1139,1786358448732,104998,0,5242844,0,6817843,0
1140,1786358448742,104964,0,5242738,0,6817978,0
1141,1786358448752,105088,0,5242845,0,6817951,0
1142,1786358448761,105120,0,5242853,0,6817823,0
1143,1786358448772,105043,0,5242796,0,6817772,0
1144,1786358448784,105162,0,5242673,0,6817716,0
1145,1786358448794,104912,0,5242710,0,6817563,0
1146,1786358448802,104878,0,5242573,0,6817553,0
1147,1786358448812,104801,0,5242619,0,6817678,0
1148,1786358448821,104941,0,5242632,0,6817803,0
1149,1786358448832,104927,0,5242524,0,6817711,0
1150,1786358448842,104853,0,5242180,0,6817345,0
1151,1786358448852,104814,0,5242023,0,6817031,0
1152,1786358448862,104803,0,5241717,0,6816691,0
1153,1786358448874,104712,0,5241577,0,6816513,0
1154,1786358448882,104686,0,5241570,0,6816251,0
1155,1786358448892,104754,0,5241406,0,6816086,0
1156,1786358448902,104814,0,5241250,0,6815859,0
1157,1786358448913,104698,0,5241179,0,6815962,0
1158,1786358448922,104905,0,5241125,0,6815674,0
1159,1786358448932,105031,0,5240838,0,6815621,0
1160,1786358448942,105058,0,5240702,0,6815365,0
1161,1786358448952,105224,0,5240606,0,6815168,0
1162,1786358448962,105364,0,5240574,0,6815072,0
1163,1786358448972,105625,0,5240422,0,6815051,0
1164,1786358448982,105896,0,5240408,0,6815017,0
1165,1786358448995,106285,0,5240488,0,6814970,0
1166,1786358449002,106412,0,5240399,0,6814922,0
1167,1786358449013,106703,0,5240328,0,6814905,0
1168,1786358449022,106972,0,5240251,0,6814857,0
1169,1786358449035,107167,0,5240114,0,6814717,0
1170,1786358449042,107485,0,5239971,0,6814434,0
1171,1786358449052,107676,0,5239880,0,6814453,0
1172,1786358449062,108072,0,5239754,0,6814348,0
1173,1786358449073,108421,0,5239682,0,6814180,0
1174,1786358449083,108543,0,5239635,0,6814159,0
1175,1786358449094,109061,0,5239587,0,6814263,0
1176,1786358449103,109329,0,5239601,0,6814180,0
1177,1786358449113,109818,0,5239654,0,6814312,0
1178,1786358449122,109962,0,5239588,0,6814219,0
1179,1786358449135,110495,0,5239513,0,6814261,0
1180,1786358449142,110730,0,5239419,0,6814290,0
1181,1786358449153,110986,0,5239248,0,6814140,0
1182,1786358449162,111406,0,5239279,0,6814078,0
1183,1786358449173,111674,0,5239337,0,6814197,0
1184,1786358449183,112236,0,5239423,0,6814376,0
1185,1786358449195,112625,0,5239470,0,6814565,0
1186,1786358449203,113100,0,5239656,0,6814896,0
1187,1786358449213,113703,0,5239839,0,6815153,0
1188,1786358449225,114110,0,5239931,0,6815330,0
1189,1786358449233,114795,0,5240116,0,6815736,0
1190,1786358449243,115300,0,5240068,0,6815656,0
1191,1786358449253,115978,0,5239982,0,6815512,0
1192,1786358449263,116401,0,5239930,0,6815572,0
1193,1786358449275,116867,0,5240046,0,6815705,0
1194,1786358449282,117294,0,5239890,0,6815852,0
1195,1786358449293,117761,0,5240055,0,6815993,0
1196,1786358449302,118310,0,5240191,0,6816084,0
1197,1786358449313,118615,0,5240224,0,6816059,0
1198,1786358449323,118880,0,5240212,0,6816116,0
1199,1786358449334,118948,0,5240250,0,6816169,0
1200,1786358449343,118955,0,5240349,0,6816394,0
1201,1786358449355,118559,0,5240371,0,6816338,0
1202,1786358449363,118199,0,5240314,0,6816337,0
1203,1786358449373,117664,0,5240273,0,6815956,0
1204,1786358449383,117091,0,5240333,0,6816063,0
1205,1786358449393,116341,0,5240358,0,6816032,0
1206,1786358449403,115761,0,5240359,0,6816104,0
1207,1786358449413,115228,0,5240447,0,6815980,0
1208,1786358449423,114956,0,5240429,0,6816256,0
1209,1786358449434,114452,0,5240474,0,6816221,0
1210,1786358449443,114074,0,5240354,0,6816020,0
1211,1786358449453,113571,0,5240126,0,6815692,0
1212,1786358449463,113187,0,5239896,0,6815281,0
1213,1786358449473,112991,0,5239867,0,6815212,0
1214,1786358449483,112666,0,5239756,0,6815175,0
1215,1786358449494,112349,0,5239678,0,6815142,0
1216,1786358449503,112326,0,5239545,0,6814954,0
1217,1786358449516,112053,0,5239422,0,6814988,0
1218,1786358449523,112053,0,5239533,0,6815097,0
1219,1786358449533,112089,0,5239493,0,6815003,0
1220,1786358449543,112238,0,5239594,0,6815103,0
1221,1786358449555,112249,0,5239599,0,6815179,0
1222,1786358449563,112646,0,5239474,0,6815285,0
1223,1786358449574,112806,0,5239539,0,6815418,0
1224,1786358449583,112915,0,5239618,0,6815319,0
1225,1786358449594,113184,0,5239646,0,6815550,0
1226,1786358449603,113494,0,5239737,0,6815811,0
1227,1786358449614,113753,0,5239845,0,6815919,0
1228,1786358449623,114126,0,5239959,0,6816136,0
1229,1786358449634,114293,0,5240082,0,6816276,0
1230,1786358449643,114595,0,5239940,0,6816309,0
1231,1786358449655,114626,0,5239941,0,6816152,0
1232,1786358449663,114837,0,5239792,0,6816153,0
1233,1786358449677,115100,0,5239827,0,6816241,0
1234,1786358449683,115323,0,5239891,0,6816309,0
1235,1786358449695,115377,0,5239987,0,6816702,0
1236,1786358449703,115713,0,5240181,0,6816644,0
1237,1786358449714,115905,0,5240207,0,6816900,0
1238,1786358449723,116277,0,5240369,0,6817179,0
1239,1786358449734,116383,0,5240311,0,6817179,0
1240,1786358449744,116420,0,5240335,0,6817265,0
1241,1786358449754,116851,0,5240342,0,6817391,0
1242,1786358449763,117190,0,5240435,0,6817554,0
1243,1786358449774,117551,0,5240407,0,6817765,0
1244,1786358449784,117774,0,5240206,0,6817722,0
1245,1786358449794,118041,0,5240528,0,6817965,0
1246,1786358449804,118546,0,5240402,0,6818261,0
1247,1786358449814,119011,0,5240662,0,6818438,0
1248,1786358449823,119590,0,5240738,0,6818589,0
1249,1786358449839,120071,0,5240717,0,6818843,0
1250,1786358449844,120444,0,5240768,0,6818971,0
1251,1786358449854,121020,0,5241081,0,6819239,0
1252,1786358449864,121615,0,5241144,0,6819461,0
1253,1786358449874,122136,0,5241429,0,6819870,0
1254,1786358449884,122762,0,5241530,0,6820206,0
1255,1786358449894,123337,0,5241731,0,6820577,0
1256,1786358449905,123992,0,5241851,0,6820916,0
1257,1786358449915,124436,0,5241912,0,6821105,0
1258,1786358449924,125165,0,5241984,0,6821294,0
1259,1786358449935,125890,0,5242189,0,6821753,0
1260,1786358449944,126431,0,5242347,0,6821858,0
1261,1786358449954,127090,0,5242604,0,6822284,0
1262,1786358449964,127972,0,5242826,0,6822572,0
1263,1786358449975,128730,0,5243217,0,6822999,0
1264,1786358449984,129306,0,5243314,0,6823381,0
1265,1786358449997,130360,0,5243786,0,6823878,0
1266,1786358450004,131095,0,5244081,0,6824428,0
1267,1786358450015,131924,0,5244466,0,6824932,0
1268,1786358450024,132567,0,5244771,0,6825419,0
1269,1786358450036,133459,0,5245022,0,6826197,0
1270,1786358450044,134286,0,5245332,0,6826448,0
1271,1786358450054,135094,0,5245595,0,6826919,0
1272,1786358450064,136038,0,5245752,0,6827261,0
1273,1786358450074,136797,0,5245835,0,6827598,0
1274,1786358450085,137660,0,5246147,0,6828051,0
1275,1786358450095,138584,0,5246298,0,6828517,0
1276,1786358450104,139429,0,5246444,0,6828799,0
1277,1786358450116,140197,0,5246641,0,6829044,0
1278,1786358450124,141077,0,5246633,0,6829291,0
1279,1786358450136,141889,0,5246818,0,6829483,0
1280,1786358450144,142691,0,5247118,0,6829897,0
1281,1786358450159,143478,0,5247217,0,6830181,0
1282,1786358450165,144381,0,5247422,0,6830559,0
1283,1786358450174,145011,0,5247704,0,6831006,0
1284,1786358450185,145629,0,5248048,0,6831418,0
1285,1786358450195,146311,0,5248148,0,6831975,0
1286,1786358450204,146411,0,5248401,0,6832145,0
1287,1786358450215,146843,0,5248634,0,6832434,0
1288,1786358450225,146991,0,5248835,0,6832823,0
1289,1786358450235,146867,0,5249056,0,6832967,0
1290,1786358450244,146678,0,5249120,0,6832971,0
1291,1786358450254,146357,0,5249160,0,6832961,0
1292,1786358450267,146157,0,5249023,0,6832785,0
1293,1786358450275,146001,0,5248972,0,6832758,0
1294,1786358450286,145706,0,5249072,0,6833068,0
1295,1786358450295,145402,0,5249142,0,6833093,0
1296,1786358450304,145264,0,5249313,0,6833203,0
1297,1786358450317,145221,0,5249261,0,6833223,0
1298,1786358450324,145234,0,5249317,0,6833182,0
1299,1786358450335,145399,0,5249255,0,6833144,0
1300,1786358450344,145336,0,5249316,0,6833176,0
1301,1786358450356,145429,0,5249102,0,6833033,0
1302,1786358450365,145625,0,5249192,0,6833091,0
1303,1786358450375,145746,0,5249171,0,6833203,0
1304,1786358450385,146026,0,5249163,0,6833275,0
1305,1786358450395,146496,0,5249273,0,6833555,0
1306,1786358450405,146878,0,5249370,0,6833639,0
1307,1786358450415,147250,0,5249630,0,6834113,0
1308,1786358450425,147626,0,5249631,0,6834052,0
1309,1786358450435,148224,0,5249731,0,6834431,0
1310,1786358450445,148720,0,5249782,0,6834747,0
1311,1786358450456,149185,0,5249904,0,6834916,0
1312,1786358450465,149490,0,5249947,0,6834908,0
1313,1786358450477,149906,0,5250040,0,6835307,0
1314,1786358450485,150482,0,5250329,0,6835471,0
1315,1786358450495,150844,0,5250473,0,6835799,0
1316,1786358450505,151312,0,5250598,0,6836113,0
1317,1786358450516,151563,0,5250802,0,6836247,0
1318,1786358450525,151919,0,5250802,0,6836501,0
1319,1786358450536,152386,0,5250958,0,6836710,0
1320,1786358450546,152602,0,5250924,0,6836903,0
1321,1786358450556,152850,0,5250886,0,6836715,0
1322,1786358450565,153224,0,5250989,0,6836881,0
1323,1786358450576,153572,0,5251090,0,6837011,0
1324,1786358450586,153841,0,5250980,0,6837184,0
1325,1786358450595,153919,0,5251037,0,6837031,0
1326,1786358450605,154451,0,5251219,0,6837283,0
1327,1786358450616,154578,0,5250958,0,6837164,0
1328,1786358450625,154822,0,5250931,0,6837144,0
1329,1786358450639,155276,0,5250835,0,6837053,0
1330,1786358450645,155557,0,5250862,0,6837083,0
1331,1786358450655,156034,0,5251058,0,6837408,0
1332,1786358450665,156466,0,5251083,0,6837496,0
1333,1786358450676,156891,0,5251413,0,6837809,0
1334,1786358450685,157305,0,5251506,0,6838095,0
1335,1786358450697,157901,0,5251715,0,6838450,0
1336,1786358450706,158513,0,5251621,0,6838642,0
1337,1786358450717,159054,0,5251750,0,6838749,0
1338,1786358450726,159513,0,5251751,0,6838685,0
1339,1786358450736,159947,0,5251580,0,6838620,0
1340,1786358450746,160302,0,5251543,0,6838402,0
1341,1786358450756,160917,0,5251423,0,6838481,0
1342,1786358450766,161171,0,5251382,0,6838247,0
1343,1786358450776,161697,0,5251257,0,6838312,0
1344,1786358450786,161989,0,5251339,0,6838458,0
1345,1786358450798,162569,0,5251326,0,6838361,0
1346,1786358450805,163116,0,5251401,0,6838636,0
1347,1786358450816,163545,0,5251475,0,6838696,0
1348,1786358450826,164159,0,5251491,0,6838867,0
1349,1786358450836,164401,0,5251503,0,6839003,0
1350,1786358450846,164813,0,5251354,0,6838775,0
1351,1786358450856,165293,0,5251195,0,6838485,0
1352,1786358450866,165535,0,5251163,0,6838722,0
1353,1786358450877,166088,0,5251203,0,6838413,0
1354,1786358450886,166487,0,5251015,0,6838612,0
1355,1786358450896,166868,0,5250915,0,6838401,0
1356,1786358450906,167363,0,5250877,0,6838273,0
1357,1786358450916,167838,0,5251003,0,6838323,0
1358,1786358450926,168343,0,5251256,0,6838886,0
1359,1786358450937,168794,0,5251348,0,6839063,0
1360,1786358450950,169151,0,5251349,0,6839200,0
1361,1786358450959,169636,0,5251323,0,6839174,0
1362,1786358450968,170107,0,5251245,0,6839182,0
1363,1786358450976,170429,0,5251286,0,6839203,0
1364,1786358450986,170657,0,5251303,0,6839057,0
1365,1786358450997,170625,0,5251141,0,6838942,0
1366,1786358451006,170425,0,5251139,0,6838731,0
1367,1786358451016,169968,0,5251026,0,6838648,0
1368,1786358451026,169554,0,5250925,0,6838407,0
1369,1786358451037,168740,0,5250836,0,6838081,0
1370,1786358451046,168034,0,5250705,0,6838126,0
1371,1786358451056,167433,0,5250679,0,6837759,0
1372,1786358451066,166959,0,5250628,0,6837631,0
1373,1786358451077,166153,0,5250519,0,6837493,0
1374,1786358451086,165435,0,5250407,0,6837279,0
1375,1786358451097,165073,0,5250222,0,6836952,0
1376,1786358451107,164246,0,5250061,0,6836858,0
1377,1786358451118,163758,0,5250049,0,6836618,0
1378,1786358451126,163400,0,5249821,0,6836367,0
1379,1786358451137,162987,0,5249564,0,6836080,0
1380,1786358451146,162581,0,5249371,0,6835823,0
1381,1786358451157,162309,0,5249231,0,6835478,0
1382,1786358451167,161758,0,5248839,0,6834989,0
1383,1786358451177,161704,0,5248727,0,6834779,0
1384,1786358451186,161495,0,5248648,0,6834638,0
1385,1786358451197,161205,0,5248520,0,6834473,0
1386,1786358451207,161204,0,5248412,0,6834427,0
1387,1786358451218,161036,0,5248414,0,6834306,0
1388,1786358451226,161138,0,5248586,0,6834557,0
1389,1786358451238,161150,0,5248743,0,6834730,0
1390,1786358451246,160997,0,5248664,0,6834853,0
1391,1786358451257,161102,0,5248580,0,6834584,0
1392,1786358451267,161255,0,5248307,0,6834403,0
1393,1786358451280,161118,0,5248119,0,6834153,0
1394,1786358451288,161005,0,5248090,0,6833871,0
1395,1786358451297,160911,0,5247774,0,6833663,0
1396,1786358451307,160729,0,5247603,0,6833392,0
1397,1786358451317,160670,0,5247535,0,6833278,0
1398,1786358451327,160339,0,5247497,0,6833164,0
1399,1786358451337,160202,0,5247461,0,6833099,0
1400,1786358451347,159999,0,5247307,0,6833115,0
1401,1786358451357,160026,0,5247214,0,6833111,0
1402,1786358451367,159808,0,5247086,0,6832852,0
1403,1786358451377,159607,0,5246887,0,6832628,0
1404,1786358451387,159316,0,5246670,0,6832298,0
1405,1786358451397,159250,0,5246334,0,6831905,0
1406,1786358451407,158862,0,5246284,0,6831855,0
1407,1786358451418,158951,0,5246171,0,6831497,0
1408,1786358451427,158789,0,5246047,0,6831270,0
1409,1786358451440,158722,0,5245860,0,6831033,0
1410,1786358451447,158454,0,5245506,0,6830665,0
1411,1786358451457,158442,0,5245409,0,6830489,0
1412,1786358451467,158368,0,5245090,0,6830174,0
1413,1786358451477,158336,0,5245087,0,6830078,0
1414,1786358451489,158330,0,5245016,0,6829919,0
1415,1786358451497,158440,0,5244955,0,6830130,0
1416,1786358451508,158492,0,5244949,0,6829922,0
1417,1786358451518,158450,0,5244841,0,6829727,0
1418,1786358451527,158703,0,5244602,0,6829516,0
1419,1786358451538,158593,0,5244350,0,6829197,0
1420,1786358451547,158759,0,5244253,0,6828980,0
1421,1786358451557,158820,0,5244111,0,6828755,0
1422,1786358451567,158878,0,5243994,0,6828676,0
1423,1786358451578,158973,0,5243856,0,6828537,0
1424,1786358451587,159035,0,5243699,0,6828449,0
1425,1786358451602,159063,0,5243460,0,6828127,0
1426,1786358451608,159082,0,5243223,0,6827758,0
1427,1786358451617,159079,0,5243085,0,6827530,0
1428,1786358451627,159205,0,5242747,0,6827084,0
1429,1786358451638,159148,0,5242454,0,6826798,0
1430,1786358451647,159230,0,5242403,0,6826583,0
1431,1786358451658,159249,0,5242361,0,6826647,0
1432,1786358451668,159481,0,5242261,0,6826679,0
1433,1786358451678,159543,0,5242240,0,6826545,0
1434,1786358451687,159513,0,5242049,0,6826307,0
1435,1786358451698,159596,0,5242071,0,6826455,0
1436,1786358451708,159772,0,5241969,0,6826258,0
1437,1786358451718,159755,0,5241859,0,6826199,0
1438,1786358451728,159967,0,5241754,0,6825967,0
1439,1786358451739,160208,0,5241610,0,6825660,0
1440,1786358451748,160410,0,5241490,0,6825680,0
1441,1786358451760,160500,0,5241474,0,6825771,0
1442,1786358451768,160754,0,5241574,0,6825756,0
1443,1786358451778,161005,0,5241547,0,6825980,0
1444,1786358451788,161265,0,5241662,0,6825948,0
1445,1786358451798,161509,0,5241665,0,6826071,0
1446,1786358451808,161622,0,5241759,0,6826173,0
1447,1786358451818,161400,0,5241722,0,6826100,0
1448,1786358451832,161154,0,5241641,0,6826032,0
1449,1786358451838,160730,0,5241569,0,6825997,0
1450,1786358451848,160017,0,5241568,0,6825579,0
1451,1786358451858,159252,0,5241408,0,6825415,0
1452,1786358451868,158113,0,5241464,0,6825259,0
1453,1786358451878,157345,0,5241309,0,6825025,0
1454,1786358451889,156123,0,5241160,0,6824909,0
1455,1786358451900,155123,0,5241194,0,6824616,0
1456,1786358451908,153897,0,5241076,0,6824340,0
1457,1786358451921,152649,0,5240879,0,6824170,0
1458,1786358451928,151682,0,5240652,0,6823690,0
1459,1786358451939,150543,0,5240397,0,6823202,0
1460,1786358451948,149579,0,5240150,0,6822927,0
1461,1786358451960,148513,0,5239958,0,6822498,0
1462,1786358451968,147592,0,5239718,0,6822046,0
1463,1786358451978,146624,0,5239550,0,6821729,0
1464,1786358451988,145743,0,5239296,0,6821388,0
1465,1786358452000,145059,0,5239132,0,6821114,0
1466,1786358452008,144250,0,5238893,0,6820788,0
1467,1786358452018,143404,0,5238560,0,6820362,0
1468,1786358452028,142661,0,5238306,0,6819906,0
1469,1786358452039,141977,0,5238147,0,6819580,0
1470,1786358452049,141462,0,5238067,0,6819367,0
1471,1786358452060,140779,0,5237830,0,6819180,0
1472,1786358452068,140404,0,5237717,0,6818994,0
1473,1786358452081,139878,0,5237535,0,6818706,0
1474,1786358452089,139612,0,5237495,0,6818705,0
1475,1786358452099,139013,0,5237264,0,6818329,0
1476,1786358452109,138693,0,5237223,0,6818252,0
1477,1786358452119,138124,0,5236912,0,6817951,0
1478,1786358452129,137691,0,5236727,0,6817672,0
1479,1786358452140,137200,0,5236683,0,6817505,0
1480,1786358452150,136668,0,5236532,0,6817381,0
1481,1786358452160,136026,0,5236511,0,6817108,0
1482,1786358452169,135366,0,5236278,0,6817093,0
1483,1786358452180,134837,0,5236103,0,6816621,0
1484,1786358452189,134415,0,5235938,0,6816392,0
1485,1786358452201,133890,0,5235687,0,6816363,0
1486,1786358452209,133347,0,5235602,0,6816112,0
1487,1786358452221,132797,0,5235426,0,6815993,0
1488,1786358452229,132310,0,5235262,0,6815621,0
1489,1786358452242,131882,0,5235107,0,6815315,0
1490,1786358452250,131410,0,5235087,0,6815289,0
1491,1786358452259,130524,0,5234659,0,6814615,0
1492,1786358452271,129901,0,5234503,0,6814484,0
1493,1786358452279,129664,0,5234386,0,6814356,0
1494,1786358452289,129333,0,5234283,0,6814153,0
1495,1786358452299,129069,0,5234154,0,6813988,0
1496,1786358452309,128797,0,5233979,0,6813646,0
1497,1786358452320,128505,0,5233819,0,6813466,0
1498,1786358452331,128274,0,5233649,0,6813300,0
1499,1786358452339,128121,0,5233587,0,6812897,0
1500,1786358452349,127929,0,5233385,0,6812876,0
1501,1786358452360,127760,0,5233220,0,6812530,0
1502,1786358452369,127575,0,5233178,0,6812690,0
1503,1786358452380,127534,0,5233097,0,6812511,0
1504,1786358452389,127392,0,5233065,0,6812523,0
1505,1786358452401,127325,0,5232965,0,6812287,0
1506,1786358452409,127257,0,5232990,0,6812436,0
1507,1786358452420,127335,0,5232985,0,6812424,0
1508,1786358452429,127380,0,5232954,0,6812299,0
1509,1786358452440,127305,0,5232815,0,6812152,0
1510,1786358452449,127173,0,5232735,0,6811886,0
1511,1786358452459,127210,0,5232489,0,6811721,0
1512,1786358452469,127161,0,5232286,0,6811521,0
1513,1786358452480,127144,0,5232334,0,6811546,0
1514,1786358452489,126911,0,5232130,0,6811222,0
1515,1786358452500,126960,0,5231910,0,6811182,0
1516,1786358452509,126846,0,5231973,0,6811189,0
1517,1786358452520,126985,0,5231899,0,6811157,0
1518,1786358452530,126976,0,5231911,0,6810969,0
1519,1786358452540,126981,0,5231757,0,6811006,0
1520,1786358452549,126995,0,5231845,0,6811090,0
1521,1786358452563,127066,0,5231674,0,6811069,0
1522,1786358452570,127004,0,5231638,0,6811092,0
1523,1786358452579,127125,0,5231576,0,6810764,0
1524,1786358452589,127156,0,5231280,0,6810607,0
1525,1786358452600,127166,0,5231244,0,6810454,0
1526,1786358452609,127297,0,5231254,0,6810444,0
1527,1786358452619,127288,0,5231202,0,6810437,0
1528,1786358452629,127454,0,5231361,0,6810575,0
1529,1786358452640,127530,0,5231369,0,6810568,0
1530,1786358452649,127252,0,5231589,0,6810786,0
1531,1786358452660,127009,0,5231645,0,6811066,0
1532,1786358452671,126531,0,5231753,0,6811153,0
1533,1786358452680,125855,0,5231794,0,6810988,0
1534,1786358452690,124898,0,5231686,0,6810806,0
1535,1786358452700,123823,0,5231671,0,6810510,0
1536,1786358452709,122464,0,5231333,0,6810100,0
1537,1786358452721,121061,0,5231365,0,6809708,0
1538,1786358452730,119656,0,5231198,0,6809505,0
1539,1786358452740,118272,0,5231100,0,6809379,0
1540,1786358452750,116901,0,5231005,0,6808974,0
1541,1786358452760,115427,0,5230601,0,6808534,0
1542,1786358452770,114167,0,5230502,0,6808197,0
1543,1786358452780,113003,0,5230466,0,6807961,0
1544,1786358452790,111781,0,5230203,0,6807688,0
1545,1786358452801,110489,0,5230042,0,6807157,0
1546,1786358452809,109559,0,5229611,0,6806674,0
1547,1786358452820,108469,0,5229530,0,6806162,0
1548,1786358452830,107551,0,5229197,0,6805863,0
1549,1786358452840,106608,0,5229073,0,6805551,0
1550,1786358452850,105726,0,5228940,0,6805464,0
1551,1786358452861,104932,0,5228815,0,6805218,0
1552,1786358452869,104296,0,5228670,0,6805069,0
1553,1786358452882,103781,0,5228604,0,6804891,0
1554,1786358452890,103278,0,5228339,0,6804516,0
1555,1786358452900,102637,0,5228187,0,6804336,0
1556,1786358452910,102169,0,5227904,0,6803917,0
1557,1786358452920,101775,0,5227770,0,6803667,0
1558,1786358452929,101178,0,5227444,0,6803302,0
1559,1786358452940,100604,0,5227240,0,6802879,0
1560,1786358452950,100250,0,5227030,0,6802599,0
1561,1786358452960,99710,0,5226622,0,6802308,0
1562,1786358452970,99180,0,5226468,0,6801737,0
1563,1786358452980,98534,0,5226293,0,6801575,0
1564,1786358452990,97988,0,5226236,0,6801328,0
1565,1786358453000,97471,0,5226133,0,6801312,0
1566,1786358453010,96903,0,5226090,0,6801125,0
1567,1786358453020,96575,0,5226075,0,6801190,0
1568,1786358453030,96006,0,5226036,0,6801101,0
1569,1786358453042,95429,0,5225996,0,6801078,0
1570,1786358453050,95097,0,5225828,0,6800942,0
1571,1786358453060,94649,0,5225568,0,6800709,0
1572,1786358453071,94005,0,5225354,0,6800326,0
1573,1786358453081,93418,0,5225298,0,6800151,0
1574,1786358453090,93041,0,5225117,0,6799808,0
1575,1786358453100,92613,0,5225026,0,6799763,0
1576,1786358453110,92107,0,5224772,0,6799480,0
1577,1786358453120,91836,0,5224813,0,6799300,0
1578,1786358453130,91484,0,5224789,0,6799188,0
1579,1786358453141,91200,0,5224700,0,6799237,0
1580,1786358453151,91018,0,5224704,0,6799149,0
1581,1786358453161,90817,0,5224512,0,6798805,0
1582,1786358453170,90670,0,5224374,0,6798813,0
1583,1786358453181,90598,0,5224168,0,6798631,0
1584,1786358453190,90326,0,5224145,0,6798597,0
1585,1786358453204,90067,0,5224182,0,6798534,0
1586,1786358453210,90029,0,5224186,0,6798488,0
1587,1786358453221,89871,0,5224308,0,6798638,0
1588,1786358453230,89755,0,5224231,0,6798534,0
1589,1786358453241,89914,0,5224108,0,6798544,0
1590,1786358453250,89768,0,5224238,0,6798598,0
1591,1786358453260,89950,0,5224258,0,6798696,0
1592,1786358453270,89885,0,5224373,0,6798963,0
1593,1786358453281,90188,0,5224443,0,6799181,0
1594,1786358453290,90231,0,5224640,0,6799260,0
1595,1786358453301,90316,0,5224534,0,6799153,0
1596,1786358453310,90520,0,5224548,0,6799202,0
1597,1786358453320,90263,0,5224511,0,6799249,0
1598,1786358453330,90544,0,5224517,0,6799336,0
1599,1786358453342,90664,0,5224503,0,6799316,0
1600,1786358453350,90586,0,5224649,0,6799354,0
1601,1786358453362,90833,0,5224688,0,6799559,0
1602,1786358453370,91055,0,5224861,0,6799795,0
1603,1786358453380,91249,0,5224996,0,6799992,0
1604,1786358453390,91489,0,5225182,0,6800295,0
1605,1786358453401,91633,0,5225262,0,6800485,0
1606,1786358453411,91942,0,5225397,0,6800687,0
1607,1786358453420,92229,0,5225527,0,6800991,0
1608,1786358453431,92426,0,5225661,0,6801209,0
1609,1786358453441,92797,0,5225749,0,6801443,0
1610,1786358453451,93104,0,5225967,0,6801642,0
1611,1786358453461,93444,0,5226085,0,6802088,0
1612,1786358453470,93925,0,5226453,0,6802405,0
1613,1786358453481,94186,0,5226626,0,6802812,0
1614,1786358453490,94757,0,5226920,0,6802948,0
1615,1786358453501,95163,0,5226938,0,6803147,0
1616,1786358453511,95394,0,5227123,0,6803316,0
1617,1786358453525,95452,0,5227568,0,6803797,0
1618,1786358453531,95588,0,5228079,0,6804377,0
1619,1786358453541,95444,0,5228439,0,6805156,0
1620,1786358453551,95040,0,5228828,0,6805483,0
1621,1786358453561,94375,0,5229023,0,6805804,0
1622,1786358453571,93602,0,5229132,0,6805702,0
1623,1786358453581,92832,0,5229079,0,6805708,0
1624,1786358453591,91735,0,5229161,0,6805600,0
1625,1786358453601,90759,0,5229273,0,6805631,0
1626,1786358453611,89528,0,5229292,0,6805621,0
1627,1786358453621,88382,0,5229205,0,6805283,0
1628,1786358453631,87243,0,5229212,0,6805099,0
1629,1786358453642,86301,0,5229113,0,6805206,0
1630,1786358453651,85386,0,5229113,0,6804926,0
1631,1786358453662,84742,0,5229131,0,6804952,0
1632,1786358453671,83967,0,5229168,0,6804852,0
1633,1786358453683,83258,0,5229228,0,6804741,0
1634,1786358453691,82601,0,5229009,0,6804709,0
1635,1786358453701,82016,0,5229155,0,6804835,0
1636,1786358453711,81650,0,5229235,0,6804897,0
1637,1786358453722,81439,0,5229304,0,6805008,0
1638,1786358453731,81026,0,5229307,0,6804918,0
1639,1786358453742,80967,0,5229273,0,6805077,0
1640,1786358453751,80736,0,5229033,0,6804634,0
1641,1786358453762,80736,0,5229027,0,6804447,0
1642,1786358453771,80510,0,5228916,0,6804448,0
1643,1786358453781,80385,0,5228894,0,6804444,0
1644,1786358453791,80321,0,5228967,0,6804414,0
1645,1786358453802,80115,0,5228996,0,6804413,0
1646,1786358453811,80070,0,5229144,0,6804715,0
1647,1786358453822,79945,0,5229180,0,6804647,0
1648,1786358453832,79997,0,5229240,0,6804829,0
1649,1786358453845,79782,0,5229164,0,6804826,0
1650,1786358453851,79621,0,5229205,0,6804794,0
1651,1786358453861,79428,0,5229111,0,6804761,0
1652,1786358453871,79234,0,5229205,0,6804834,0
1653,1786358453882,78859,0,5229143,0,6804622,0
1654,1786358453891,78446,0,5229181,0,6804698,0
1655,1786358453902,78207,0,5229283,0,6804759,0
1656,1786358453911,78150,0,5229389,0,6804947,0
1657,1786358453922,77881,0,5229519,0,6805050,0
1658,1786358453931,77701,0,5229574,0,6805217,0
1659,1786358453942,77649,0,5229577,0,6805213,0
1660,1786358453951,77561,0,5229511,0,6805107,0
1661,1786358453962,77301,0,5229564,0,6805121,0
1662,1786358453971,77288,0,5229605,0,6805180,0
1663,1786358453982,77245,0,5229647,0,6805243,0
1664,1786358453992,77113,0,5229801,0,6805512,0
1665,1786358454004,77232,0,5230031,0,6805758,0
1666,1786358454012,77491,0,5230103,0,6805768,0
1667,1786358454022,77543,0,5230171,0,6805861,0
1668,1786358454032,77545,0,5230144,0,6805994,0
1669,1786358454043,77850,0,5230380,0,6806300,0
1670,1786358454052,78071,0,5230639,0,6806538,0
1671,1786358454062,78544,0,5230704,0,6806688,0
1672,1786358454072,78600,0,5230830,0,6807112,0
1673,1786358454082,78876,0,5231019,0,6807207,0
1674,1786358454092,79187,0,5231050,0,6807421,0
1675,1786358454102,79627,0,5231230,0,6807818,0
1676,1786358454112,79908,0,5231348,0,6807824,0
1677,1786358454123,80285,0,5231486,0,6807944,0
1678,1786358454132,80592,0,5231490,0,6808090,0
1679,1786358454143,80886,0,5231604,0,6808215,0
1680,1786358454152,81230,0,5231781,0,6808519,0
1681,1786358454165,81570,0,5232032,0,6808806,0
1682,1786358454172,82119,0,5232237,0,6809174,0
1683,1786358454184,82523,0,5232437,0,6809394,0
1684,1786358454192,83071,0,5232598,0,6809662,0
1685,1786358454202,83337,0,5232825,0,6809936,0
1686,1786358454212,83782,0,5232744,0,6809995,0
1687,1786358454222,84237,0,5232777,0,6809938,0
1688,1786358454232,84607,0,5232786,0,6810076,0
1689,1786358454243,85001,0,5232775,0,6810208,0
1690,1786358454252,85339,0,5232986,0,6810366,0
1691,1786358454267,85801,0,5232951,0,6810462,0
1692,1786358454272,86137,0,5233245,0,6810874,0
1693,1786358454283,86512,0,5233318,0,6810969,0
1694,1786358454292,86942,0,5233501,0,6811226,0
1695,1786358454303,87419,0,5233579,0,6811585,0
1696,1786358454312,87762,0,5233546,0,6811362,0
1697,1786358454324,88161,0,5233517,0,6811448,0
1698,1786358454332,88168,0,5233689,0,6811702,0
1699,1786358454343,88055,0,5233826,0,6811793,0
1700,1786358454352,87751,0,5234027,0,6811809,0
1701,1786358454363,87170,0,5234104,0,6811778,0
1702,1786358454372,86680,0,5234219,0,6811800,0
1703,1786358454383,85690,0,5234215,0,6811438,0
1704,1786358454393,84746,0,5234208,0,6811475,0
1705,1786358454403,83980,0,5234226,0,6811560,0
1706,1786358454412,82981,0,5234330,0,6811666,0
1707,1786358454423,82104,0,5234213,0,6811208,0
1708,1786358454433,81055,0,5234248,0,6811181,0
1709,1786358454444,80410,0,5234140,0,6811120,0
1710,1786358454452,79620,0,5234015,0,6810844,0
1711,1786358454463,79102,0,5234001,0,6810712,0
1712,1786358454473,78658,0,5233870,0,6810422,0
1713,1786358454486,78136,0,5233658,0,6810089,0
1714,1786358454493,77678,0,5233850,0,6810090,0
1715,1786358454503,77423,0,5233793,0,6810191,0
1716,1786358454513,77175,0,5234056,0,6810330,0
1717,1786358454523,76981,0,5234281,0,6810658,0
1718,1786358454533,77059,0,5234350,0,6810947,0
1719,1786358454543,77149,0,5234258,0,6810836,0
1720,1786358454553,77245,0,5234265,0,6810853,0
1721,1786358454563,77317,0,5234242,0,6810894,0
1722,1786358454573,77441,0,5234388,0,6811072,0
1723,1786358454583,77770,0,5234383,0,6811125,0
1724,1786358454593,77997,0,5234237,0,6810819,0
1725,1786358454604,78043,0,5234031,0,6810626,0
1726,1786358454613,78097,0,5234017,0,6810430,0
1727,1786358454624,78161,0,5234049,0,6810582,0
1728,1786358454633,78017,0,5234113,0,6810591,0
1729,1786358454645,77957,0,5234206,0,6810612,0
1730,1786358454653,77940,0,5234015,0,6810629,0
1731,1786358454663,78040,0,5234099,0,6810570,0
1732,1786358454673,77723,0,5234078,0,6810483,0
1733,1786358454683,77839,0,5234117,0,6810488,0
1734,1786358454693,77692,0,5234096,0,6810527,0
1735,1786358454705,77539,0,5234213,0,6810565,0
1736,1786358454714,77339,0,5234323,0,6810652,0
1737,1786358454725,77348,0,5234370,0,6810774,0
1738,1786358454733,77412,0,5234438,0,6810750,0
1739,1786358454744,77558,0,5234411,0,6810725,0
1740,1786358454753,77644,0,5234360,0,6810596,0
1741,1786358454764,77559,0,5234391,0,6810677,0
1742,1786358454773,77585,0,5234268,0,6810444,0
1743,1786358454784,77829,0,5234389,0,6810522,0
1744,1786358454793,78118,0,5234534,0,6810785,0
1745,1786358454806,78180,0,5234544,0,6810778,0
1746,1786358454813,78482,0,5234619,0,6810906,0
1747,1786358454823,78601,0,5234548,0,6810774,0
1748,1786358454833,78981,0,5234669,0,6810890,0
1749,1786358454844,79418,0,5234853,0,6811042,0
1750,1786358454853,79567,0,5234935,0,6811236,0
1751,1786358454863,80199,0,5235193,0,6811612,0
1752,1786358454874,80672,0,5235181,0,6811571,0
1753,1786358454884,81094,0,5235113,0,6811513,0
1754,1786358454894,81467,0,5235173,0,6811516,0
1755,1786358454904,81805,0,5235076,0,6811521,0
1756,1786358454914,82281,0,5235176,0,6811544,0
1757,1786358454924,82745,0,5235115,0,6811606,0
1758,1786358454934,83115,0,5235080,0,6811265,0
1759,1786358454945,83425,0,5235074,0,6811331,0
1760,1786358454954,84016,0,5235194,0,6811340,0
1761,1786358454967,84431,0,5235182,0,6811217,0
1762,1786358454974,84759,0,5235030,0,6811148,0
1763,1786358454984,85363,0,5234940,0,6810906,0
1764,1786358454994,85742,0,5234803,0,6810858,0
1765,1786358455006,86177,0,5234695,0,6810678,0
1766,1786358455014,86468,0,5234623,0,6810552,0
1767,1786358455024,86826,0,5234657,0,6810560,0
1768,1786358455034,87284,0,5234682,0,6810658,0
1769,1786358455045,87815,0,5234635,0,6810719,0
1770,1786358455054,88111,0,5234784,0,6810680,0
1771,1786358455064,88468,0,5234793,0,6810971,0
1772,1786358455074,88733,0,5234968,0,6810811,0
1773,1786358455084,88698,0,5234863,0,6810778,0
1774,1786358455094,88465,0,5235036,0,6810802,0
1775,1786358455106,88008,0,5234919,0,6810673,0
1776,1786358455115,87469,0,5234859,0,6810353,0
1777,1786358455127,86327,0,5234616,0,6809972,0
1778,1786358455134,85325,0,5234410,0,6809360,0
1779,1786358455145,84091,0,5234241,0,6808948,0
1780,1786358455154,82691,0,5234027,0,6808715,0
1781,1786358455164,81605,0,5233957,0,6808248,0
1782,1786358455174,80249,0,5233689,0,6807802,0
1783,1786358455184,79137,0,5233719,0,6807471,0
1784,1786358455194,78045,0,5233506,0,6807185,0
1785,1786358455205,77077,0,5233466,0,6807107,0
1786,1786358455214,76196,0,5233237,0,6806636,0
1787,1786358455224,75280,0,5232990,0,6806322,0
1788,1786358455234,74604,0,5232778,0,6805940,0
1789,1786358455245,73806,0,5232795,0,6805547,0
1790,1786358455254,73105,0,5232571,0,6805388,0
1791,1786358455267,72488,0,5232461,0,6805243,0
1792,1786358455275,72076,0,5232480,0,6805043,0
1793,1786358455293,71630,0,5232439,0,6804932,0
1794,1786358455294,71257,0,5232281,0,6804752,0
1795,1786358455304,70905,0,5232237,0,6804618,0
1796,1786358455314,70810,0,5232109,0,6804419,0
1797,1786358455325,70606,0,5232035,0,6804343,0
1798,1786358455334,70498,0,5232067,0,6804031,0
1799,1786358455345,70412,0,5231914,0,6803989,0
1800,1786358455357,70451,0,5231910,0,6803979,0
1801,1786358455365,70308,0,5231902,0,6804129,0
1802,1786358455374,70019,0,5231914,0,6804025,0
1803,1786358455385,70183,0,5231882,0,6803955,0
1804,1786358455396,70048,0,5231777,0,6803993,0
1805,1786358455405,69930,0,5231600,0,6803643,0
1806,1786358455414,69673,0,5231444,0,6803248,0
1807,1786358455425,69568,0,5231508,0,6803288,0
1808,1786358455435,69447,0,5231544,0,6803336,0
1809,1786358455448,69168,0,5231565,0,6803167,0
1810,1786358455454,68941,0,5231560,0,6803196,0
1811,1786358455465,68783,0,5231427,0,6802941,0
1812,1786358455475,68711,0,5231419,0,6802925,0
1813,1786358455485,68468,0,5231337,0,6802975,0
1814,1786358455495,68353,0,5231137,0,6802600,0
1815,1786358455505,68270,0,5231134,0,6802537,0
1816,1786358455515,68249,0,5230822,0,6802101,0
1817,1786358455525,68198,0,5230674,0,6801741,0
1818,1786358455535,67924,0,5230611,0,6801676,0
1819,1786358455545,67865,0,5230512,0,6801341,0
1820,1786358455555,67921,0,5230602,0,6801311,0
1821,1786358455565,67895,0,5230460,0,6801154,0
1822,1786358455575,68007,0,5230310,0,6800939,0
1823,1786358455586,68195,0,5230360,0,6800986,0
1824,1786358455595,68111,0,5230370,0,6800950,0
1825,1786358455607,68454,0,5230330,0,6801008,0
1826,1786358455615,68613,0,5230279,0,6800922,0
1827,1786358455626,68746,0,5230126,0,6800630,0
1828,1786358455635,68966,0,5230016,0,6800517,0
1829,1786358455647,69129,0,5229859,0,6800276,0
1830,1786358455655,69364,0,5229800,0,6800215,0
1831,1786358455665,69513,0,5229688,0,6799849,0
1832,1786358455675,69793,0,5229741,0,6799895,0
1833,1786358455689,70031,0,5229736,0,6800010,0
1834,1786358455695,70192,0,5229700,0,6799982,0
1835,1786358455707,70520,0,5229883,0,6800078,0
1836,1786358455715,70809,0,5229905,0,6800181,0
1837,1786358455726,71145,0,5229895,0,6800072,0
1838,1786358455735,71575,0,5229808,0,6800125,0
1839,1786358455746,71743,0,5229709,0,6799882,0
1840,1786358455755,72048,0,5229490,0,6799726,0
1841,1786358455768,72319,0,5229481,0,6799568,0
1842,1786358455775,72667,0,5229463,0,6799381,0
1843,1786358455786,73002,0,5229447,0,6799482,0
1844,1786358455795,73390,0,5229416,0,6799417,0
1845,1786358455806,73772,0,5229506,0,6799384,0
1846,1786358455815,74168,0,5229431,0,6799547,0
1847,1786358455826,74416,0,5229445,0,6799322,0
1848,1786358455836,74731,0,5229506,0,6799379,0
1849,1786358455846,74854,0,5229379,0,6799251,0
1850,1786358455855,74742,0,5229387,0,6799306,0
1851,1786358455866,74597,0,5229437,0,6799105,0
1852,1786358455875,74145,0,5229503,0,6799117,0
1853,1786358455886,73473,0,5229370,0,6798802,0
1854,1786358455895,72695,0,5229309,0,6798678,0
1855,1786358455906,71670,0,5229310,0,6798367,0
1856,1786358455915,70611,0,5229375,0,6798337,0
1857,1786358455928,69308,0,5229320,0,6798082,0
1858,1786358455935,68269,0,5229187,0,6797838,0
1859,1786358455946,67125,0,5229109,0,6797435,0
1860,1786358455956,65971,0,5228872,0,6797275,0
1861,1786358455966,64824,0,5228840,0,6796921,0
1862,1786358455976,63875,0,5228666,0,6796604,0
1863,1786358455986,62863,0,5228557,0,6796204,0
1864,1786358455996,61857,0,5228254,0,6795533,0
1865,1786358456006,60965,0,5227879,0,6795304,0
1866,1786358456016,60163,0,5227916,0,6794911,0
1867,1786358456026,59478,0,5227661,0,6794674,0
1868,1786358456036,58714,0,5227630,0,6794353,0
1869,1786358456048,58271,0,5227563,0,6794208,0
1870,1786358456056,57667,0,5227459,0,6794144,0
1871,1786358456067,57193,0,5227370,0,6793908,0
1872,1786358456076,56887,0,5227357,0,6793698,0
1873,1786358456090,56708,0,5227176,0,6793365,0
1874,1786358456096,56432,0,5226814,0,6793021,0
1875,1786358456106,56232,0,5226791,0,6792669,0
1876,1786358456117,55941,0,5226471,0,6792466,0
1877,1786358456127,55854,0,5226501,0,6792406,0
1878,1786358456137,55629,0,5226500,0,6792301,0
1879,1786358456147,55598,0,5226457,0,6792399,0
1880,1786358456156,55464,0,5226412,0,6792349,0
1881,1786358456167,55313,0,5226450,0,6792169,0
1882,1786358456176,55027,0,5226192,0,6791852,0
1883,1786358456188,54634,0,5225997,0,6791607,0
1884,1786358456197,54521,0,5226029,0,6791461,0
1885,1786358456208,54422,0,5226071,0,6791355,0
1886,1786358456216,54042,0,5225983,0,6791362,0
1887,1786358456228,53885,0,5225984,0,6791162,0
1888,1786358456236,53815,0,5225998,0,6791095,0
1889,1786358456249,53684,0,5225833,0,6790944,0
1890,1786358456257,53524,0,5225779,0,6791043,0
1891,1786358456267,53179,0,5225662,0,6790657,0
1892,1786358456276,53068,0,5225432,0,6790506,0
1893,1786358456287,52902,0,5225319,0,6790044,0
1894,1786358456296,52908,0,5224983,0,6789700,0
1895,1786358456308,52607,0,5225040,0,6789651,0
1896,1786358456316,52621,0,5225109,0,6789593,0
1897,1786358456327,52489,0,5224969,0,6789387,0
1898,1786358456336,52589,0,5224926,0,6789375,0
1899,1786358456347,52728,0,5224803,0,6789174,0
1900,1786358456357,52807,0,5224848,0,6789173,0
1901,1786358456367,52909,0,5224827,0,6789235,0
1902,1786358456376,53089,0,5224932,0,6789046,0
1903,1786358456387,53443,0,5224841,0,6789002,0
1904,1786358456397,53510,0,5224684,0,6788827,0
1905,1786358456410,53834,0,5224641,0,6788672,0
1906,1786358456417,53956,0,5224554,0,6788619,0
1907,1786358456427,54324,0,5224410,0,6788581,0
1908,1786358456437,54490,0,5224332,0,6788417,0
1909,1786358456448,54629,0,5224358,0,6788364,0
1910,1786358456457,54850,0,5224259,0,6788270,0
1911,1786358456468,55184,0,5224348,0,6788194,0
1912,1786358456477,55530,0,5224228,0,6788218,0
1913,1786358456487,55754,0,5224147,0,6788282,0
1914,1786358456497,55961,0,5224165,0,6788086,0
1915,1786358456507,56265,0,5223916,0,6787785,0
1916,1786358456517,56652,0,5224017,0,6787832,0
1917,1786358456528,56949,0,5223935,0,6787707,0
1918,1786358456537,57290,0,5223961,0,6787730,0
1919,1786358456548,57599,0,5224108,0,6787974,0
1920,1786358456557,58018,0,5224131,0,6788093,0
1921,1786358456570,58187,0,5224025,0,6787985,0
1922,1786358456577,58667,0,5224104,0,6788085,0
1923,1786358456588,58983,0,5224227,0,6788125,0
1924,1786358456598,59322,0,5224329,0,6788266,0
1925,1786358456610,59756,0,5224385,0,6788386,0
1926,1786358456618,60186,0,5224579,0,6788503,0
1927,1786358456629,60437,0,5224596,0,6788729,0
1928,1786358456639,60481,0,5224735,0,6788736,0
1929,1786358456649,60358,0,5224886,0,6788893,0
1930,1786358456657,59776,0,5224935,0,6788816,0
1931,1786358456668,59488,0,5224936,0,6788948,0
1932,1786358456677,58632,0,5224989,0,6788635,0
1933,1786358456688,57746,0,5225101,0,6788545,0
1934,1786358456698,56943,0,5225195,0,6788435,0
1935,1786358456709,56074,0,5225194,0,6788532,0
1936,1786358456717,55147,0,5225253,0,6788438,0
1937,1786358456731,54454,0,5225261,0,6788536,0
1938,1786358456738,53567,0,5225199,0,6788328,0
1939,1786358456748,52913,0,5225152,0,6788233,0
1940,1786358456758,52398,0,5225271,0,6788147,0
1941,1786358456769,51807,0,5225205,0,6788081,0
1942,1786358456778,51230,0,5225270,0,6788021,0
1943,1786358456788,50648,0,5225136,0,6787859,0
1944,1786358456799,50306,0,5225119,0,6787747,0
1945,1786358456809,49956,0,5225111,0,6787842,0
1946,1786358456819,49775,0,5225132,0,6787597,0
1947,1786358456829,49329,0,5225189,0,6787602,0
1948,1786358456839,49417,0,5225345,0,6787789,0
1949,1786358456850,49391,0,5225389,0,6787999,0
1950,1786358456858,49591,0,5225412,0,6787889,0
1951,1786358456874,49638,0,5225512,0,6788036,0
1952,1786358456879,49762,0,5225496,0,6788127,0
1953,1786358456892,49953,0,5225581,0,6788117,0
1954,1786358456898,50067,0,5225654,0,6788272,0
1955,1786358456908,50351,0,5225676,0,6788465,0
1956,1786358456918,50568,0,5225768,0,6788618,0
1957,1786358456928,50856,0,5225773,0,6788441,0
1958,1786358456938,50705,0,5225782,0,6788368,0
1959,1786358456949,50906,0,5225623,0,6788441,0
1960,1786358456958,50943,0,5225940,0,6788466,0
1961,1786358456969,51036,0,5226189,0,6788749,0
1962,1786358456978,51135,0,5226305,0,6789157,0
1963,1786358456988,51376,0,5226566,0,6789408,0
1964,1786358456998,51609,0,5226803,0,6789855,0
1965,1786358457009,51742,0,5226914,0,6790079,0
1966,1786358457018,51976,0,5227035,0,6790188,0
1967,1786358457029,52137,0,5227039,0,6790282,0
1968,1786358457039,52165,0,5227081,0,6790152,0
1969,1786358457052,52387,0,5226907,0,6790125,0
1970,1786358457059,52655,0,5227085,0,6790123,0
1971,1786358457069,52737,0,5227093,0,6790290,0
1972,1786358457079,52994,0,5227144,0,6790563,0
1973,1786358457089,53252,0,5227315,0,6790638,0
1974,1786358457099,53780,0,5227430,0,6790820,0
1975,1786358457109,54101,0,5227442,0,6791032,0
1976,1786358457119,54297,0,5227581,0,6791279,0
1977,1786358457129,54696,0,5227697,0,6791275,0
1978,1786358457139,55267,0,5227752,0,6791438,0
1979,1786358457150,55658,0,5228084,0,6791790,0
1980,1786358457159,56796,0,5228621,0,6792620,0
1981,1786358457169,57446,0,5228938,0,6793066,0
1982,1786358457179,58129,0,5229289,0,6793491,0
1983,1786358457190,58840,0,5229666,0,6794116,0
1984,1786358457199,59395,0,5229714,0,6794352,0
1985,1786358457211,60023,0,5230038,0,6794759,0
1986,1786358457219,60837,0,5230096,0,6794891,0
1987,1786358457229,61501,0,5230108,0,6794970,0
1988,1786358457239,62086,0,5230272,0,6795045,0
1989,1786358457250,62798,0,5230408,0,6795237,0
1990,1786358457259,63446,0,5230535,0,6795592,0
1991,1786358457269,63972,0,5230763,0,6795789,0
1992,1786358457279,64760,0,5230998,0,6796245,0
1993,1786358457289,65493,0,5231269,0,6796648,0
1994,1786358457299,66224,0,5231599,0,6797163,0
1995,1786358457309,67089,0,5231769,0,6797362,0
1996,1786358457319,67743,0,5232129,0,6797725,0
1997,1786358457329,68498,0,5232244,0,6797925,0
1998,1786358457339,69212,0,5232283,0,6798081,0
1999,1786358457350,69780,0,5232426,0,6798227,0
2000,1786358457359,70592,0,5232713,0,6798762,0
2001,1786358457373,71275,0,5233001,0,6799157,0
2002,1786358457379,71945,0,5233159,0,6799419,0
2003,1786358457389,72600,0,5233370,0,6799621,0
2004,1786358457399,72897,0,5233395,0,6799984,0
2005,1786358457409,73069,0,5233622,0,6800200,0
2006,1786358457419,73207,0,5233860,0,6800344,0
2007,1786358457429,72882,0,5233878,0,6800232,0
2008,1786358457439,72602,0,5234001,0,6800236,0
2009,1786358457450,72137,0,5234094,0,6800320,0
2010,1786358457459,71578,0,5234257,0,6800210,0
2011,1786358457469,71188,0,5234467,0,6800123,0
2012,1786358457480,70667,0,5234613,0,6800339,0
2013,1786358457490,70362,0,5234773,0,6800453,0
2014,1786358457499,69978,0,5234914,0,6800654,0
2015,1786358457510,69709,0,5235020,0,6800859,0
2016,1786358457519,69369,0,5234852,0,6800675,0
2017,1786358457531,69237,0,5234748,0,6800329,0
2018,1786358457539,68996,0,5234759,0,6800184,0
2019,1786358457550,68946,0,5234794,0,6800183,0
2020,1786358457559,68875,0,5234854,0,6800207,0
2021,1786358457570,68737,0,5234933,0,6800417,0
2022,1786358457579,68947,0,5235228,0,6800788,0
2023,1786358457589,69098,0,5235365,0,6800997,0
2024,1786358457600,69198,0,5235670,0,6801316,0
2025,1786358457610,69624,0,5235855,0,6801694,0
2026,1786358457619,69971,0,5236017,0,6801804,0
2027,1786358457630,70276,0,5236130,0,6801892,0
2028,1786358457639,70800,0,5236346,0,6802238,0
2029,1786358457650,71341,0,5236616,0,6802597,0
2030,1786358457659,71847,0,5236775,0,6802873,0
2031,1786358457671,72161,0,5236858,0,6803005,0
2032,1786358457679,72656,0,5236993,0,6803078,0
2033,1786358457693,73008,0,5237126,0,6803287,0
2034,1786358457700,73228,0,5237149,0,6803507,0
2035,1786358457710,73519,0,5237286,0,6803626,0
2036,1786358457719,73773,0,5237274,0,6803441,0
2037,1786358457730,73848,0,5237125,0,6803163,0
2038,1786358457739,74042,0,5237132,0,6803160,0
2039,1786358457751,73986,0,5237243,0,6803308,0
2040,1786358457759,74333,0,5237383,0,6803455,0
2041,1786358457770,74756,0,5237537,0,6803875,0
2042,1786358457780,74817,0,5237598,0,6803781,0
2043,1786358457790,75054,0,5237665,0,6803740,0
2044,1786358457799,75392,0,5237801,0,6804008,0
2045,1786358457810,75548,0,5237743,0,6803880,0
2046,1786358457819,75767,0,5237695,0,6803900,0
2047,1786358457830,76169,0,5237650,0,6803781,0
2048,1786358457839,76337,0,5237687,0,6803735,0
2049,1786358457852,76642,0,5237746,0,6803868,0
2050,1786358457859,76907,0,5237942,0,6803977,0
2051,1786358457870,77421,0,5237915,0,6803952,0
2052,1786358457879,77725,0,5238137,0,6804261,0
2053,1786358457890,78199,0,5238267,0,6804319,0
2054,1786358457899,78673,0,5238249,0,6804496,0
2055,1786358457910,79273,0,5238267,0,6804589,0
2056,1786358457920,79684,0,5238331,0,6804645,0
2057,1786358457930,80257,0,5238482,0,6804552,0
2058,1786358457939,80607,0,5238455,0,6804493,0
2059,1786358457950,81028,0,5238524,0,6804684,0
2060,1786358457960,81649,0,5238426,0,6804640,0
2061,1786358457970,82073,0,5238676,0,6804868,0
2062,1786358457980,82770,0,5238741,0,6804907,0
2063,1786358457990,83201,0,5239010,0,6805255,0
2064,1786358458000,83761,0,5239079,0,6805374,0
2065,1786358458015,84285,0,5239050,0,6805423,0
2066,1786358458020,84944,0,5239089,0,6805423,0
2067,1786358458030,85435,0,5238905,0,6805312,0
2068,1786358458040,86020,0,5239070,0,6805191,0
2069,1786358458050,86492,0,5238987,0,6805152,0
2070,1786358458060,87062,0,5239123,0,6805288,0
2071,1786358458070,87510,0,5239479,0,6805687,0
2072,1786358458081,88140,0,5239734,0,6806009,0
2073,1786358458091,88695,0,5239765,0,6806218,0
2074,1786358458100,89342,0,5240009,0,6806283,0
2075,1786358458110,89658,0,5240026,0,6806336,0
2076,1786358458120,89847,0,5240063,0,6806326,0
2077,1786358458132,89987,0,5240320,0,6806519,0
2078,1786358458140,89933,0,5240408,0,6806661,0
2079,1786358458152,89487,0,5240407,0,6806746,0
2080,1786358458160,89053,0,5240373,0,6806279,0
2081,1786358458172,88612,0,5240393,0,6805917,0
2082,1786358458180,87737,0,5240196,0,6805891,0
2083,1786358458190,87064,0,5240136,0,6805637,0
2084,1786358458200,86421,0,5240165,0,6805542,0
2085,1786358458210,85617,0,5240047,0,6805132,0
2086,1786358458220,85044,0,5240029,0,6805023,0
2087,1786358458230,84446,0,5239864,0,6804882,0
2088,1786358458240,83997,0,5239879,0,6804514,0
2089,1786358458251,83608,0,5239745,0,6804232,0
2090,1786358458260,83269,0,5239456,0,6803856,0
2091,1786358458272,82826,0,5239268,0,6803488,0
2092,1786358458286,82528,0,5239014,0,6802994,0
2093,1786358458290,82174,0,5239000,0,6802853,0
2094,1786358458304,81987,0,5238960,0,6802753,0
2095,1786358458311,81915,0,5238933,0,6802747,0
2096,1786358458320,81747,0,5238933,0,6802582,0
2097,1786358458333,81951,0,5238854,0,6802511,0
2098,1786358458340,81940,0,5238952,0,6802395,0
2099,1786358458351,82024,0,5239100,0,6802574,0
2100,1786358458365,82249,0,5239011,0,6802762,0
2101,1786358458370,82606,0,5239116,0,6802667,0
2102,1786358458380,82635,0,5239124,0,6802538,0
2103,1786358458390,82911,0,5238962,0,6802526,0
2104,1786358458400,83162,0,5239095,0,6802576,0
2105,1786358458410,83323,0,5239166,0,6802574,0
2106,1786358458420,83392,0,5238946,0,6802336,0
2107,1786358458431,83292,0,5238805,0,6802066,0
2108,1786358458440,83211,0,5238672,0,6801832,0
2109,1786358458451,83306,0,5238678,0,6801765,0
2110,1786358458460,83322,0,5238761,0,6801742,0
2111,1786358458473,83264,0,5238699,0,6801669,0
2112,1786358458481,83429,0,5238742,0,6801651,0
2113,1786358458494,83260,0,5238726,0,6801675,0
2114,1786358458501,83436,0,5238803,0,6801661,0
2115,1786358458511,83308,0,5238683,0,6801446,0
2116,1786358458521,83460,0,5238574,0,6801200,0
2117,1786358458531,83493,0,5238476,0,6801220,0
2118,1786358458541,83620,0,5238470,0,6801109,0
2119,1786358458551,83755,0,5238269,0,6800833,0
2120,1786358458561,83828,0,5238134,0,6800651,0
2121,1786358458572,83959,0,5238031,0,6800410,0
2122,1786358458581,84164,0,5237957,0,6800224,0
2123,1786358458592,84151,0,5237880,0,6800095,0
2124,1786358458601,84397,0,5237717,0,6799943,0
2125,1786358458613,84510,0,5237645,0,6799921,0
2126,1786358458622,84876,0,5237862,0,6799942,0
2127,1786358458632,85072,0,5237607,0,6799758,0
2128,1786358458641,85323,0,5237574,0,6799699,0
2129,1786358458654,85562,0,5237580,0,6799423,0
2130,1786358458661,85872,0,5237422,0,6799469,0
2131,1786358458671,86166,0,5237517,0,6799390,0
2132,1786358458682,86451,0,5237233,0,6799218,0
2133,1786358458693,86683,0,5237100,0,6799150,0
2134,1786358458702,86991,0,5237092,0,6798630,0
2135,1786358458711,87246,0,5236978,0,6798689,0
2136,1786358458722,87593,0,5236948,0,6798541,0
2137,1786358458732,87815,0,5236970,0,6798671,0
2138,1786358458741,88138,0,5236926,0,6798563,0
2139,1786358458752,88557,0,5236878,0,6798541,0
2140,1786358458761,88727,0,5236891,0,6798531,0
2141,1786358458772,89130,0,5236997,0,6798556,0
2142,1786358458782,89560,0,5236921,0,6798762,0
2143,1786358458792,89916,0,5236993,0,6798600,0
2144,1786358458801,90289,0,5236845,0,6798602,0
2145,1786358458814,90672,0,5236963,0,6798420,0
2146,1786358458821,91025,0,5236775,0,6798193,0
2147,1786358458832,91330,0,5236746,0,6798210,0
2148,1786358458841,91617,0,5236843,0,6798134,0
2149,1786358458853,91954,0,5236887,0,6798405,0
2150,1786358458862,92470,0,5236888,0,6798550,0
2151,1786358458872,92829,0,5236879,0,6798483,0
2152,1786358458882,93075,0,5236977,0,6798459,0
2153,1786358458892,93291,0,5237008,0,6798605,0
2154,1786358458902,93217,0,5237058,0,6798569,0
2155,1786358458912,92837,0,5237257,0,6798650,0
2156,1786358458922,92514,0,5237201,0,6798491,0
2157,1786358458932,91910,0,5237133,0,6798333,0
2158,1786358458942,91199,0,5237083,0,6798094,0
2159,1786358458954,90224,0,5236865,0,6797755,0
2160,1786358458962,89250,0,5236839,0,6797489,0
2161,1786358458976,88345,0,5236660,0,6797093,0
2162,1786358458982,87541,0,5236557,0,6796970,0
2163,1786358458992,86607,0,5236304,0,6796563,0
2164,1786358459002,85554,0,5236265,0,6796137,0
2165,1786358459012,84705,0,5235954,0,6795660,0
2166,1786358459022,83926,0,5235922,0,6795393,0
2167,1786358459032,83451,0,5235724,0,6795113,0
2168,1786358459043,82803,0,5235572,0,6794738,0
2169,1786358459054,82098,0,5235307,0,6794534,0
2170,1786358459062,81588,0,5235266,0,6794287,0
2171,1786358459072,80907,0,5235237,0,6793956,0
2172,1786358459082,80447,0,5235020,0,6793768,0
2173,1786358459109,80234,0,5235073,0,6793554,0
2174,1786358459112,79670,0,5234798,0,6793243,0
2175,1786358459113,79401,0,5234686,0,6793037,0
2176,1786358459122,78973,0,5234474,0,6792919,0
2177,1786358459134,78920,0,5234323,0,6792464,0
2178,1786358459142,78582,0,5234266,0,6792346,0
2179,1786358459153,78457,0,5234128,0,6792173,0
2180,1786358459162,78381,0,5234240,0,6792183,0
2181,1786358459173,78289,0,5234297,0,6792361,0
2182,1786358459182,78201,0,5234225,0,6792197,0
2183,1786358459193,78271,0,5234250,0,6792223,0
2184,1786358459202,78129,0,5234209,0,6792156,0
2185,1786358459214,78051,0,5234192,0,6792037,0
2186,1786358459222,77956,0,5234035,0,6791934,0
2187,1786358459233,77855,0,5233949,0,6791658,0
2188,1786358459242,77685,0,5233761,0,6791285,0
2189,1786358459253,77373,0,5233884,0,6791425,0
2190,1786358459265,77162,0,5233757,0,6791525,0
2191,1786358459273,77256,0,5233764,0,6791247,0
2192,1786358459285,77002,0,5233663,0,6791207,0
2193,1786358459295,76833,0,5233604,0,6790922,0
2194,1786358459302,76787,0,5233578,0,6790896,0
2195,1786358459314,76644,0,5233485,0,6790621,0
2196,1786358459322,76598,0,5233256,0,6790446,0
2197,1786358459333,76579,0,5233187,0,6790274,0
2198,1786358459342,76358,0,5233013,0,6790048,0
2199,1786358459353,76348,0,5233042,0,6789947,0
2200,1786358459362,76451,0,5232918,0,6789933,0
2201,1786358459373,76597,0,5232941,0,6789864,0
2202,1786358459384,76675,0,5232830,0,6789574,0
2203,1786358459393,76779,0,5232713,0,6789469,0
2204,1786358459402,76949,0,5232568,0,6789275,0
2205,1786358459413,77020,0,5232472,0,6788994,0
2206,1786358459423,77117,0,5232273,0,6788663,0
2207,1786358459434,77055,0,5232153,0,6788539,0
2208,1786358459443,77125,0,5231978,0,6788336,0
2209,1786358459455,77420,0,5231938,0,6788218,0
2210,1786358459463,77552,0,5231756,0,6787986,0
2211,1786358459474,77673,0,5231916,0,6788010,0
2212,1786358459483,77851,0,5231731,0,6787804,0
2213,1786358459495,77917,0,5231546,0,6787572,0
2214,1786358459503,78132,0,5231506,0,6787448,0
2215,1786358459513,78228,0,5231175,0,6787159,0
2216,1786358459523,78257,0,5231244,0,6786939,0
2217,1786358459533,78636,0,5230971,0,6786684,0
2218,1786358459543,78860,0,5230909,0,6786606,0
2219,1786358459553,79017,0,5230930,0,6786532,0
2220,1786358459563,79203,0,5230825,0,6786617,0
2221,1786358459574,79437,0,5230914,0,6786520,0
2222,1786358459583,79752,0,5230877,0,6786411,0
2223,1786358459594,79964,0,5230906,0,6786569,0
2224,1786358459603,80262,0,5230879,0,6786674,0
2225,1786358459616,80391,0,5230998,0,6786643,0
2226,1786358459623,80687,0,5230882,0,6786589,0
2227,1786358459633,81084,0,5230893,0,6786695,0
2228,1786358459643,81388,0,5230918,0,6786701,0
2229,1786358459654,81575,0,5230751,0,6786532,0
2230,1786358459663,81961,0,5230685,0,6786477,0
2231,1786358459674,82295,0,5230675,0,6786348,0
2232,1786358459683,82534,0,5230568,0,6786328,0
2233,1786358459694,82847,0,5230673,0,6786323,0
2234,1786358459703,83111,0,5230848,0,6786423,0
2235,1786358459713,83657,0,5230980,0,6786566,0
2236,1786358459723,83726,0,5230986,0,6786660,0
2237,1786358459733,83919,0,5231177,0,6786740,0
2238,1786358459743,83990,0,5231371,0,6786917,0
2239,1786358459754,83726,0,5231478,0,6787025,0
2240,1786358459764,83256,0,5231341,0,6786830,0
2241,1786358459776,82753,0,5231333,0,6786707,0
2242,1786358459783,81871,0,5231243,0,6786408,0
2243,1786358459794,81039,0,5231066,0,6786025,0
2244,1786358459803,80197,0,5230954,0,6785622,0
2245,1786358459814,79219,0,5230768,0,6785477,0
2246,1786358459823,78399,0,5230700,0,6785270,0
2247,1786358459834,77509,0,5230768,0,6785128,0
2248,1786358459843,76662,0,5230482,0,6784770,0
2249,1786358459854,75825,0,5230384,0,6784481,0
2250,1786358459864,75352,0,5230091,0,6784132,0
2251,1786358459874,74498,0,5229895,0,6783715,0
2252,1786358459883,73889,0,5229612,0,6783316,0
2253,1786358459894,73193,0,5229414,0,6782987,0
2254,1786358459903,72697,0,5229271,0,6782724,0
2255,1786358459914,72098,0,5229229,0,6782468,0
2256,1786358459925,71650,0,5229084,0,6782290,0
2257,1786358459937,71435,0,5229091,0,6782194,0
2258,1786358459944,71008,0,5229081,0,6782040,0
2259,1786358459955,70908,0,5228842,0,6782080,0
2260,1786358459964,70695,0,5228646,0,6781814,0
2261,1786358459974,70525,0,5228360,0,6781566,0
2262,1786358459984,70355,0,5228344,0,6781197,0
2263,1786358459994,70266,0,5228176,0,6780938,0
2264,1786358460004,70149,0,5228087,0,6780762,0
2265,1786358460015,69782,0,5228124,0,6780810,0
2266,1786358460024,69868,0,5227955,0,6780702,0
2267,1786358460034,69744,0,5227997,0,6780573,0
2268,1786358460044,69758,0,5227963,0,6780482,0
2269,1786358460055,69384,0,5227833,0,6780340,0
2270,1786358460064,69356,0,5227695,0,6780224,0
2271,1786358460075,69115,0,5227634,0,6780063,0
2272,1786358460084,69031,0,5227652,0,6780134,0
2273,1786358460096,68868,0,5227608,0,6780024,0
2274,1786358460104,68544,0,5227597,0,6780083,0
2275,1786358460115,68566,0,5227704,0,6780091,0
2276,1786358460126,68644,0,5227655,0,6780151,0
2277,1786358460135,68369,0,5227669,0,6780074,0
2278,1786358460144,68437,0,5227689,0,6780287,0
2279,1786358460155,68392,0,5227764,0,6780199,0
2280,1786358460164,68245,0,5227722,0,6780156,0
2281,1786358460175,68353,0,5227847,0,6780301,0
2282,1786358460184,68504,0,5227898,0,6780472,0
2283,1786358460195,68730,0,5227893,0,6780445,0
2284,1786358460204,68761,0,5227884,0,6780500,0
2285,1786358460215,69069,0,5228045,0,6780554,0
2286,1786358460224,69322,0,5227949,0,6780728,0
2287,1786358460237,69573,0,5227993,0,6780698,0
2288,1786358460244,69942,0,5228018,0,6780737,0
2289,1786358460258,70147,0,5228066,0,6780581,0
2290,1786358460264,70294,0,5228012,0,6780808,0
2291,1786358460280,70639,0,5228081,0,6780817,0
2292,1786358460290,71032,0,5228203,0,6781176,0
2293,1786358460296,71359,0,5228410,0,6781445,0
2294,1786358460305,71904,0,5228461,0,6781639,0
2295,1786358460315,72309,0,5228685,0,6781790,0
2296,1786358460325,72782,0,5228937,0,6782006,0
2297,1786358460335,73232,0,5229017,0,6782229,0
2298,1786358460344,73741,0,5229081,0,6782577,0
2299,1786358460355,74177,0,5229251,0,6782715,0
2300,1786358460364,74689,0,5229315,0,6782793,0
2301,1786358460375,75213,0,5229323,0,6782963,0
2302,1786358460385,75516,0,5229458,0,6783096,0
2303,1786358460396,75998,0,5229544,0,6783349,0
2304,1786358460405,76624,0,5229695,0,6783685,0
2305,1786358460417,77132,0,5229844,0,6783969,0
2306,1786358460425,77755,0,5230141,0,6784242,0
2307,1786358460435,78306,0,5230169,0,6784354,0
2308,1786358460445,78843,0,5230389,0,6784727,0
2309,1786358460457,79313,0,5230543,0,6784931,0
2310,1786358460465,79929,0,5230848,0,6785368,0
2311,1786358460475,80501,0,5231062,0,6785826,0
2312,1786358460485,81170,0,5231324,0,6786286,0
2313,1786358460496,81791,0,5231374,0,6786547,0
2314,1786358460505,82432,0,5231678,0,6786786,0
2315,1786358460517,83269,0,5231785,0,6787217,0
2316,1786358460525,83866,0,5232112,0,6787555,0
2317,1786358460535,84561,0,5232342,0,6787902,0
2318,1786358460545,85394,0,5232519,0,6788271,0
2319,1786358460556,86125,0,5232759,0,6788627,0
2320,1786358460565,87062,0,5233091,0,6789193,0
2321,1786358460578,87800,0,5233428,0,6789647,0
2322,1786358460585,88678,0,5233688,0,6790221,0
2323,1786358460595,89344,0,5234026,0,6790658,0
2324,1786358460605,90225,0,5234330,0,6791099,0
2325,1786358460616,91070,0,5234661,0,6791501,0
2326,1786358460625,91687,0,5234809,0,6791907,0
2327,1786358460636,92005,0,5235005,0,6791988,0
2328,1786358460645,92351,0,5235111,0,6792105,0
2329,1786358460656,92413,0,5235368,0,6792366,0
2330,1786358460665,92199,0,5235673,0,6792691,0
2331,1786358460676,92164,0,5235781,0,6792971,0
2332,1786358460686,91584,0,5235941,0,6793009,0
2333,1786358460696,91328,0,5236049,0,6793017,0
2334,1786358460706,90809,0,5236111,0,6793030,0
2335,1786358460716,90300,0,5236052,0,6793074,0
2336,1786358460725,89921,0,5236182,0,6793064,0
2337,1786358460739,89662,0,5236180,0,6793210,0
2338,1786358460746,89236,0,5236003,0,6792981,0
2339,1786358460756,88998,0,5236055,0,6792877,0
2340,1786358460766,88734,0,5235970,0,6792926,0
2341,1786358460776,88560,0,5236079,0,6793068,0
2342,1786358460786,88364,0,5236123,0,6793031,0
2343,1786358460796,88382,0,5236388,0,6793348,0
2344,1786358460805,88537,0,5236469,0,6793569,0
2345,1786358460817,88615,0,5236642,0,6793905,0
2346,1786358460826,88751,0,5236832,0,6794165,0
2347,1786358460836,88869,0,5237080,0,6794512,0
2348,1786358460846,89213,0,5237271,0,6794738,0
2349,1786358460858,89459,0,5237429,0,6795158,0
2350,1786358460866,89911,0,5237603,0,6795218,0
2351,1786358460877,90379,0,5237807,0,6795714,0
2352,1786358460886,90680,0,5238014,0,6796050,0
2353,1786358460900,91138,0,5238229,0,6796434,0
2354,1786358460906,91581,0,5238262,0,6796624,0
2355,1786358460916,91968,0,5238505,0,6796855,0
2356,1786358460926,92360,0,5238506,0,6797015,0
2357,1786358460936,92568,0,5238642,0,6797205,0
2358,1786358460946,92992,0,5238531,0,6797185,0
2359,1786358460957,93022,0,5238604,0,6797341,0
2360,1786358460966,93440,0,5238716,0,6797471,0
2361,1786358460979,93534,0,5238811,0,6797571,0
2362,1786358460986,93816,0,5238872,0,6797916,0
2363,1786358460996,93909,0,5238958,0,6797841,0
2364,1786358461006,94101,0,5238970,0,6797926,0
2365,1786358461018,94413,0,5238989,0,6798011,0
2366,1786358461026,94517,0,5239015,0,6797961,0
2367,1786358461037,94582,0,5239008,0,6798166,0
2368,1786358461046,94835,0,5239093,0,6798070,0
2369,1786358461059,94977,0,5238827,0,6797785,0
2370,1786358461066,95124,0,5238766,0,6797671,0
2371,1786358461077,95421,0,5238700,0,6797613,0
2372,1786358461086,95681,0,5238797,0,6797866,0
2373,1786358461097,95906,0,5238814,0,6797906,0
2374,1786358461106,96414,0,5238923,0,6798064,0
2375,1786358461117,96643,0,5239152,0,6798424,0
2376,1786358461127,97142,0,5239232,0,6798473,0
2377,1786358461137,97562,0,5239324,0,6798538,0
2378,1786358461146,97909,0,5239478,0,6798925,0
2379,1786358461157,98470,0,5239663,0,6799253,0
2380,1786358461166,98887,0,5239714,0,6799332,0
2381,1786358461177,99203,0,5239785,0,6799392,0
2382,1786358461187,99701,0,5239788,0,6799384,0
2383,1786358461198,100378,0,5239869,0,6799578,0
2384,1786358461206,100771,0,5240040,0,6799829,0
2385,1786358461220,101416,0,5240214,0,6800128,0
2386,1786358461227,101954,0,5240305,0,6800265,0
2387,1786358461237,102367,0,5240296,0,6800239,0
2388,1786358461247,102901,0,5240276,0,6800288,0
2389,1786358461257,103457,0,5240297,0,6800434,0
2390,1786358461267,103844,0,5240364,0,6800360,0
2391,1786358461277,104366,0,5240284,0,6800472,0
2392,1786358461287,104792,0,5240299,0,6800415,0
2393,1786358461298,105303,0,5240294,0,6800443,0
2394,1786358461307,105639,0,5240401,0,6800562,0
2395,1786358461317,106353,0,5240394,0,6800632,0
2396,1786358461327,106783,0,5240338,0,6800633,0
2397,1786358461337,107127,0,5240168,0,6800487,0
2398,1786358461347,107519,0,5240167,0,6800408,0
2399,1786358461358,107941,0,5240113,0,6800132,0
2400,1786358461367,108218,0,5239986,0,6800166,0
2401,1786358461379,108680,0,5239919,0,6800272,0
2402,1786358461387,109231,0,5239949,0,6800491,0
2403,1786358461397,109835,0,5240094,0,6800469,0
2404,1786358461413,110017,0,5240264,0,6800706,0
2405,1786358461419,110344,0,5240261,0,6800812,0
2406,1786358461427,110413,0,5240449,0,6800761,0
2407,1786358461437,110378,0,5240510,0,6800933,0
2408,1786358461447,110110,0,5240589,0,6800916,0
2409,1786358461458,109878,0,5240604,0,6800819,0
2410,1786358461467,109274,0,5240486,0,6800708,0
2411,1786358461477,108423,0,5240398,0,6800368,0
2412,1786358461487,107696,0,5240271,0,6800031,0
2413,1786358461498,107112,0,5240253,0,6800007,0
2414,1786358461507,106465,0,5240174,0,6799604,0
2415,1786358461518,105869,0,5240083,0,6799399,0
2416,1786358461527,105297,0,5239898,0,6799282,0
2417,1786358461540,104663,0,5239798,0,6799108,0
2418,1786358461548,104292,0,5239531,0,6798863,0
2419,1786358461558,103807,0,5239395,0,6798505,0
2420,1786358461567,103318,0,5239210,0,6798279,0
2421,1786358461578,102897,0,5238998,0,6798106,0
2422,1786358461588,102777,0,5239097,0,6797997,0
2423,1786358461598,102472,0,5238992,0,6797863,0
2424,1786358461607,102371,0,5238960,0,6798030,0
2425,1786358461618,102078,0,5238875,0,6797894,0
2426,1786358461628,102133,0,5238822,0,6797784,0
2427,1786358461638,102251,0,5238928,0,6797870,0
2428,1786358461647,102216,0,5239032,0,6798044,0
2429,1786358461658,102399,0,5239097,0,6798125,0
2430,1786358461668,102606,0,5238962,0,6798205,0
2431,1786358461678,102738,0,5238852,0,6798074,0
2432,1786358461688,103081,0,5238959,0,6798189,0
2433,1786358461700,103070,0,5238764,0,6797931,0
2434,1786358461711,103096,0,5238684,0,6797834,0
2435,1786358461718,103039,0,5238574,0,6797549,0
2436,1786358461729,102919,0,5238531,0,6797487,0
2437,1786358461738,103094,0,5238373,0,6797504,0
2438,1786358461748,102965,0,5238378,0,6797256,0
2439,1786358461761,102654,0,5238565,0,6797507,0
2440,1786358461768,102632,0,5238510,0,6797505,0
2441,1786358461778,102664,0,5238352,0,6797425,0
2442,1786358461788,102558,0,5238360,0,6797269,0
2443,1786358461798,102735,0,5238471,0,6797527,0
2444,1786358461811,102718,0,5238306,0,6797463,0
2445,1786358461820,102721,0,5238070,0,6797202,0
2446,1786358461828,102654,0,5237925,0,6796909,0
2447,1786358461839,102714,0,5237723,0,6796686,0
2448,1786358461848,102666,0,5237733,0,6796634,0
2449,1786358461862,102746,0,5237608,0,6796632,0
2450,1786358461868,102857,0,5237727,0,6796486,0
2451,1786358461879,102858,0,5237755,0,6796640,0
2452,1786358461888,103139,0,5237761,0,6796753,0
2453,1786358461899,103176,0,5237585,0,6796543,0
2454,1786358461911,103512,0,5237480,0,6796548,0
2455,1786358461919,103772,0,5237401,0,6796441,0
2456,1786358461929,103866,0,5237375,0,6796398,0
2457,1786358461939,104222,0,5237445,0,6796423,0
2458,1786358461948,104378,0,5237255,0,6796179,0
2459,1786358461960,104666,0,5236993,0,6796034,0
2460,1786358461969,104916,0,5237012,0,6796014,0
2461,1786358461979,105180,0,5236969,0,6795794,0
2462,1786358461989,105378,0,5236710,0,6795642,0
2463,1786358462002,105560,0,5236637,0,6795459,0
2464,1786358462010,105818,0,5236306,0,6795230,0
2465,1786358462021,105995,0,5236265,0,6795090,0
2466,1786358462029,106307,0,5236351,0,6795118,0
2467,1786358462039,106484,0,5236153,0,6794935,0
2468,1786358462049,106726,0,5236151,0,6795094,0
2469,1786358462060,107020,0,5236165,0,6794990,0
2470,1786358462069,107291,0,5236055,0,6794979,0
2471,1786358462079,107822,0,5235752,0,6794765,0
2472,1786358462089,108055,0,5235881,0,6794697,0
2473,1786358462100,108565,0,5235816,0,6794958,0
2474,1786358462110,108704,0,5235756,0,6794673,0
2475,1786358462119,109022,0,5235538,0,6794541,0
2476,1786358462129,109148,0,5235497,0,6794474,0
2477,1786358462139,109535,0,5235430,0,6794405,0
2478,1786358462149,109865,0,5235447,0,6794353,0
2479,1786358462160,110115,0,5235323,0,6794286,0
2480,1786358462169,110298,0,5235291,0,6794225,0
2481,1786358462182,110607,0,5235146,0,6794216,0
2482,1786358462189,111012,0,5235292,0,6794434,0
2483,1786358462199,111427,0,5235336,0,6794534,0
2484,1786358462210,111592,0,5235486,0,6794700,0
2485,1786358462219,111411,0,5235643,0,6794845,0
2486,1786358462229,111218,0,5235739,0,6794980,0
2487,1786358462256,110807,0,5235819,0,6794915,0
2488,1786358462256,110172,0,5235720,0,6794802,0
2489,1786358462273,109558,0,5235630,0,6794642,0
2490,1786358462273,108611,0,5235499,0,6794194,0
2491,1786358462281,107533,0,5235237,0,6794047,0
2492,1786358462290,106519,0,5235047,0,6793575,0
2493,1786358462300,105600,0,5234902,0,6793251,0
2494,1786358462309,104542,0,5234685,0,6793093,0
2495,1786358462322,103596,0,5234522,0,6792834,0
2496,1786358462330,102638,0,5234523,0,6792701,0
2497,1786358462341,101823,0,5234293,0,6792317,0
2498,1786358462349,101039,0,5234090,0,6792065,0
2499,1786358462360,100313,0,5233806,0,6791689,0
2500,1786358462369,99608,0,5233696,0,6791486,0
2501,1786358462379,98890,0,5233585,0,6791438,0
2502,1786358462389,98168,0,5233498,0,6791086,0
2503,1786358462399,97483,0,5233286,0,6790948,0
2504,1786358462409,96980,0,5233089,0,6790827,0
2505,1786358462422,96516,0,5232944,0,6790506,0
2506,1786358462429,96246,0,5232895,0,6790424,0
2507,1786358462439,95612,0,5232854,0,6790292,0
2508,1786358462455,95601,0,5232764,0,6790161,0
2509,1786358462460,95326,0,5232722,0,6790169,0
2510,1786358462471,95052,0,5232599,0,6789864,0
2511,1786358462480,94943,0,5232370,0,6789771,0
2512,1786358462489,94660,0,5232405,0,6789661,0
2513,1786358462505,94403,0,5232439,0,6789580,0
2514,1786358462511,94328,0,5232247,0,6789518,0
2515,1786358462519,94037,0,5232127,0,6789477,0
2516,1786358462529,93753,0,5231985,0,6789244,0
2517,1786358462540,93434,0,5231818,0,6788963,0
2518,1786358462555,93247,0,5231593,0,6788709,0
2519,1786358462560,92823,0,5231519,0,6788588,0
2520,1786358462572,92614,0,5231473,0,6788529,0
2521,1786358462579,92174,0,5231501,0,6788608,0
2522,1786358462589,92054,0,5231324,0,6788402,0
2523,1786358462604,91770,0,5231246,0,6788203,0
2524,1786358462609,91477,0,5231160,0,6788123,0
2525,1786358462623,91169,0,5231110,0,6787885,0
2526,1786358462630,90819,0,5230853,0,6787791,0
2527,1786358462640,90621,0,5230769,0,6787479,0
2528,1786358462652,90456,0,5230713,0,6787465,0
2529,1786358462662,90077,0,5230532,0,6787233,0
2530,1786358462669,89976,0,5230476,0,6787016,0
2531,1786358462679,89712,0,5230185,0,6786920,0
2532,1786358462689,89489,0,5230119,0,6786659,0
2533,1786358462700,89487,0,5229947,0,6786431,0
2534,1786358462709,89384,0,5229817,0,6786334,0
2535,1786358462720,89259,0,5229744,0,6786124,0
2536,1786358462729,89408,0,5229779,0,6786156,0
2537,1786358462740,89348,0,5229523,0,6785935,0
2538,1786358462750,89288,0,5229397,0,6785923,0
2539,1786358462760,89534,0,5229298,0,6785698,0
2540,1786358462769,89435,0,5229263,0,6785579,0
2541,1786358462780,89495,0,5229216,0,6785518,0
2542,1786358462790,89636,0,5229258,0,6785366,0
2543,1786358462800,89704,0,5229060,0,6785376,0
2544,1786358462810,89943,0,5229068,0,6785360,0
2545,1786358462823,89804,0,5228978,0,6785297,0
2546,1786358462829,90058,0,5228891,0,6785222,0
2547,1786358462840,90025,0,5228729,0,6785067,0
2548,1786358462850,90358,0,5228712,0,6785064,0
2549,1786358462860,90494,0,5228676,0,6785059,0
2550,1786358462870,90647,0,5228713,0,6784999,0
2551,1786358462880,90680,0,5228731,0,6784978,0
2552,1786358462890,90963,0,5228777,0,6785075,0
2553,1786358462908,91043,0,5228734,0,6785078,0
2554,1786358462911,91347,0,5228580,0,6785026,0
2555,1786358462921,91514,0,5228518,0,6784894,0
2556,1786358462930,91672,0,5228514,0,6784774,0
2557,1786358462940,91882,0,5228444,0,6784870,0
2558,1786358462956,92155,0,5228536,0,6785059,0
2559,1786358462961,92516,0,5228591,0,6785183,0
2560,1786358462970,92688,0,5228533,0,6785265,0
2561,1786358462982,92857,0,5228608,0,6785243,0
2562,1786358462990,93119,0,5228702,0,6785181,0
2563,1786358463003,93544,0,5228576,0,6785378,0
2564,1786358463010,93650,0,5228651,0,6785267,0
2565,1786358463020,93927,0,5228721,0,6785454,0
2566,1786358463030,94100,0,5228821,0,6785555,0
2567,1786358463040,93850,0,5228963,0,6785579,0
2568,1786358463050,93725,0,5229055,0,6785707,0
2569,1786358463060,93377,0,5229001,0,6785763,0
2570,1786358463070,92812,0,5229269,0,6785904,0
2571,1786358463080,91923,0,5228976,0,6785395,0
2572,1786358463090,91061,0,5228840,0,6785251,0
2573,1786358463100,90041,0,5228649,0,6784818,0
2574,1786358463111,88746,0,5228587,0,6784472,0
2575,1786358463121,87422,0,5228495,0,6784269,0
2576,1786358463131,86309,0,5228337,0,6783988,0
2577,1786358463143,85391,0,5228325,0,6783792,0
2578,1786358463150,84470,0,5228091,0,6783771,0
2579,1786358463164,83317,0,5227882,0,6783325,0
2580,1786358463171,82509,0,5227716,0,6783076,0
2581,1786358463181,81618,0,5227502,0,6782693,0
2582,1786358463190,80547,0,5227208,0,6782269,0
2583,1786358463201,79653,0,5227064,0,6781778,0
2584,1786358463210,78912,0,5226897,0,6781563,0
2585,1786358463221,77998,0,5226746,0,6781478,0
2586,1786358463230,77327,0,5226745,0,6781253,0
2587,1786358463240,76669,0,5226600,0,6780989,0
2588,1786358463250,76237,0,5226550,0,6780919,0
2589,1786358463261,75926,0,5226311,0,6780642,0
2590,1786358463271,75410,0,5226181,0,6780372,0
2591,1786358463285,75012,0,5226157,0,6780215,0
2592,1786358463293,74550,0,5225897,0,6780115,0
2593,1786358463303,74143,0,5225789,0,6779639,0
2594,1786358463310,73907,0,5225774,0,6779433,0
2595,1786358463321,73433,0,5225639,0,6779332,0
2596,1786358463331,73078,0,5225557,0,6779206,0
2597,1786358463341,72871,0,5225648,0,6779196,0
2598,1786358463350,72589,0,5225425,0,6779085,0
2599,1786358463361,72049,0,5225426,0,6779095,0
2600,1786358463370,71876,0,5225422,0,6778984,0
2601,1786358463381,71494,0,5225236,0,6778910,0
2602,1786358463391,71160,0,5225182,0,6778802,0
2603,1786358463401,70516,0,5225227,0,6778596,0
2604,1786358463411,70273,0,5225242,0,6778617,0
2605,1786358463421,69975,0,5225136,0,6778619,0
2606,1786358463431,69607,0,5225022,0,6778412,0
2607,1786358463442,69429,0,5224880,0,6778202,0
2608,1786358463451,69040,0,5224815,0,6777869,0
2609,1786358463465,68626,0,5224596,0,6777739,0
2610,1786358463471,68306,0,5224510,0,6777600,0
2611,1786358463481,67939,0,5224525,0,6777451,0
2612,1786358463491,67727,0,5224437,0,6777443,0
2613,1786358463502,67627,0,5224401,0,6777212,0
2614,1786358463511,67517,0,5224375,0,6777239,0
2615,1786358463521,67554,0,5224416,0,6777240,0
2616,1786358463531,67506,0,5224375,0,6777214,0
2617,1786358463542,67178,0,5224389,0,6777240,0
2618,1786358463551,67436,0,5224367,0,6777129,0
2619,1786358463562,67394,0,5224246,0,6777050,0
2620,1786358463571,67491,0,5224131,0,6776870,0
2621,1786358463581,67594,0,5224152,0,6777052,0
2622,1786358463592,67504,0,5224081,0,6776834,0
2623,1786358463602,67606,0,5224160,0,6776894,0
2624,1786358463611,67694,0,5224277,0,6776943,0
2625,1786358463624,67971,0,5224348,0,6777321,0
2626,1786358463631,68064,0,5224526,0,6777294,0
2627,1786358463642,68289,0,5224524,0,6777452,0
2628,1786358463651,68536,0,5224674,0,6777453,0
2629,1786358463662,68917,0,5224677,0,6777600,0
2630,1786358463671,68919,0,5224920,0,6777921,0
2631,1786358463682,69422,0,5225079,0,6778097,0
2632,1786358463692,69673,0,5225187,0,6778194,0
2633,1786358463703,70004,0,5225143,0,6778175,0
2634,1786358463711,70382,0,5225187,0,6778434,0
2635,1786358463721,70650,0,5225375,0,6778547,0
2636,1786358463731,71046,0,5225483,0,6778745,0
2637,1786358463742,71377,0,5225526,0,6778997,0
2638,1786358463752,71570,0,5225689,0,6779029,0
2639,1786358463763,71924,0,5225715,0,6779216,0
2640,1786358463771,72394,0,5225907,0,6779446,0
2641,1786358463784,72993,0,5226128,0,6779801,0
2642,1786358463793,73264,0,5226304,0,6780131,0
2643,1786358463802,73940,0,5226508,0,6780510,0
2644,1786358463811,74102,0,5226728,0,6780774,0
2645,1786358463822,74760,0,5227003,0,6781093,0
2646,1786358463832,75150,0,5227200,0,6781474,0
2647,1786358463842,75464,0,5227340,0,6781583,0
2648,1786358463852,75801,0,5227583,0,6781754,0
2649,1786358463863,75664,0,5227704,0,6782069,0
2650,1786358463872,75426,0,5227952,0,6782145,0
2651,1786358463882,75102,0,5228061,0,6782431,0
2652,1786358463892,74297,0,5228085,0,6782273,0
2653,1786358463902,73690,0,5228227,0,6782333,0
2654,1786358463912,72778,0,5228179,0,6782262,0
2655,1786358463923,71756,0,5228098,0,6782092,0
2656,1786358463932,70882,0,5227933,0,6781910,0
2657,1786358463945,69801,0,5227936,0,6781622,0
2658,1786358463952,68943,0,5227923,0,6781683,0
2659,1786358463962,68083,0,5227853,0,6781479,0
2660,1786358463972,67219,0,5227954,0,6781400,0
2661,1786358463982,66440,0,5227816,0,6781323,0
2662,1786358463992,65689,0,5227825,0,6781142,0
2663,1786358464002,64993,0,5227824,0,6781103,0
2664,1786358464012,64412,0,5227851,0,6781081,0
2665,1786358464025,63801,0,5227908,0,6781073,0
2666,1786358464032,63463,0,5227879,0,6781236,0
2667,1786358464044,63081,0,5228177,0,6781350,0
2668,1786358464054,62754,0,5228251,0,6781532,0
2669,1786358464064,62826,0,5228360,0,6781784,0
2670,1786358464074,62756,0,5228492,0,6781759,0
2671,1786358464085,62682,0,5228695,0,6782103,0
2672,1786358464092,62723,0,5228794,0,6782334,0
2673,1786358464106,62948,0,5229000,0,6782567,0
2674,1786358464112,63092,0,5229224,0,6783100,0
2675,1786358464122,63281,0,5229397,0,6783206,0
2676,1786358464132,63513,0,5229670,0,6783643,0
2677,1786358464143,63543,0,5229717,0,6783770,0
2678,1786358464152,63618,0,5229670,0,6783888,0
2679,1786358464163,63636,0,5229611,0,6783674,0
2680,1786358464172,63628,0,5229716,0,6783648,0
2681,1786358464183,63384,0,5229960,0,6783872,0
2682,1786358464192,63540,0,5230062,0,6783954,0
2683,1786358464202,63609,0,5230184,0,6784375,0
2684,1786358464212,63550,0,5230320,0,6784489,0
2685,1786358464223,63620,0,5230533,0,6784826,0
2686,1786358464233,63656,0,5230547,0,6784960,0
2687,1786358464243,63991,0,5230647,0,6785209,0
2688,1786358464253,63781,0,5230624,0,6785049,0
2689,1786358464265,63802,0,5230614,0,6785224,0
2690,1786358464272,63855,0,5230545,0,6785133,0
2691,1786358464285,63802,0,5230682,0,6785221,0
2692,1786358464294,63803,0,5230727,0,6785296,0
2693,1786358464304,63912,0,5230700,0,6785614,0
2694,1786358464316,63853,0,5230753,0,6785429,0
2695,1786358464323,64156,0,5230591,0,6785558,0
2696,1786358464333,64313,0,5230697,0,6785605,0
2697,1786358464343,64576,0,5230874,0,6785845,0
2698,1786358464353,64951,0,5231046,0,6786162,0
2699,1786358464363,65254,0,5231127,0,6786203,0
2700,1786358464373,65583,0,5231275,0,6786600,0
2701,1786358464383,65829,0,5231322,0,6786676,0
2702,1786358464393,66279,0,5231233,0,6786640,0
2703,1786358464404,66589,0,5231277,0,6786756,0
2704,1786358464413,66823,0,5231203,0,6786548,0
2705,1786358464426,67127,0,5231287,0,6786833,0
2706,1786358464433,67389,0,5231518,0,6787174,0
2707,1786358464443,67751,0,5231670,0,6787308,0
2708,1786358464453,68017,0,5231693,0,6787518,0
2709,1786358464464,68138,0,5231701,0,6787582,0
2710,1786358464473,68572,0,5231647,0,6787536,0
2711,1786358464483,68918,0,5231660,0,6787669,0
2712,1786358464493,69361,0,5231711,0,6787630,0
2713,1786358464503,69682,0,5231858,0,6787863,0
2714,1786358464513,70122,0,5231957,0,6788059,0
2715,1786358464523,70388,0,5232083,0,6788033,0
2716,1786358464533,70672,0,5232047,0,6788360,0
2717,1786358464543,71080,0,5232277,0,6788450,0
2718,1786358464553,71525,0,5232502,0,6788849,0
2719,1786358464564,71928,0,5232557,0,6788857,0
2720,1786358464573,72397,0,5232530,0,6789012,0
2721,1786358464585,72642,0,5232576,0,6789020,0
2722,1786358464593,72988,0,5232702,0,6789236,0
2723,1786358464603,72993,0,5232778,0,6789242,0
2724,1786358464613,73066,0,5233007,0,6789467,0
2725,1786358464624,72833,0,5233168,0,6789789,0
2726,1786358464633,72495,0,5233332,0,6789941,0
2727,1786358464645,71863,0,5233326,0,6789830,0
2728,1786358464653,71329,0,5233294,0,6789786,0
2729,1786358464664,70441,0,5233216,0,6789673,0
2730,1786358464673,69385,0,5233183,0,6789356,0
2731,1786358464684,68487,0,5233156,0,6789208,0
2732,1786358464694,67706,0,5233045,0,6789016,0
2733,1786358464705,66708,0,5233030,0,6788976,0
2734,1786358464714,66070,0,5233169,0,6789060,0
2735,1786358464725,65319,0,5233105,0,6788938,0
2736,1786358464734,64623,0,5233167,0,6788948,0
2737,1786358464747,63984,0,5233052,0,6788729,0
2738,1786358464754,63387,0,5232938,0,6788614,0
2739,1786358464764,62865,0,5232993,0,6788597,0
2740,1786358464775,62401,0,5233075,0,6788845,0
2741,1786358464784,62056,0,5233180,0,6788771,0
2742,1786358464794,61768,0,5233230,0,6788919,0
2743,1786358464805,61765,0,5233499,0,6789219,0
2744,1786358464814,61715,0,5233536,0,6789308,0
2745,1786358464824,61656,0,5233690,0,6789520,0
2746,1786358464834,61789,0,5233773,0,6789696,0
2747,1786358464844,61897,0,5233895,0,6789763,0
2748,1786358464854,61979,0,5234097,0,6790124,0
2749,1786358464865,62176,0,5234191,0,6789990,0
2750,1786358464874,62139,0,5234284,0,6790353,0
2751,1786358464885,62250,0,5234217,0,6790429,0
2752,1786358464895,62087,0,5234270,0,6790337,0
2753,1786358464906,62281,0,5234227,0,6790290,0
2754,1786358464914,62133,0,5234295,0,6790379,0
2755,1786358464924,61804,0,5234315,0,6790388,0
2756,1786358464934,61813,0,5234256,0,6790352,0
2757,1786358464945,61614,0,5234155,0,6790151,0
2758,1786358464954,61295,0,5234183,0,6790087,0
2759,1786358464965,61299,0,5234179,0,6789980,0
2760,1786358464974,61114,0,5234050,0,6789939,0
2761,1786358464985,60924,0,5234031,0,6789862,0
2762,1786358464996,60671,0,5233942,0,6789542,0
2763,1786358465008,60509,0,5233896,0,6789458,0
2764,1786358465014,60315,0,5233772,0,6789374,0
2765,1786358465024,60185,0,5233839,0,6789310,0
2766,1786358465034,60070,0,5233765,0,6789230,0
2767,1786358465045,59991,0,5233862,0,6789282,0
2768,1786358465055,59978,0,5233822,0,6789182,0
2769,1786358465068,60024,0,5233812,0,6789199,0
2770,1786358465074,60196,0,5233804,0,6789089,0
2771,1786358465084,60002,0,5233679,0,6789050,0
2772,1786358465094,60083,0,5233700,0,6789092,0
2773,1786358465105,60052,0,5233720,0,6789009,0
2774,1786358465114,60193,0,5233915,0,6789137,0
2775,1786358465125,60304,0,5233997,0,6789412,0
2776,1786358465135,60447,0,5234104,0,6789402,0
2777,1786358465145,60908,0,5234090,0,6789197,0
2778,1786358465154,60655,0,5234020,0,6789217,0
2779,1786358465165,60985,0,5233914,0,6789054,0
2780,1786358465174,61054,0,5233813,0,6788908,0
2781,1786358465185,61334,0,5233894,0,6788992,0
2782,1786358465194,61600,0,5233847,0,6788784,0
2783,1786358465206,61635,0,5233809,0,6788698,0
2784,1786358465215,61885,0,5233806,0,6788668,0
2785,1786358465227,62060,0,5233664,0,6788423,0
2786,1786358465235,62222,0,5233585,0,6788293,0
2787,1786358465245,62329,0,5233524,0,6788220,0
2788,1786358465255,62421,0,5233470,0,6788043,0
2789,1786358465266,62738,0,5233651,0,6787955,0
2790,1786358465275,62697,0,5233613,0,6788058,0
2791,1786358465285,62989,0,5233627,0,6787966,0
2792,1786358465298,63132,0,5233617,0,6788057,0
2793,1786358465305,62983,0,5233604,0,6787985,0
2794,1786358465315,62646,0,5233710,0,6787915,0
2795,1786358465325,62174,0,5233783,0,6787846,0
2796,1786358465335,61247,0,5233690,0,6787466,0
2797,1786358465345,60259,0,5233607,0,6787195,0
2798,1786358465355,58936,0,5233246,0,6786745,0
2799,1786358465367,57526,0,5233058,0,6786051,0
2800,1786358465375,55589,0,5232809,0,6785354,0
2801,1786358465388,54144,0,5232440,0,6784836,0
2802,1786358465395,52353,0,5232256,0,6784330,0
2803,1786358465405,50453,0,5232154,0,6783776,0
2804,1786358465415,48841,0,5231934,0,6783536,0
2805,1786358465426,47198,0,5231704,0,6783203,0
2806,1786358465435,45944,0,5231743,0,6782710,0
2807,1786358465446,44408,0,5231470,0,6782301,0
2808,1786358465455,42972,0,5231187,0,6781939,0
2809,1786358465467,41425,0,5231119,0,6781394,0
2810,1786358465475,40244,0,5231025,0,6781274,0
2811,1786358465486,39144,0,5230954,0,6780922,0
2812,1786358465495,37980,0,5230840,0,6780863,0
2813,1786358465506,37031,0,5230993,0,6780545,0
2814,1786358465515,36013,0,5231015,0,6780627,0
2815,1786358465526,35298,0,5231021,0,6780586,0
2816,1786358465536,34642,0,5231100,0,6780395,0
2817,1786358465547,33936,0,5231019,0,6780182,0
2818,1786358465555,33470,0,5231067,0,6780030,0
2819,1786358465566,32885,0,5231004,0,6780051,0
2820,1786358465577,32332,0,5231066,0,6779779,0
2821,1786358465587,31813,0,5231162,0,6779753,0
2822,1786358465596,31224,0,5231194,0,6779652,0
2823,1786358465607,30702,0,5231096,0,6779316,0
2824,1786358465616,30152,0,5231046,0,6779234,0
2825,1786358465626,29451,0,5230927,0,6778911,0
2826,1786358465636,28967,0,5230916,0,6778818,0
2827,1786358465646,28095,0,5230831,0,6778621,0
2828,1786358465656,27284,0,5230890,0,6778494,0
2829,1786358465667,26643,0,5230728,0,6778264,0
2830,1786358465676,26042,0,5230603,0,6777821,0
2831,1786358465687,25150,0,5230505,0,6777615,0
2832,1786358465696,24432,0,5230400,0,6777396,0
2833,1786358465709,23815,0,5230312,0,6777184,0
2834,1786358465716,23379,0,5230253,0,6776933,0
2835,1786358465726,22542,0,5230245,0,6776766,0
2836,1786358465736,21983,0,5230194,0,6776464,0
2837,1786358465746,21601,0,5230287,0,6776542,0
2838,1786358465756,21137,0,5230162,0,6776403,0
2839,1786358465767,20573,0,5230089,0,6776133,0
2840,1786358465776,20029,0,5230058,0,6775924,0
2841,1786358465786,19779,0,5229852,0,6775456,0
2842,1786358465796,19330,0,5229863,0,6775242,0
2843,1786358465806,18873,0,5229800,0,6774891,0
2844,1786358465816,18530,0,5229905,0,6775035,0
2845,1786358465827,18388,0,5229837,0,6774938,0
2846,1786358465836,18145,0,5229964,0,6774925,0
2847,1786358465847,17940,0,5229925,0,6774706,0
2848,1786358465856,17798,0,5229753,0,6774551,0
2849,1786358465868,17749,0,5229653,0,6774253,0
2850,1786358465876,17261,0,5229585,0,6774052,0
2851,1786358465886,17057,0,5229606,0,6773866,0
2852,1786358465896,16908,0,5229522,0,6773594,0
2853,1786358465907,16726,0,5229518,0,6773846,0
2854,1786358465918,16547,0,5229598,0,6773623,0
2855,1786358465929,16420,0,5229627,0,6773581,0
2856,1786358465936,16323,0,5229574,0,6773566,0
2857,1786358465947,16444,0,5229554,0,6773298,0
2858,1786358465956,16397,0,5229619,0,6773353,0
2859,1786358465967,16139,0,5229360,0,6773044,0
2860,1786358465976,16068,0,5229258,0,6772672,0
2861,1786358465987,15866,0,5229233,0,6772648,0
2862,1786358465999,15750,0,5229232,0,6772405,0
2863,1786358466007,15610,0,5229246,0,6772469,0
2864,1786358466016,15587,0,5229414,0,6772456,0
2865,1786358466031,15481,0,5229483,0,6772415,0
2866,1786358466037,15388,0,5229545,0,6772356,0
2867,1786358466047,14786,0,5229644,0,6772266,0
2868,1786358466057,14113,0,5229696,0,6772184,0
2869,1786358466067,12878,0,5229760,0,6772018,0
2870,1786358466077,11734,0,5229536,0,6771727,0
2871,1786358466087,10097,0,5229486,0,6771424,0
2872,1786358466097,8230,0,5229402,0,6770940,0
2873,1786358466107,6317,0,5229041,0,6770356,0
2874,1786358466117,3916,0,5228919,0,6769816,0
2875,1786358466127,1728,0,5228927,0,6769475,0
2876,1786358466137,-451,0,5228939,0,6769030,0
2877,1786358466147,-2800,0,5228631,0,6768616,0
2878,1786358466157,-5076,0,5228455,0,6768103,0
2879,1786358466168,-7059,0,5228356,0,6767582,0
2880,1786358466177,-9221,0,5228151,0,6767054,0
2881,1786358466189,-11000,0,5227993,0,6766556,0
2882,1786358466197,-12842,0,5227947,0,6766227,0
2883,1786358466207,-14688,0,5227851,0,6765827,0
2884,1786358466217,-16338,0,5227771,0,6765494,0
2885,1786358466227,-18126,0,5227469,0,6764790,0
2886,1786358466237,-19751,0,5227304,0,6764380,0
2887,1786358466247,-21170,0,5227275,0,6763921,0
2888,1786358466257,-22627,0,5227027,0,6763458,0
2889,1786358466268,-23925,0,5226841,0,6762894,0
2890,1786358466277,-25036,0,5226773,0,6762698,0
2891,1786358466287,-26154,0,5226637,0,6762287,0
2892,1786358466299,-27084,0,5226641,0,6762125,0
2893,1786358466309,-27979,0,5226738,0,6761878,0
2894,1786358466317,-29049,0,5226582,0,6761697,0
2895,1786358466328,-29695,0,5226612,0,6761407,0
2896,1786358466337,-30868,0,5226672,0,6761352,0
2897,1786358466350,-31557,0,5226728,0,6761110,0
2898,1786358466357,-32395,0,5226521,0,6760974,0
2899,1786358466368,-33178,0,5226474,0,6760606,0
2900,1786358466377,-34245,0,5226411,0,6760381,0
2901,1786358466388,-35116,0,5226400,0,6760094,0
2902,1786358466397,-36033,0,5226262,0,6759822,0
2903,1786358466407,-37019,0,5226262,0,6759627,0
2904,1786358466418,-37964,0,5226220,0,6759345,0
2905,1786358466428,-38992,0,5225887,0,6758896,0
2906,1786358466438,-40213,0,5225708,0,6758472,0
2907,1786358466448,-41013,0,5225501,0,6758016,0
2908,1786358466458,-42099,0,5225421,0,6757559,0
2909,1786358466468,-42892,0,5225252,0,6757194,0
2910,1786358466478,-43743,0,5225083,0,6756776,0
2911,1786358466488,-44603,0,5225114,0,6756656,0
2912,1786358466498,-45328,0,5224931,0,6756181,0
2913,1786358466510,-45978,0,5225012,0,6755983,0
2914,1786358466518,-46672,0,5224852,0,6755937,0
2915,1786358466528,-47268,0,5224751,0,6755553,0
2916,1786358466538,-47536,0,5224649,0,6755249,0
2917,1786358466548,-48270,0,5224626,0,6754954,0
2918,1786358466558,-48633,0,5224429,0,6754639,0
2919,1786358466569,-49071,0,5224458,0,6754408,0
2920,1786358466578,-49381,0,5224513,0,6754274,0
2921,1786358466588,-49785,0,5224415,0,6754206,0
2922,1786358466598,-50037,0,5224395,0,6754019,0
2923,1786358466608,-50360,0,5224182,0,6753611,0
2924,1786358466618,-50663,0,5224289,0,6753501,0
2925,1786358466629,-50740,0,5224246,0,6753192,0
2926,1786358466639,-51020,0,5224335,0,6753198,0
2927,1786358466649,-51272,0,5224238,0,6753303,0
2928,1786358466658,-51275,0,5224177,0,6752907,0
2929,1786358466672,-51586,0,5224231,0,6752744,0
2930,1786358466678,-51786,0,5224146,0,6752650,0
2931,1786358466688,-51838,0,5224216,0,6752738,0
2932,1786358466698,-52025,0,5224265,0,6752781,0
2933,1786358466708,-51959,0,5224264,0,6752600,0
2934,1786358466718,-52053,0,5224319,0,6752639,0
2935,1786358466728,-52256,0,5224354,0,6752475,0
2936,1786358466739,-52498,0,5224239,0,6752391,0
2937,1786358466749,-52442,0,5224182,0,6752203,0
2938,1786358466759,-52598,0,5224175,0,6752117,0
2939,1786358466769,-52513,0,5224376,0,6752103,0
2940,1786358466779,-52439,0,5224280,0,6752065,0
2941,1786358466789,-52649,0,5224328,0,6751915,0
2942,1786358466799,-52374,0,5224363,0,6751918,0
2943,1786358466810,-52431,0,5224286,0,6751919,0
2944,1786358466819,-52423,0,5224421,0,6751905,0
2945,1786358466831,-52361,0,5224542,0,6751955,0
2946,1786358466839,-52476,0,5224530,0,6751898,0
2947,1786358466849,-53590,0,5224825,0,6751854,0
2948,1786358466859,-54519,0,5224926,0,6751720,0
2949,1786358466870,-55631,0,5224801,0,6751469,0
2950,1786358466879,-57490,0,5224896,0,6751104,0
2951,1786358466889,-59226,0,5224652,0,6750673,0
2952,1786358466899,-61527,0,5224465,0,6750150,0
2953,1786358466909,-63721,0,5224388,0,6749753,0
2954,1786358466919,-66072,0,5224193,0,6749036,0
2955,1786358466929,-68335,0,5224000,0,6748758,0
2956,1786358466939,-70390,0,5224010,0,6748369,0
2957,1786358466949,-72506,0,5223745,0,6747923,0
2958,1786358466959,-74377,0,5223777,0,6747450,0
2959,1786358466970,-76464,0,5223325,0,6746961,0
2960,1786358466979,-78177,0,5223286,0,6746402,0
2961,1786358466993,-79789,0,5223083,0,6745873,0
2962,1786358466999,-81381,0,5222964,0,6745505,0
2963,1786358467009,-82926,0,5222660,0,6744998,0
2964,1786358467019,-84286,0,5222577,0,6744462,0
2965,1786358467030,-85460,0,5222697,0,6744368,0
2966,1786358467039,-86638,0,5222616,0,6744121,0
2967,1786358467049,-87446,0,5222624,0,6743968,0
2968,1786358467059,-88354,0,5222728,0,6743804,0
2969,1786358467070,-88953,0,5222656,0,6743665,0
2970,1786358467079,-89697,0,5222612,0,6743462,0
2971,1786358467090,-90184,0,5222670,0,6743238,0
2972,1786358467099,-90865,0,5222678,0,6743174,0
2973,1786358467109,-91223,0,5222672,0,6742967,0
2974,1786358467119,-91693,0,5222670,0,6742872,0
2975,1786358467130,-92121,0,5222714,0,6742739,0
2976,1786358467140,-92574,0,5222700,0,6742639,0
2977,1786358467152,-92966,0,5222743,0,6742591,0
2978,1786358467159,-93633,0,5222645,0,6742345,0
2979,1786358467170,-94051,0,5222699,0,6742298,0
2980,1786358467179,-94657,0,5222708,0,6741997,0
2981,1786358467189,-95088,0,5222744,0,6742057,0
2982,1786358467199,-95756,0,5222827,0,6742044,0
2983,1786358467209,-96239,0,5222915,0,6741936,0
2984,1786358467219,-96828,0,5222735,0,6741557,0
2985,1786358467231,-97331,0,5222735,0,6741576,0
