sample_index,timestamp,green,green_status,red,red_status,infrared,infrared_status
0,1785929338769,0,0,0,-1,0,-1
1,1785929338777,241116,0,601972,0,575920,0
2,1785929338788,240995,0,601906,0,575709,0
3,1785929338797,241043,0,601929,0,575625,0
4,1785929338815,240944,0,601847,0,575532,0
5,1785929338817,240860,0,601821,0,575496,0
6,1785929338829,240887,0,601829,0,575485,0
7,1785929338839,240868,0,601843,0,575463,0
8,1785929338848,240905,0,601790,0,575409,0
9,1785929338864,240905,0,601766,0,575362,0
10,1785929338869,240918,0,601715,0,575322,0
11,1785929338878,240920,0,601706,0,575287,0
12,1785929338888,240935,0,601712,0,575223,0
13,1785929338898,241079,0,601704,0,575198,0
14,1785929338916,241042,0,601706,0,575181,0
15,1785929338918,241144,0,601691,0,575205,0
16,1785929338930,241142,0,601689,0,575238,0
17,1785929338938,241209,0,601665,0,575184,0
18,1785929338949,241298,0,601625,0,575186,0
19,1785929338963,241320,0,601636,0,575151,0
20,1785929338969,241451,0,601664,0,575171,0
21,1785929338978,241482,0,601584,0,575156,0
22,1785929338993,241577,0,601584,0,575153,0
23,1785929338998,241598,0,601637,0,575110,0
24,1785929339010,241719,0,645301,0,575112,0
25,1785929339019,241832,0,607658,0,683394,0
26,1785929339029,25644,0,607623,0,744736,0
27,1785929339038,25784,0,607624,0,744738,0
28,1785929339049,25869,0,607594,0,744663,0
29,1785929339062,25942,0,607589,0,744662,0
30,1785929339069,25954,0,607543,0,744647,0
31,1785929339079,26144,0,607524,0,744611,0
32,1785929339089,26120,0,607560,0,744603,0
33,1785929339098,26235,0,607528,0,744621,0
34,1785929339111,26267,0,607480,0,744576,0
35,1785929339118,26442,0,607512,0,744521,0
36,1785929339129,26589,0,607523,0,744544,0
37,1785929339139,26570,0,607502,0,744547,0
38,1785929339151,26782,0,1131782,0,1530981,0
39,1785929339158,26830,0,1190809,0,1498037,0
40,1785929339169,-1643,0,1190847,0,1499962,0
41,1785929339178,-1439,0,1190829,0,1500013,0
42,1785929339189,-1293,0,1190821,0,1500028,0
43,1785929339199,-1047,0,1190800,0,1500007,0
44,1785929339209,-865,0,1190776,0,1499960,0
45,1785929339218,-595,0,1190742,0,1499984,0
46,1785929339229,-341,0,1190718,0,1499978,0
47,1785929339238,-139,0,1190701,0,1499958,0
48,1785929339249,135,0,1190702,0,1499930,0
49,1785929339258,254,0,1190752,0,1499945,0
50,1785929339269,565,0,1190723,0,1499970,0
51,1785929339279,804,0,1190745,0,1499996,0
52,1785929339290,1029,0,5865711,0,7529369,0
53,1785929339299,1160,0,5926934,0,7524617,0
54,1785929339311,9840,0,5926185,0,7506292,0
55,1785929339319,9188,0,5925377,0,7505030,0
56,1785929339329,7424,0,5924479,0,7503669,0
57,1785929339339,4573,0,5923837,0,7502328,0
58,1785929339349,775,0,5923034,0,7501168,0
59,1785929339359,-3354,0,5922500,0,7500166,0
60,1785929339369,-8258,0,5921813,0,7499280,0
61,1785929339379,-13269,0,5921288,0,7498304,0
62,1785929339389,-17898,0,5920870,0,7497443,0
63,1785929339399,-21850,0,5920432,0,7496462,0
64,1785929339410,-25522,0,5919987,0,7495585,0
65,1785929339419,-28513,0,5919719,0,7495129,0
66,1785929339430,-30645,0,5919511,0,7494574,0
67,1785929339439,-32671,0,5919182,0,7494384,0
68,1785929339450,-34214,0,5919123,0,7494175,0
69,1785929339459,-35434,0,5918892,0,7494054,0
70,1785929339472,-36390,0,5918745,0,7494033,0
71,1785929339480,-37091,0,5918475,0,7493564,0
72,1785929339489,-37757,0,5918226,0,7493140,0
73,1785929339499,-38278,0,5917881,0,7492551,0
74,1785929339510,-38852,0,5917667,0,7492132,0
75,1785929339519,-39358,0,5917626,0,7491929,0
76,1785929339529,-39868,0,5917398,0,7491650,0
77,1785929339539,-40444,0,5917264,0,7491425,0
78,1785929339550,-40772,0,5917099,0,7491375,0
79,1785929339559,-40635,0,5916969,0,7491100,0
80,1785929339569,-40903,0,5916904,0,7490999,0
81,1785929339579,-40848,0,5916456,0,7490685,0
82,1785929339590,-40896,0,5916296,0,7490339,0
83,1785929339599,-41031,0,5916030,0,7489924,0
84,1785929339610,-41004,0,5915595,0,7489500,0
85,1785929339619,-40954,0,5915411,0,7489196,0
86,1785929339632,-40986,0,5915153,0,7488859,0
87,1785929339640,-41273,0,5915106,0,7488573,0
88,1785929339650,-41511,0,5914784,0,7488599,0
89,1785929339659,-41817,0,5914579,0,7488145,0
90,1785929339670,-42242,0,5914224,0,7487859,0
91,1785929339679,-42656,0,5913908,0,7487614,0
92,1785929339690,-43091,0,5913543,0,7487026,0
93,1785929339701,-43337,0,5913294,0,7486579,0
94,1785929339710,-43529,0,5913021,0,7486376,0
95,1785929339719,-43685,0,5912833,0,7486153,0
96,1785929339730,-43731,0,5912554,0,7485890,0
97,1785929339739,-43609,0,5912427,0,7485992,0
98,1785929339750,-43621,0,5912352,0,7485729,0
99,1785929339759,-43565,0,5912249,0,7485345,0
100,1785929339771,-43143,0,5912119,0,7485391,0
101,1785929339780,-42961,0,5911865,0,7485172,0
102,1785929339793,-42356,0,5911907,0,7485143,0
103,1785929339800,-41834,0,5911712,0,7485048,0
104,1785929339810,-41027,0,5911737,0,7485191,0
105,1785929339820,-40360,0,5911680,0,7484979,0
106,1785929339830,-39662,0,5911714,0,7485188,0
107,1785929339840,-39041,0,5911801,0,7485427,0
108,1785929339850,-38297,0,5911655,0,7485508,0
109,1785929339860,-37562,0,5911645,0,7485350,0
110,1785929339870,-36625,0,5911551,0,7485353,0
111,1785929339880,-35822,0,5911555,0,7485394,0
112,1785929339891,-34606,0,5911493,0,7485454,0
113,1785929339900,-33809,0,5911503,0,7485528,0
114,1785929339911,-32791,0,5911663,0,7485835,0
115,1785929339920,-31848,0,5911607,0,7485872,0
116,1785929339931,-31070,0,5911498,0,7485891,0
117,1785929339940,-30179,0,5911515,0,7485854,0
118,1785929339954,-29221,0,5911595,0,7485999,0
119,1785929339961,-28121,0,5911544,0,7486105,0
120,1785929339971,-27317,0,5911561,0,7486361,0
121,1785929339981,-26605,0,5911553,0,7486302,0
122,1785929339991,-25704,0,5911453,0,7486433,0
123,1785929340000,-24752,0,5911612,0,7486535,0
124,1785929340011,-24058,0,5911548,0,7486386,0
125,1785929340020,-22855,0,5911472,0,7486574,0
126,1785929340031,-22025,0,5911321,0,7486670,0
127,1785929340040,-21054,0,5911331,0,7486529,0
128,1785929340051,-20101,0,5911292,0,7486521,0
129,1785929340065,-19038,0,5911413,0,7486523,0
130,1785929340078,-18259,0,5911429,0,7486772,0
131,1785929340082,-17100,0,5911435,0,7486795,0
132,1785929340095,-16090,0,5911345,0,7486793,0
133,1785929340100,-14987,0,5911184,0,7486897,0
134,1785929340113,-14104,0,5911303,0,7486893,0
135,1785929340121,-13056,0,5911147,0,7486816,0
136,1785929340131,-11891,0,5911159,0,7486703,0
137,1785929340141,-10952,0,5911060,0,7487076,0
138,1785929340151,-9816,0,5911054,0,7487033,0
139,1785929340161,-8816,0,5911236,0,7487065,0
140,1785929340171,-7580,0,5911321,0,7487319,0
141,1785929340181,-6741,0,5911467,0,7487489,0
142,1785929340191,-5616,0,5911804,0,7487974,0
143,1785929340201,-4234,0,5912103,0,7488585,0
144,1785929340211,-3380,0,5912496,0,7489051,0
145,1785929340221,-2529,0,5912655,0,7489313,0
146,1785929340231,-2867,0,5912331,0,7488934,0
147,1785929340242,-4060,0,5911782,0,7488222,0
148,1785929340252,-6419,0,5911227,0,7487309,0
149,1785929340261,-9983,0,5910573,0,7486226,0
150,1785929340274,-14387,0,5909948,0,7485198,0
151,1785929340281,-19353,0,5909418,0,7484233,0
152,1785929340291,-24712,0,5909001,0,7483152,0
153,1785929340301,-29973,0,5908434,0,7482297,0
154,1785929340312,-35004,0,5908018,0,7481396,0
155,1785929340321,-39439,0,5907583,0,7480450,0
156,1785929340331,-43046,0,5907171,0,7479644,0
157,1785929340341,-46120,0,5906844,0,7478934,0
158,1785929340352,-48785,0,5906490,0,7478620,0
159,1785929340361,-50914,0,5906399,0,7478391,0
160,1785929340373,-52468,0,5906176,0,7478002,0
161,1785929340381,-53950,0,5905923,0,7477895,0
162,1785929340392,-55057,0,5905527,0,7477390,0
163,1785929340401,-55850,0,5905338,0,7476872,0
164,1785929340412,-56725,0,5905045,0,7476490,0
165,1785929340422,-57356,0,5904650,0,7476339,0
166,1785929340434,-57734,0,5904346,0,7475763,0
167,1785929340441,-58127,0,5903986,0,7475623,0
168,1785929340452,-58525,0,5903746,0,7475149,0
169,1785929340461,-58742,0,5903389,0,7474804,0
170,1785929340472,-58819,0,5903070,0,7474419,0
171,1785929340481,-58827,0,5902651,0,7473758,0
172,1785929340492,-58597,0,5902375,0,7473166,0
173,1785929340502,-58410,0,5902039,0,7472514,0
174,1785929340512,-58212,0,5901798,0,7472270,0
175,1785929340522,-58222,0,5901355,0,7471814,0
176,1785929340532,-58044,0,5901075,0,7471646,0
177,1785929340542,-58171,0,5900933,0,7471604,0
178,1785929340553,-58591,0,5900570,0,7471342,0
179,1785929340562,-59107,0,5900166,0,7470965,0
180,1785929340573,-59719,0,5899700,0,7470720,0
181,1785929340582,-60334,0,5899263,0,7470055,0
182,1785929340595,-61123,0,5898843,0,7469344,0
183,1785929340602,-61699,0,5898492,0,7468923,0
184,1785929340612,-62225,0,5898027,0,7468627,0
185,1785929340622,-62603,0,5897792,0,7468147,0
186,1785929340632,-62998,0,5897733,0,7468097,0
187,1785929340642,-63293,0,5897417,0,7468029,0
188,1785929340665,-63511,0,5897085,0,7467476,0
189,1785929340665,-63647,0,5896893,0,7466887,0
190,1785929340679,-63488,0,5896814,0,7466848,0
191,1785929340682,-63242,0,5896559,0,7466398,0
192,1785929340692,-62881,0,5896417,0,7466340,0
193,1785929340702,-62385,0,5896290,0,7466272,0
194,1785929340712,-61830,0,5896223,0,7466057,0
195,1785929340725,-61423,0,5896145,0,7466676,0
196,1785929340742,-61022,0,5895977,0,7466504,0
197,1785929340742,-60621,0,5895840,0,7466144,0
198,1785929340755,-60067,0,5895890,0,7465841,0
199,1785929340762,-59126,0,5895783,0,7465931,0
200,1785929340772,-58211,0,5895655,0,7466028,0
201,1785929340782,-57488,0,5895431,0,7465888,0
202,1785929340793,-56809,0,5895469,0,7465818,0
203,1785929340802,-55831,0,5895461,0,7465725,0
204,1785929340813,-54741,0,5895546,0,7465941,0
205,1785929340823,-53392,0,5895466,0,7466160,0
206,1785929340833,-52269,0,5895565,0,7466541,0
207,1785929340843,-51092,0,5895677,0,7466731,0
208,1785929340853,-50097,0,5895467,0,7466579,0
209,1785929340863,-48825,0,5895717,0,7466519,0
210,1785929340873,-47484,0,5895632,0,7466571,0
211,1785929340883,-46170,0,5895621,0,7466754,0
212,1785929340894,-45014,0,5895569,0,7466670,0
213,1785929340903,-43649,0,5895640,0,7466774,0
214,1785929340916,-42616,0,5895465,0,7466606,0
215,1785929340923,-41448,0,5895473,0,7466661,0
216,1785929340933,-40466,0,5895366,0,7466809,0
217,1785929340943,-39199,0,5895362,0,7466775,0
218,1785929340954,-38188,0,5895190,0,7466735,0
219,1785929340963,-37033,0,5895094,0,7466772,0
220,1785929340973,-35726,0,5895055,0,7466634,0
221,1785929340983,-34610,0,5895194,0,7466772,0
222,1785929340993,-33454,0,5894908,0,7467306,0
223,1785929341003,-32530,0,5894872,0,7467342,0
224,1785929341013,-31549,0,5894752,0,7466991,0
225,1785929341023,-30415,0,5894783,0,7466928,0
226,1785929341033,-29223,0,5894818,0,7466665,0
227,1785929341043,-27916,0,5894708,0,7466953,0
228,1785929341054,-26584,0,5894424,0,7467006,0
229,1785929341063,-25588,0,5894162,0,7466870,0
230,1785929341075,-24596,0,5894112,0,7466732,0
231,1785929341083,-23332,0,5894135,0,7466450,0
232,1785929341093,-22197,0,5894182,0,7466330,0
233,1785929341103,-20803,0,5894139,0,7466645,0
234,1785929341113,-19615,0,5893853,0,7466867,0
235,1785929341123,-18423,0,5893722,0,7466722,0
236,1785929341133,-17321,0,5893819,0,7466531,0
237,1785929341143,-16175,0,5893605,0,7466491,0
238,1785929341154,-14794,0,5893252,0,7466197,0
239,1785929341163,-13613,0,5893021,0,7465960,0
240,1785929341173,-13129,0,5892391,0,7465117,0
241,1785929341183,-13549,0,5891459,0,7464062,0
242,1785929341193,-15685,0,5890560,0,7462836,0
243,1785929341203,-19089,0,5889651,0,7461536,0
244,1785929341214,-23131,0,5888883,0,7460024,0
245,1785929341223,-28064,0,5888096,0,7458621,0
246,1785929341236,-33270,0,5887401,0,7457028,0
247,1785929341243,-38791,0,5886612,0,7455928,0
248,1785929341254,-43896,0,5886087,0,7454924,0
249,1785929341263,-49008,0,5885647,0,7454216,0
250,1785929341274,-53379,0,5885219,0,7453375,0
251,1785929341283,-57467,0,5884884,0,7452678,0
252,1785929341293,-60634,0,5884416,0,7451941,0
253,1785929341303,-63191,0,5884191,0,7451565,0
254,1785929341313,-65130,0,5884019,0,7451187,0
255,1785929341323,-66834,0,5883899,0,7451011,0
256,1785929341336,-68179,0,5883794,0,7450686,0
257,1785929341343,-69277,0,5883604,0,7450490,0
258,1785929341354,-70571,0,5883272,0,7450162,0
259,1785929341363,-71564,0,5882999,0,7449863,0
260,1785929341374,-72467,0,5882822,0,7449570,0
261,1785929341383,-73536,0,5882499,0,7449150,0
262,1785929341395,-74355,0,5882107,0,7448549,0
263,1785929341403,-75215,0,5881741,0,7448368,0
264,1785929341413,-76015,0,5881562,0,7448122,0
265,1785929341423,-76703,0,5881359,0,7447880,0
266,1785929341434,-77472,0,5881061,0,7447486,0
267,1785929341443,-77918,0,5880847,0,7447056,0
268,1785929341454,-78185,0,5880736,0,7446704,0
269,1785929341463,-78682,0,5880250,0,7446428,0
270,1785929341474,-78822,0,5880092,0,7446022,0
271,1785929341483,-79242,0,5879740,0,7445702,0
272,1785929341493,-79710,0,5879246,0,7445459,0
273,1785929341503,-80521,0,5879017,0,7445035,0
274,1785929341514,-81111,0,5878656,0,7444723,0
275,1785929341523,-81946,0,5878075,0,7443805,0
276,1785929341534,-82697,0,5877790,0,7443327,0
277,1785929341544,-83409,0,5877384,0,7443125,0
278,1785929341557,-84203,0,5877146,0,7442584,0
279,1785929341563,-84762,0,5876834,0,7442211,0
280,1785929341575,-85516,0,5876588,0,7442006,0
281,1785929341583,-86256,0,5876308,0,7441818,0
282,1785929341594,-86766,0,5876065,0,7441451,0
283,1785929341604,-87213,0,5875936,0,7441381,0
284,1785929341614,-87344,0,5875610,0,7441058,0
285,1785929341623,-87529,0,5875347,0,7440765,0
286,1785929341634,-87604,0,5875227,0,7440454,0
287,1785929341644,-87313,0,5875012,0,7440279,0
288,1785929341654,-87233,0,5874923,0,7440268,0
289,1785929341664,-86770,0,5874868,0,7440138,0
290,1785929341674,-86455,0,5874700,0,7440061,0
291,1785929341684,-86069,0,5874485,0,7440103,0
292,1785929341695,-85540,0,5874483,0,7439949,0
293,1785929341704,-85124,0,5874332,0,7439701,0
294,1785929341717,-84383,0,5874233,0,7439702,0
295,1785929341724,-83874,0,5874008,0,7439944,0
296,1785929341734,-83171,0,5873932,0,7439812,0
297,1785929341743,-82458,0,5873892,0,7439744,0
298,1785929341755,-81914,0,5873839,0,7439641,0
299,1785929341764,-81163,0,5873705,0,7439733,0
300,1785929341774,-80389,0,5873522,0,7439652,0
301,1785929341784,-79579,0,5873169,0,7439676,0
302,1785929341794,-78881,0,5873170,0,7439512,0
303,1785929341804,-78132,0,5873010,0,7439219,0
304,1785929341818,-77510,0,5872878,0,7439237,0
305,1785929341824,-76624,0,5872814,0,7439123,0
306,1785929341834,-76066,0,5872560,0,7439103,0
307,1785929341844,-75216,0,5872273,0,7439042,0
308,1785929341855,-74674,0,5871976,0,7438878,0
309,1785929341864,-73927,0,5871847,0,7438406,0
310,1785929341877,-73180,0,5871724,0,7438153,0
311,1785929341884,-72328,0,5871630,0,7438194,0
312,1785929341894,-71441,0,5871504,0,7438195,0
313,1785929341904,-70715,0,5871198,0,7438339,0
314,1785929341914,-70410,0,5871154,0,7438571,0
315,1785929341924,-70194,0,5870839,0,7439085,0
316,1785929341935,-70044,0,5870588,0,7439456,0
317,1785929341944,-70294,0,5870387,0,7439596,0
318,1785929341955,-70302,0,5870012,0,7439442,0
319,1785929341964,-70663,0,5869751,0,7439458,0
320,1785929341974,-70759,0,5869589,0,7439675,0
321,1785929341984,-71071,0,5869533,0,7440030,0
322,1785929341995,-71394,0,5869341,0,7440252,0
323,1785929342004,-71581,0,5869374,0,7440608,0
324,1785929342015,-71911,0,5869284,0,7440656,0
325,1785929342024,-71988,0,5869253,0,7440750,0
326,1785929342037,-72046,0,5869098,0,7440715,0
327,1785929342046,-71957,0,5869135,0,7440758,0
328,1785929342055,-72081,0,5869125,0,7440694,0
329,1785929342071,-71854,0,5869085,0,7440890,0
330,1785929342075,-71436,0,5869025,0,7441018,0
331,1785929342085,-71091,0,5868812,0,7440681,0
332,1785929342099,-70818,0,5868717,0,7440529,0
333,1785929342104,-70579,0,5868636,0,7440732,0
334,1785929342115,-70341,0,5868410,0,7440475,0
335,1785929342125,-70050,0,5868218,0,7440324,0
336,1785929342135,-70398,0,5867549,0,7439668,0
337,1785929342145,-71148,0,5867060,0,7438817,0
338,1785929342156,-73917,0,5866195,0,7437860,0
339,1785929342165,-78130,0,5864996,0,7436666,0
340,1785929342176,-83855,0,5863812,0,7435389,0
341,1785929342185,-90520,0,5862649,0,7434035,0
342,1785929342198,-98303,0,5861205,0,7432491,0
343,1785929342205,-106863,0,5859679,0,7430391,0
344,1785929342215,-115702,0,5858233,0,7428685,0
345,1785929342225,-125049,0,5856460,0,7426718,0
346,1785929342235,-134138,0,5854461,0,7424900,0
347,1785929342245,-143395,0,5851973,0,7422424,0
348,1785929342255,-152431,0,5849151,0,7419625,0
349,1785929342265,-161855,0,5845808,0,7416455,0
350,1785929342275,-171183,0,5841641,0,7412668,0
351,1785929342285,-180717,0,5836335,0,7407412,0
352,1785929342296,-190671,0,5830225,0,7400607,0
353,1785929342305,-199863,0,5824843,0,7393868,0
354,1785929342316,-208507,0,5819710,0,7388058,0
355,1785929342325,-217009,0,5814110,0,7381483,0
356,1785929342336,-225305,0,5808933,0,7374881,0
357,1785929342346,-233140,0,5803902,0,7368686,0
358,1785929342358,-240799,0,5800009,0,7363741,0
359,1785929342365,-247822,0,5796496,0,7359713,0
360,1785929342375,-254381,0,5793355,0,7356147,0
361,1785929342385,-260695,0,5790129,0,7352097,0
362,1785929342396,-266616,0,5787410,0,7348779,0
363,1785929342405,-272120,0,5785369,0,7346360,0
364,1785929342416,-277380,0,5783108,0,7344366,0
365,1785929342425,-282384,0,5781318,0,7342346,0
366,1785929342436,-287300,0,5780574,0,7341425,0
367,1785929342448,-291921,0,5779863,0,7341425,0
368,1785929342456,-296501,0,5779108,0,7341083,0
369,1785929342465,-300931,0,5778445,0,7341081,0
370,1785929342476,-305636,0,5777344,0,7341055,0
371,1785929342485,-310224,0,5776053,0,7339866,0
372,1785929342497,-315038,0,5774904,0,7338932,0
373,1785929342505,-319463,0,5774310,0,7338808,0
374,1785929342518,-323653,0,5773727,0,7338875,0
375,1785929342526,-327832,0,5773176,0,7338547,0
376,1785929342536,-332038,0,5772539,0,7338662,0
377,1785929342546,-336004,0,5771468,0,7337902,0
378,1785929342556,-339929,0,5770481,0,7336682,0
379,1785929342566,-343649,0,5769687,0,7335605,0
380,1785929342576,-347182,0,5769316,0,7335020,0
381,1785929342585,-350456,0,5768942,0,7334680,0
382,1785929342596,-353702,0,5768809,0,7334631,0
383,1785929342606,-356682,0,5768667,0,7334590,0
384,1785929342616,-359301,0,5768485,0,7334483,0
385,1785929342625,-361793,0,5768453,0,7334096,0
386,1785929342636,-364022,0,5768747,0,7334355,0
387,1785929342646,-365986,0,5768834,0,7334788,0
388,1785929342657,-367810,0,5768658,0,7334959,0
389,1785929342666,-369666,0,5768539,0,7334793,0
390,1785929342678,-371167,0,5768596,0,7334804,0
391,1785929342686,-372705,0,5769011,0,7335418,0
392,1785929342696,-373921,0,5769419,0,7336412,0
393,1785929342706,-375214,0,5769673,0,7337058,0
394,1785929342716,-376264,0,5769886,0,7337640,0
395,1785929342727,-377331,0,5770103,0,7338179,0
396,1785929342736,-378490,0,5770110,0,7338859,0
397,1785929342746,-379602,0,5770113,0,7338982,0
398,1785929342757,-380687,0,5769964,0,7338905,0
399,1785929342766,-381572,0,5770031,0,7338707,0
400,1785929342776,-382422,0,5770222,0,7339113,0
401,1785929342786,-383174,0,5770691,0,7339644,0
402,1785929342797,-383639,0,5771368,0,7340690,0
403,1785929342806,-384319,0,5771532,0,7341210,0
404,1785929342817,-385030,0,5771303,0,7341166,0
405,1785929342826,-385913,0,5770789,0,7341006,0
406,1785929342839,-387025,0,5769212,0,7340983,0
407,1785929342846,-388376,0,5766767,0,7340339,0
408,1785929342857,-390115,0,5763449,0,7338978,0
409,1785929342866,-392484,0,5759446,0,7336045,0
410,1785929342877,-395369,0,5755767,0,7332528,0
411,1785929342886,-397984,0,5753325,0,7330299,0
412,1785929342897,-400511,0,5752566,0,7330302,0
413,1785929342906,-403140,0,5753654,0,7332737,0
414,1785929342917,-405081,0,5756572,0,7339087,0
415,1785929342926,-406865,0,5757557,0,7342812,0
416,1785929342936,-409102,0,5756362,0,7343033,0
417,1785929342946,-411086,0,5756271,0,7342649,0
418,1785929342957,-412231,0,5759297,0,7345988,0
419,1785929342967,-412784,0,5764516,0,7352570,0
420,1785929342977,-412823,0,5770878,0,7360941,0
421,1785929342986,-412672,0,5776673,0,7369192,0
422,1785929342999,-412272,0,5780187,0,7374946,0
423,1785929343006,-412456,0,5780933,0,7377052,0
424,1785929343017,-413007,0,5780128,0,7376759,0
425,1785929343026,-413725,0,5779712,0,7376632,0
426,1785929343037,-414151,0,5779640,0,7376854,0
427,1785929343046,-414334,0,5780017,0,7377293,0
428,1785929343057,-414549,0,5780707,0,7378121,0
429,1785929343066,-414254,0,5781770,0,7379490,0
430,1785929343080,-413874,0,5782607,0,7380738,0
431,1785929343086,-414087,0,5782560,0,7381284,0
432,1785929343097,-414524,0,5780815,0,7380179,0
433,1785929343106,-416260,0,5778283,0,7377134,0
434,1785929343117,-419397,0,5776427,0,7374367,0
435,1785929343126,-423717,0,5776222,0,7373265,0
436,1785929343137,-428878,0,5777265,0,7373514,0
437,1785929343147,-434294,0,5778722,0,7374755,0
438,1785929343160,-440726,0,5779725,0,7375373,0
439,1785929343167,-447386,0,5780339,0,7375166,0
440,1785929343177,-454082,0,5780936,0,7375222,0
441,1785929343187,-461016,0,5780523,0,7374600,0
442,1785929343197,-467751,0,5779255,0,7372239,0
443,1785929343207,-473999,0,5777500,0,7370261,0
444,1785929343217,-480142,0,5776044,0,7367926,0
445,1785929343227,-485397,0,5774837,0,7366195,0
446,1785929343237,-489869,0,5774715,0,7365085,0
447,1785929343247,-493648,0,5775150,0,7365015,0
448,1785929343262,-496443,0,5776311,0,7366089,0
449,1785929343267,-498891,0,5777371,0,7367334,0
450,1785929343277,-501099,0,5777263,0,7367608,0
451,1785929343287,-503556,0,5775482,0,7365768,0
452,1785929343299,-506287,0,5773500,0,7363001,0
453,1785929343307,-508617,0,5773103,0,7361487,0
454,1785929343319,-510728,0,5773901,0,7361882,0
455,1785929343327,-512384,0,5775481,0,7363307,0
456,1785929343337,-513967,0,5776566,0,7364359,0
457,1785929343347,-515460,0,5777373,0,7364959,0
458,1785929343358,-517087,0,5777202,0,7364696,0
459,1785929343367,-518647,0,5776597,0,7363933,0
460,1785929343378,-519975,0,5776342,0,7363109,0
461,1785929343387,-521114,0,5775707,0,7362539,0
462,1785929343398,-521933,0,5775963,0,7361910,0
463,1785929343407,-522681,0,5776679,0,7362371,0
464,1785929343418,-523211,0,5777707,0,7362936,0
465,1785929343427,-523566,0,5779003,0,7363757,0
466,1785929343438,-523834,0,5780169,0,7364896,0
467,1785929343447,-524383,0,5780738,0,7365436,0
468,1785929343459,-525033,0,5780635,0,7365197,0
469,1785929343467,-526113,0,5780386,0,7364418,0
470,1785929343480,-526858,0,5780362,0,7363981,0
471,1785929343487,-527657,0,5780817,0,7364024,0
472,1785929343498,-528228,0,5781353,0,7364352,0
473,1785929343507,-528999,0,5781782,0,7364415,0
474,1785929343518,-529587,0,5782112,0,7364691,0
475,1785929343528,-530287,0,5782124,0,7364518,0
476,1785929343538,-530905,0,5782106,0,7364347,0
477,1785929343548,-531321,0,5781126,0,7363857,0
478,1785929343558,-532213,0,5779455,0,7361808,0
479,1785929343568,-532935,0,5778689,0,7360148,0
480,1785929343578,-533160,0,5779151,0,7360239,0
481,1785929343587,-533061,0,5779739,0,7360749,0
482,1785929343598,-532814,0,5780282,0,7361241,0
483,1785929343608,-532541,0,5780707,0,7361862,0
484,1785929343618,-532240,0,5779874,0,7361718,0
485,1785929343628,-532632,0,5778321,0,7360362,0
486,1785929343640,-532593,0,5776918,0,7359111,0
487,1785929343648,-532946,0,5774978,0,7357787,0
488,1785929343658,-533374,0,5772758,0,7355753,0
489,1785929343668,-533711,0,5770215,0,7353859,0
490,1785929343678,-534080,0,5767025,0,7350740,0
491,1785929343688,-534648,0,5764411,0,7347735,0
492,1785929343701,-535007,0,5762414,0,7345534,0
493,1785929343708,-534981,0,5760964,0,7344078,0
494,1785929343718,-534922,0,5759821,0,7342888,0
495,1785929343728,-534910,0,5758878,0,7341871,0
496,1785929343738,-534734,0,5758014,0,7341108,0
497,1785929343748,-534285,0,5757541,0,7340307,0
498,1785929343759,-533823,0,5757882,0,7340121,0
499,1785929343768,-533174,0,5759092,0,7340957,0
500,1785929343779,-531955,0,5760915,0,7342787,0
501,1785929343789,-530906,0,5762127,0,7344485,0
502,1785929343801,-530074,0,5763015,0,7345346,0
503,1785929343808,-529337,0,5763177,0,7345610,0
504,1785929343819,-528743,0,5763527,0,7345629,0
505,1785929343828,-527916,0,5764579,0,7346523,0
506,1785929343838,-526934,0,5765996,0,7348016,0
507,1785929343848,-525850,0,5767055,0,7349205,0
508,1785929343859,-524820,0,5767858,0,7350170,0
509,1785929343868,-523817,0,5768578,0,7351032,0
510,1785929343879,-523007,0,5768864,0,7351223,0
511,1785929343888,-521915,0,5769046,0,7351199,0
512,1785929343899,-521043,0,5769425,0,7351439,0
513,1785929343908,-520117,0,5770157,0,7352021,0
514,1785929343919,-518869,0,5771535,0,7353047,0
515,1785929343929,-517557,0,5772898,0,7354968,0
516,1785929343939,-516453,0,5773199,0,7355567,0
517,1785929343949,-515519,0,5773106,0,7355326,0
518,1785929343961,-514661,0,5773254,0,7355428,0
519,1785929343968,-513783,0,5773902,0,7355944,0
520,1785929343979,-512621,0,5774554,0,7356707,0
521,1785929343989,-511548,0,5775350,0,7357380,0
522,1785929344000,-510494,0,5775756,0,7358044,0
523,1785929344009,-509566,0,5776066,0,7358226,0
524,1785929344019,-508759,0,5775766,0,7358141,0
525,1785929344029,-507971,0,5775356,0,7357646,0
526,1785929344039,-507115,0,5775541,0,7357711,0
527,1785929344048,-505956,0,5776028,0,7358424,0
528,1785929344059,-504729,0,5776271,0,7358817,0
529,1785929344068,-503770,0,5776469,0,7358687,0
530,1785929344079,-502955,0,5776815,0,7358948,0
531,1785929344089,-502789,0,5777511,0,7359520,0
532,1785929344100,-503413,0,5778202,0,7359821,0
533,1785929344110,-505588,0,5778454,0,7359870,0
534,1785929344121,-509170,0,5777969,0,7359210,0
535,1785929344129,-513873,0,5777439,0,7357739,0
536,1785929344139,-519036,0,5777079,0,7356764,0
537,1785929344149,-524526,0,5776871,0,7355892,0
538,1785929344160,-530301,0,5775902,0,7354524,0
539,1785929344169,-536052,0,5774519,0,7352438,0
540,1785929344179,-541555,0,5773200,0,7350263,0
541,1785929344189,-546263,0,5772505,0,7348662,0
542,1785929344199,-550278,0,5772093,0,7347622,0
543,1785929344209,-553489,0,5772260,0,7347362,0
544,1785929344219,-555887,0,5772410,0,7347293,0
545,1785929344229,-557980,0,5772531,0,7346882,0
546,1785929344240,-559634,0,5772455,0,7346707,0
547,1785929344249,-560770,0,5772313,0,7346272,0
548,1785929344261,-561957,0,5771826,0,7345596,0
549,1785929344269,-562835,0,5771771,0,7345188,0
550,1785929344281,-563398,0,5772422,0,7345322,0
551,1785929344289,-563935,0,5773187,0,7346106,0
552,1785929344299,-564367,0,5773627,0,7346608,0
553,1785929344309,-564781,0,5773906,0,7346634,0
554,1785929344320,-565338,0,5773813,0,7346612,0
555,1785929344329,-565792,0,5773463,0,7346129,0
556,1785929344340,-566166,0,5773113,0,7345270,0
557,1785929344349,-566272,0,5773078,0,7345123,0
558,1785929344360,-566077,0,5773483,0,7345190,0
559,1785929344369,-565779,0,5774185,0,7345752,0
560,1785929344380,-565357,0,5775046,0,7346897,0
561,1785929344389,-564978,0,5774965,0,7346738,0
562,1785929344400,-564933,0,5774445,0,7346232,0
563,1785929344409,-564909,0,5773841,0,7345357,0
564,1785929344420,-564844,0,5773794,0,7345132,0
565,1785929344430,-564594,0,5774244,0,7345298,0
566,1785929344442,-564352,0,5774890,0,7345665,0
567,1785929344450,-563933,0,5775761,0,7346469,0
568,1785929344461,-563826,0,5776710,0,7347407,0
569,1785929344469,-563469,0,5777397,0,7348227,0
570,1785929344480,-563106,0,5777496,0,7348438,0
571,1785929344490,-563292,0,5777349,0,7348061,0
572,1785929344500,-563227,0,5777657,0,7348072,0
573,1785929344510,-563201,0,5778043,0,7348507,0
574,1785929344520,-562841,0,5778698,0,7349174,0
575,1785929344530,-562391,0,5779523,0,7350021,0
576,1785929344540,-562033,0,5780225,0,7350840,0
577,1785929344550,-561619,0,5780328,0,7351153,0
578,1785929344561,-561368,0,5780556,0,7351107,0
579,1785929344570,-561086,0,5780415,0,7351281,0
580,1785929344581,-560673,0,5780438,0,7351228,0
581,1785929344590,-560423,0,5780749,0,7351277,0
582,1785929344602,-559865,0,5781469,0,7352250,0
583,1785929344610,-559295,0,5782100,0,7352986,0
584,1785929344621,-558801,0,5782707,0,7353636,0
585,1785929344630,-558186,0,5783520,0,7354112,0
586,1785929344640,-557433,0,5784565,0,7355209,0
587,1785929344650,-556664,0,5786011,0,7356607,0
588,1785929344661,-555789,0,5787765,0,7358597,0
589,1785929344670,-554670,0,5789520,0,7360555,0
590,1785929344681,-553489,0,5791007,0,7362248,0
591,1785929344690,-552352,0,5792252,0,7364031,0
592,1785929344700,-551369,0,5792877,0,7364766,0
593,1785929344710,-550367,0,5793401,0,7365277,0
594,1785929344721,-549179,0,5793800,0,7365799,0
595,1785929344730,-548284,0,5793976,0,7366045,0
596,1785929344741,-547340,0,5793925,0,7365720,0
597,1785929344750,-546372,0,5793842,0,7365731,0
598,1785929344764,-545405,0,5793285,0,7365336,0
599,1785929344770,-544712,0,5792315,0,7364367,0
600,1785929344781,-543907,0,5791236,0,7363333,0
601,1785929344790,-543199,0,5790315,0,7362032,0
602,1785929344801,-542452,0,5789543,0,7361001,0
603,1785929344810,-541594,0,5789052,0,7360620,0
604,1785929344821,-540705,0,5788438,0,7359958,0
605,1785929344830,-539772,0,5787816,0,7359218,0
606,1785929344841,-539046,0,5787359,0,7358467,0
607,1785929344850,-538066,0,5787044,0,7358246,0
608,1785929344861,-536897,0,5787109,0,7357838,0
609,1785929344870,-535750,0,5786745,0,7357584,0
610,1785929344881,-534531,0,5786890,0,7356968,0
611,1785929344890,-533257,0,5787465,0,7357258,0
612,1785929344902,-531658,0,5788896,0,7358163,0
613,1785929344911,-530038,0,5790447,0,7359312,0
614,1785929344924,-528200,0,5791903,0,7360428,0
615,1785929344931,-526484,0,5792812,0,7361194,0
616,1785929344941,-524991,0,5793295,0,7361439,0
617,1785929344951,-523374,0,5793510,0,7361203,0
618,1785929344961,-521950,0,5793159,0,7360549,0
619,1785929344971,-520683,0,5792550,0,7359655,0
620,1785929344981,-519398,0,5792364,0,7359061,0
621,1785929344991,-517808,0,5792609,0,7359361,0
622,1785929345001,-516542,0,5792184,0,7359156,0
623,1785929345011,-515336,0,5791501,0,7358700,0
624,1785929345021,-515017,0,5790022,0,7357582,0
625,1785929345031,-515878,0,5788894,0,7355787,0
626,1785929345041,-517730,0,5788559,0,7354810,0
627,1785929345051,-520221,0,5788607,0,7354407,0
628,1785929345062,-523669,0,5788643,0,7353667,0
629,1785929345073,-527220,0,5788140,0,7352988,0
630,1785929345086,-531330,0,5787120,0,7351604,0
631,1785929345092,-535639,0,5786180,0,7350325,0
632,1785929345101,-539720,0,5785637,0,7349099,0
633,1785929345111,-543106,0,5785494,0,7348363,0
634,1785929345121,-546003,0,5785532,0,7348174,0
635,1785929345131,-548304,0,5785649,0,7347602,0
636,1785929345141,-549900,0,5785524,0,7346987,0
637,1785929345151,-551252,0,5785754,0,7346703,0
638,1785929345162,-552190,0,5785014,0,7345677,0
639,1785929345171,-553006,0,5783611,0,7343797,0
640,1785929345181,-553908,0,5782239,0,7341064,0
641,1785929345191,-554468,0,5780965,0,7338979,0
642,1785929345202,-554936,0,5780155,0,7336926,0
643,1785929345211,-555245,0,5779990,0,7335458,0
644,1785929345222,-555225,0,5780096,0,7335029,0
645,1785929345231,-555100,0,5780376,0,7335087,0
646,1785929345244,-555013,0,5779814,0,7334771,0
647,1785929345251,-554983,0,5777935,0,7333075,0
648,1785929345262,-555107,0,5776032,0,7330891,0
649,1785929345272,-555322,0,5774017,0,7328684,0
650,1785929345282,-555374,0,5771654,0,7326021,0
651,1785929345291,-555286,0,5769034,0,7322976,0
652,1785929345302,-555297,0,5766518,0,7320257,0
653,1785929345311,-555424,0,5764401,0,7317845,0
654,1785929345322,-555015,0,5762846,0,7315851,0
655,1785929345331,-554738,0,5761326,0,7314462,0
656,1785929345342,-554399,0,5759534,0,7312457,0
657,1785929345352,-554249,0,5758255,0,7310689,0
658,1785929345362,-553595,0,5757466,0,7309754,0
659,1785929345372,-553226,0,5756761,0,7308713,0
660,1785929345382,-552425,0,5757170,0,7308742,0
661,1785929345392,-551685,0,5756555,0,7308546,0
662,1785929345410,-551056,0,5756930,0,7308399,0
663,1785929345413,-549909,0,5758682,0,7310552,0
664,1785929345422,-548482,0,5758980,0,7311717,0
665,1785929345432,-547738,0,5758491,0,7311517,0
666,1785929345443,-546966,0,5757528,0,7310369,0
667,1785929345452,-546080,0,5758266,0,7310529,0
668,1785929345462,-545041,0,5758797,0,7311373,0
669,1785929345472,-543665,0,5759386,0,7312020,0
670,1785929345483,-542373,0,5759443,0,7312202,0
671,1785929345492,-541076,0,5759113,0,7312147,0
672,1785929345502,-539774,0,5758131,0,7311460,0
673,1785929345512,-538749,0,5757473,0,7311048,0
674,1785929345522,-537431,0,5757548,0,7310874,0
675,1785929345532,-535900,0,5758234,0,7311407,0
676,1785929345544,-534421,0,5758798,0,7312030,0
677,1785929345552,-532699,0,5759662,0,7313041,0
678,1785929345565,-530899,0,5759955,0,7313587,0
679,1785929345572,-529415,0,5760671,0,7314207,0
680,1785929345582,-527533,0,5761496,0,7315497,0
681,1785929345593,-525769,0,5762483,0,7316642,0
682,1785929345603,-523988,0,5763146,0,7317464,0
683,1785929345612,-522052,0,5763787,0,7318187,0
684,1785929345623,-519980,0,5764761,0,7318763,0
685,1785929345633,-518121,0,5765486,0,7319732,0
686,1785929345643,-516020,0,5766413,0,7320847,0
687,1785929345652,-514029,0,5767280,0,7321828,0
688,1785929345664,-511840,0,5767462,0,7322404,0
689,1785929345672,-509856,0,5767957,0,7323148,0
690,1785929345683,-507759,0,5768865,0,7323977,0
691,1785929345693,-505569,0,5769604,0,7325153,0
692,1785929345712,-503485,0,5770051,0,7325947,0
693,1785929345713,-501492,0,5770448,0,7326556,0
694,1785929345726,-499607,0,5770728,0,7327015,0
695,1785929345733,-497623,0,5771264,0,7327779,0
696,1785929345743,-495525,0,5771572,0,7328402,0
697,1785929345753,-493602,0,5771948,0,7329084,0
698,1785929345764,-491725,0,5772196,0,7329621,0
699,1785929345773,-489719,0,5772310,0,7329991,0
700,1785929345783,-488055,0,5772557,0,7330518,0
701,1785929345793,-486314,0,5772322,0,7330627,0
702,1785929345803,-484689,0,5772189,0,7330249,0
703,1785929345813,-483020,0,5772451,0,7330569,0
704,1785929345823,-481413,0,5772653,0,7331000,0
705,1785929345833,-479748,0,5772899,0,7331358,0
706,1785929345844,-478055,0,5772579,0,7331667,0
707,1785929345853,-476442,0,5772446,0,7331455,0
708,1785929345864,-474839,0,5772214,0,7331402,0
709,1785929345873,-473397,0,5772274,0,7331481,0
710,1785929345885,-471731,0,5772531,0,7331576,0
711,1785929345893,-470050,0,5772754,0,7331806,0
712,1785929345904,-468466,0,5772944,0,7332184,0
713,1785929345913,-466774,0,5772968,0,7332182,0
714,1785929345924,-465051,0,5772274,0,7331906,0
715,1785929345933,-463676,0,5771863,0,7331290,0
716,1785929345943,-462118,0,5772218,0,7331425,0
717,1785929345953,-460645,0,5772729,0,7332206,0
718,1785929345964,-459856,0,5772947,0,7332315,0
719,1785929345973,-460010,0,5772487,0,7332182,0
720,1785929345984,-461466,0,5771720,0,7330886,0
721,1785929345993,-463568,0,5771266,0,7330140,0
722,1785929346003,-466426,0,5770814,0,7329376,0
723,1785929346013,-469733,0,5770677,0,7328617,0
724,1785929346024,-473070,0,5770367,0,7327993,0
725,1785929346033,-476658,0,5769924,0,7327153,0
726,1785929346046,-480084,0,5769269,0,7326092,0
727,1785929346053,-483072,0,5768367,0,7324995,0
728,1785929346064,-485691,0,5767602,0,7323935,0
729,1785929346073,-487845,0,5767141,0,7323145,0
730,1785929346085,-489593,0,5767101,0,7322603,0
731,1785929346095,-490824,0,5766897,0,7322199,0
732,1785929346103,-491800,0,5766302,0,7321644,0
733,1785929346113,-492229,0,5765886,0,7321366,0
734,1785929346124,-492415,0,5765635,0,7321066,0
735,1785929346133,-492562,0,5765661,0,7321220,0
736,1785929346143,-492563,0,5764949,0,7320390,0
737,1785929346153,-492642,0,5764904,0,7319811,0
738,1785929346164,-492525,0,5764937,0,7319754,0
739,1785929346173,-492377,0,5765039,0,7319344,0
740,1785929346184,-492374,0,5765656,0,7319516,0
741,1785929346193,-491881,0,5766229,0,7319754,0
742,1785929346206,-491432,0,5766529,0,7319851,0
743,1785929346213,-490852,0,5767002,0,7320010,0
744,1785929346224,-490170,0,5766817,0,7320246,0
745,1785929346233,-489580,0,5766685,0,7319893,0
746,1785929346244,-488882,0,5766482,0,7319206,0
747,1785929346260,-487829,0,5767214,0,7319794,0
748,1785929346264,-486833,0,5768024,0,7319916,0
749,1785929346274,-485873,0,5768398,0,7320355,0
750,1785929346284,-484971,0,5768448,0,7320415,0
751,1785929346296,-483924,0,5768353,0,7320812,0
752,1785929346310,-483276,0,5767860,0,7319995,0
753,1785929346313,-482528,0,5767979,0,7320101,0
754,1785929346324,-481691,0,5768314,0,7320363,0
755,1785929346333,-481040,0,5768283,0,7320282,0
756,1785929346344,-480393,0,5767922,0,7319748,0
757,1785929346353,-479709,0,5768076,0,7319337,0
758,1785929346366,-478842,0,5767951,0,7319222,0
759,1785929346373,-478240,0,5767871,0,7319057,0
760,1785929346384,-477299,0,5767434,0,7319205,0
761,1785929346394,-476503,0,5766698,0,7318227,0
762,1785929346404,-475551,0,5766577,0,7318068,0
763,1785929346413,-474622,0,5766967,0,7318064,0
764,1785929346424,-473324,0,5767222,0,7318414,0
765,1785929346433,-472268,0,5767392,0,7318604,0
766,1785929346444,-471034,0,5767440,0,7318800,0
767,1785929346454,-469746,0,5767258,0,7318791,0
768,1785929346464,-468254,0,5766839,0,7319032,0
769,1785929346473,-467170,0,5766246,0,7318541,0
770,1785929346484,-466015,0,5766327,0,7318253,0
771,1785929346495,-464600,0,5766725,0,7318746,0
772,1785929346505,-463021,0,5767061,0,7319090,0
773,1785929346513,-461489,0,5767037,0,7319115,0
774,1785929346526,-460127,0,5766933,0,7319417,0
775,1785929346533,-458465,0,5767102,0,7319315,0
776,1785929346544,-456871,0,5767347,0,7319650,0
777,1785929346553,-455157,0,5767686,0,7320336,0
778,1785929346565,-453681,0,5767283,0,7320449,0
779,1785929346574,-452232,0,5766775,0,7319969,0
780,1785929346584,-450718,0,5766971,0,7319837,0
781,1785929346594,-449066,0,5767572,0,7320324,0
782,1785929346604,-447474,0,5767980,0,7320630,0
783,1785929346614,-445918,0,5768248,0,7321028,0
784,1785929346624,-444201,0,5768113,0,7321295,0
785,1785929346634,-442561,0,5767370,0,7321138,0
786,1785929346646,-441042,0,5767059,0,7320783,0
787,1785929346658,-439635,0,5767290,0,7320652,0
788,1785929346665,-438211,0,5767760,0,7320772,0
789,1785929346678,-436475,0,5768324,0,7321593,0
790,1785929346687,-434914,0,5768615,0,7321737,0
791,1785929346694,-433401,0,5768549,0,7322073,0
792,1785929346704,-431780,0,5768267,0,7322239,0
793,1785929346714,-430400,0,5767695,0,7321677,0
794,1785929346725,-428997,0,5767537,0,7321488,0
795,1785929346734,-427255,0,5768172,0,7322078,0
796,1785929346744,-425571,0,5769078,0,7323053,0
797,1785929346754,-423895,0,5769673,0,7323910,0
798,1785929346764,-422128,0,5769739,0,7324145,0
799,1785929346774,-420458,0,5769777,0,7324331,0
800,1785929346784,-418901,0,5769632,0,7324384,0
801,1785929346794,-417336,0,5770067,0,7324724,0
802,1785929346804,-415497,0,5771112,0,7325646,0
803,1785929346814,-413615,0,5771990,0,7327073,0
804,1785929346825,-411750,0,5772774,0,7328062,0
805,1785929346834,-410054,0,5773570,0,7328984,0
806,1785929346846,-407976,0,5774499,0,7330131,0
807,1785929346854,-406031,0,5775993,0,7331393,0
808,1785929346865,-403946,0,5778017,0,7334178,0
809,1785929346874,-401543,0,5779520,0,7336200,0
810,1785929346884,-399846,0,5780701,0,7337557,0
811,1785929346894,-397975,0,5782084,0,7339499,0
812,1785929346905,-396733,0,5783785,0,7341633,0
813,1785929346914,-396423,0,5784923,0,7343577,0
814,1785929346925,-397260,0,5784186,0,7343529,0
815,1785929346934,-399612,0,5781996,0,7341607,0
816,1785929346944,-402618,0,5780047,0,7339376,0
817,1785929346954,-405921,0,5778927,0,7338276,0
818,1785929346965,-409308,0,5777988,0,7337591,0
819,1785929346974,-412892,0,5776988,0,7336532,0
820,1785929346985,-416336,0,5776074,0,7335400,0
821,1785929346995,-419316,0,5775366,0,7334603,0
822,1785929347007,-422024,0,5774862,0,7333852,0
823,1785929347014,-424058,0,5774780,0,7333622,0
824,1785929347025,-425784,0,5774417,0,7333237,0
825,1785929347035,-427068,0,5774548,0,7333202,0
826,1785929347045,-427874,0,5774767,0,7333591,0
827,1785929347054,-428285,0,5775801,0,7334195,0
828,1785929347065,-428607,0,5776750,0,7335029,0
829,1785929347075,-428511,0,5777514,0,7335872,0
830,1785929347085,-428177,0,5778363,0,7336942,0
831,1785929347094,-427851,0,5778870,0,7337297,0
832,1785929347105,-427595,0,5779593,0,7338029,0
833,1785929347114,-427306,0,5780368,0,7338752,0
834,1785929347125,-426852,0,5780899,0,7339290,0
835,1785929347134,-426401,0,5781555,0,7339822,0
836,1785929347146,-425797,0,5782447,0,7340949,0
837,1785929347155,-425135,0,5783878,0,7342461,0
838,1785929347167,-424460,0,5785388,0,7344479,0
839,1785929347175,-423941,0,5786731,0,7346214,0
840,1785929347185,-423400,0,5788099,0,7347975,0
841,1785929347195,-423204,0,5788768,0,7348933,0
842,1785929347205,-423046,0,5789630,0,7349958,0
843,1785929347215,-422838,0,5790390,0,7350822,0
844,1785929347225,-422694,0,5791147,0,7351621,0
845,1785929347235,-422637,0,5791439,0,7352173,0
846,1785929347245,-422484,0,5791608,0,7352601,0
847,1785929347255,-422578,0,5790791,0,7352103,0
848,1785929347265,-422926,0,5789510,0,7350982,0
849,1785929347275,-423157,0,5788458,0,7349884,0
850,1785929347285,-423323,0,5788085,0,7349087,0
851,1785929347295,-423301,0,5788148,0,7349066,0
852,1785929347306,-423245,0,5788399,0,7349270,0
853,1785929347315,-422703,0,5788204,0,7349481,0
854,1785929347328,-422602,0,5787591,0,7348916,0
855,1785929347344,-422448,0,5786665,0,7347752,0
856,1785929347345,-422085,0,5786238,0,7346971,0
857,1785929347355,-421331,0,5786438,0,7347132,0
858,1785929347366,-420282,0,5787011,0,7347402,0
859,1785929347375,-419469,0,5787310,0,7347848,0
860,1785929347387,-418295,0,5787440,0,7348137,0
861,1785929347396,-417360,0,5786849,0,7347429,0
862,1785929347406,-416528,0,5787158,0,7347481,0
863,1785929347415,-415710,0,5788488,0,7348815,0
864,1785929347425,-414352,0,5789753,0,7350728,0
865,1785929347435,-413163,0,5790324,0,7351663,0
866,1785929347446,-412130,0,5790590,0,7352275,0
867,1785929347456,-411183,0,5791321,0,7353027,0
868,1785929347467,-410162,0,5792071,0,7353933,0
869,1785929347476,-408754,0,5793606,0,7355309,0
870,1785929347487,-407258,0,5794925,0,7357031,0
871,1785929347495,-405891,0,5795449,0,7357972,0
872,1785929347506,-404693,0,5794913,0,7357722,0
873,1785929347515,-403875,0,5794628,0,7357366,0
874,1785929347526,-402887,0,5795055,0,7357505,0
875,1785929347536,-401921,0,5795620,0,7358370,0
876,1785929347546,-400433,0,5796011,0,7359014,0
877,1785929347556,-399456,0,5796079,0,7358889,0
878,1785929347566,-398087,0,5796728,0,7359271,0
879,1785929347575,-396649,0,5798298,0,7360272,0
880,1785929347586,-394813,0,5800278,0,7362279,0
881,1785929347596,-392802,0,5802066,0,7364183,0
882,1785929347606,-391044,0,5802789,0,7365082,0
883,1785929347615,-389504,0,5802727,0,7364821,0
884,1785929347626,-387982,0,5803316,0,7365187,0
885,1785929347636,-386299,0,5804547,0,7366433,0
886,1785929347649,-384556,0,5805808,0,7367844,0
887,1785929347656,-382793,0,5807194,0,7369104,0
888,1785929347666,-381115,0,5808150,0,7370340,0
889,1785929347676,-379315,0,5808648,0,7371190,0
890,1785929347686,-377892,0,5809014,0,7371495,0
891,1785929347696,-376315,0,5810011,0,7372307,0
892,1785929347706,-374518,0,5811368,0,7373360,0
893,1785929347716,-372654,0,5813215,0,7374881,0
894,1785929347726,-370354,0,5815043,0,7376297,0
895,1785929347736,-368128,0,5816651,0,7377672,0
896,1785929347746,-366196,0,5817636,0,7378718,0
897,1785929347756,-364371,0,5818374,0,7379259,0
898,1785929347773,-362690,0,5818669,0,7379653,0
899,1785929347776,-361086,0,5819381,0,7380083,0
900,1785929347789,-359403,0,5820243,0,7380807,0
901,1785929347796,-358329,0,5820791,0,7381333,0
902,1785929347808,-358139,0,5820987,0,7381563,0
903,1785929347816,-358928,0,5820618,0,7380972,0
904,1785929347826,-360781,0,5820192,0,7380347,0
905,1785929347836,-363170,0,5819758,0,7379533,0
906,1785929347846,-365888,0,5819331,0,7378882,0
907,1785929347856,-369227,0,5818536,0,7377603,0
908,1785929347867,-372465,0,5817882,0,7376439,0
909,1785929347876,-375514,0,5817655,0,7375727,0
910,1785929347887,-378118,0,5817619,0,7375488,0
911,1785929347896,-380415,0,5817842,0,7375112,0
912,1785929347907,-382183,0,5817905,0,7375017,0
913,1785929347916,-383744,0,5817698,0,7374909,0
914,1785929347927,-385097,0,5817313,0,7374535,0
915,1785929347936,-386273,0,5816799,0,7373799,0
916,1785929347947,-386995,0,5816379,0,7373109,0
917,1785929347956,-387492,0,5816555,0,7372969,0
918,1785929347970,-387534,0,5817286,0,7373213,0
919,1785929347976,-387248,0,5818361,0,7373625,0
920,1785929347987,-386717,0,5819476,0,7374142,0
921,1785929347996,-386212,0,5820677,0,7374318,0
922,1785929348007,-385717,0,5822172,0,7373686,0
923,1785929348017,-384859,0,5823723,0,7372446,0
924,1785929348027,-383593,0,5826325,0,7372216,0
925,1785929348037,-381769,0,5829370,0,7373516,0
926,1785929348047,-380239,0,5832347,0,7375359,0
927,1785929348056,-378677,0,5834558,0,7377065,0
928,1785929348067,-377415,0,5835974,0,7377981,0
929,1785929348077,-376210,0,5837165,0,7378843,0
930,1785929348087,-374967,0,5837927,0,7379494,0
931,1785929348096,-373706,0,5838541,0,7379579,0
932,1785929348107,-372296,0,5839052,0,7379666,0
933,1785929348116,-370996,0,5839554,0,7379695,0
934,1785929348129,-369206,0,5840204,0,7379870,0
935,1785929348137,-367826,0,5840501,0,7380045,0
936,1785929348147,-366467,0,5840187,0,7380494,0
937,1785929348157,-365834,0,5839786,0,7380605,0
938,1785929348167,-364903,0,5840185,0,7380129,0
939,1785929348177,-363800,0,5840828,0,7380290,0
940,1785929348187,-362303,0,5841257,0,7380451,0
941,1785929348197,-361368,0,5841095,0,7380486,0
942,1785929348207,-360457,0,5841205,0,7380270,0
943,1785929348217,-359326,0,5842145,0,7381139,0
944,1785929348227,-358197,0,5843246,0,7382340,0
945,1785929348237,-357157,0,5844085,0,7383689,0
946,1785929348247,-356211,0,5844682,0,7384571,0
947,1785929348257,-355358,0,5845045,0,7385464,0
948,1785929348268,-354470,0,5845787,0,7386423,0
949,1785929348277,-353592,0,5846439,0,7387532,0
950,1785929348290,-352413,0,5846934,0,7388807,0
951,1785929348297,-351348,0,5847650,0,7389476,0
952,1785929348307,-350028,0,5848724,0,7390426,0
953,1785929348317,-348615,0,5850012,0,7392051,0
954,1785929348327,-347204,0,5850876,0,7393236,0
955,1785929348337,-345943,0,5851450,0,7394108,0
956,1785929348348,-344908,0,5851628,0,7394936,0
957,1785929348357,-344038,0,5851628,0,7395291,0
958,1785929348368,-343234,0,5851785,0,7395567,0
959,1785929348377,-342297,0,5852044,0,7395999,0
960,1785929348389,-341329,0,5852411,0,7396680,0
961,1785929348397,-340196,0,5853064,0,7397390,0
962,1785929348408,-339189,0,5853520,0,7398159,0
963,1785929348417,-338141,0,5854129,0,7399242,0
964,1785929348428,-337210,0,5854283,0,7400034,0
965,1785929348438,-336530,0,5854031,0,7400335,0
966,1785929348449,-335912,0,5853121,0,7400173,0
967,1785929348458,-335558,0,5852546,0,7399729,0
968,1785929348468,-334921,0,5852662,0,7399951,0
969,1785929348477,-334116,0,5853255,0,7400842,0
970,1785929348488,-333404,0,5853344,0,7401747,0
971,1785929348498,-332500,0,5852921,0,7401668,0
972,1785929348508,-331870,0,5852230,0,7401603,0
973,1785929348518,-331556,0,5851454,0,7401046,0
974,1785929348528,-330799,0,5851147,0,7400884,0
975,1785929348537,-329936,0,5851414,0,7401411,0
976,1785929348548,-328958,0,5851514,0,7401897,0
977,1785929348557,-328230,0,5851039,0,7401739,0
978,1785929348569,-327406,0,5850729,0,7401371,0
979,1785929348578,-326434,0,5850607,0,7401226,0
980,1785929348588,-325302,0,5850919,0,7401498,0
981,1785929348598,-323961,0,5851767,0,7402041,0
982,1785929348611,-322468,0,5851993,0,7402434,0
983,1785929348618,-321270,0,5851671,0,7402730,0
984,1785929348628,-320331,0,5850924,0,7402550,0
985,1785929348638,-319518,0,5849971,0,7401795,0
986,1785929348648,-318700,0,5849637,0,7401394,0
987,1785929348658,-317617,0,5850167,0,7401793,0
988,1785929348669,-316218,0,5851006,0,7402814,0
989,1785929348678,-314680,0,5851632,0,7403675,0
990,1785929348688,-313173,0,5851743,0,7404098,0
991,1785929348698,-311822,0,5851623,0,7403929,0
992,1785929348710,-310587,0,5851300,0,7403865,0
993,1785929348718,-309549,0,5851288,0,7404032,0
994,1785929348728,-308035,0,5851975,0,7404633,0
995,1785929348738,-307057,0,5852259,0,7405143,0
996,1785929348749,-306800,0,5852218,0,7404793,0
997,1785929348758,-307664,0,5852040,0,7404488,0
998,1785929348770,-309346,0,5852011,0,7404293,0
999,1785929348778,-311741,0,5851847,0,7403716,0
1000,1785929348788,-315051,0,5851426,0,7403187,0
1001,1785929348798,-318577,0,5850823,0,7402527,0
1002,1785929348809,-322450,0,5849982,0,7401607,0
1003,1785929348818,-326304,0,5849098,0,7400393,0
1004,1785929348828,-329837,0,5848773,0,7399416,0
1005,1785929348838,-332957,0,5848523,0,7399029,0
1006,1785929348849,-335673,0,5848263,0,7398383,0
1007,1785929348858,-337972,0,5847954,0,7397884,0
1008,1785929348869,-339753,0,5847695,0,7397495,0
1009,1785929348878,-341430,0,5847366,0,7397069,0
1010,1785929348889,-342628,0,5847067,0,7396834,0
1011,1785929348898,-343827,0,5847020,0,7396895,0
1012,1785929348909,-344606,0,5846412,0,7396338,0
1013,1785929348918,-345547,0,5845832,0,7395643,0
1014,1785929348931,-346266,0,5845937,0,7395178,0
1015,1785929348938,-346470,0,5846623,0,7395422,0
1016,1785929348949,-346671,0,5847326,0,7395720,0
1017,1785929348958,-347039,0,5847201,0,7395326,0
1018,1785929348969,-347633,0,5846921,0,7394616,0
1019,1785929348978,-348337,0,5846180,0,7393273,0
1020,1785929348989,-348747,0,5845894,0,7392678,0
1021,1785929348998,-348847,0,5846043,0,7392390,0
1022,1785929349009,-348740,0,5846490,0,7392547,0
1023,1785929349019,-348453,0,5846680,0,7392936,0
1024,1785929349029,-348345,0,5846521,0,7392620,0
1025,1785929349039,-348392,0,5846306,0,7392579,0
1026,1785929349049,-348419,0,5846231,0,7392642,0
1027,1785929349059,-348358,0,5846117,0,7392687,0
1028,1785929349070,-348252,0,5845889,0,7392847,0
1029,1785929349079,-348511,0,5845684,0,7392710,0
1030,1785929349092,-348501,0,5845718,0,7392857,0
1031,1785929349102,-348643,0,5845704,0,7392785,0
1032,1785929349109,-348620,0,5845829,0,7392978,0
1033,1785929349119,-348584,0,5845825,0,7393101,0
1034,1785929349129,-348852,0,5845360,0,7393001,0
1035,1785929349139,-349165,0,5844296,0,7392354,0
1036,1785929349149,-349618,0,5843690,0,7391609,0
1037,1785929349159,-349704,0,5843738,0,7391696,0
1038,1785929349170,-349615,0,5843939,0,7392033,0
1039,1785929349179,-349383,0,5844002,0,7392097,0
1040,1785929349189,-348930,0,5843842,0,7392140,0
1041,1785929349199,-348596,0,5843182,0,7391842,0
1042,1785929349209,-348490,0,5842379,0,7391321,0
1043,1785929349219,-348173,0,5841828,0,7390653,0
1044,1785929349230,-347601,0,5841853,0,7390475,0
1045,1785929349239,-346821,0,5842340,0,7390867,0
1046,1785929349252,-345877,0,5842417,0,7391024,0
1047,1785929349260,-344724,0,5842010,0,7390754,0
1048,1785929349271,-343634,0,5841714,0,7390306,0
1049,1785929349279,-342462,0,5841706,0,7390321,0
1050,1785929349289,-340908,0,5841713,0,7390251,0
1051,1785929349299,-339662,0,5841668,0,7390248,0
1052,1785929349309,-338114,0,5841469,0,7390040,0
1053,1785929349319,-336663,0,5841138,0,7389904,0
1054,1785929349330,-335273,0,5840923,0,7389535,0
1055,1785929349339,-333462,0,5840758,0,7389304,0
1056,1785929349350,-331735,0,5841056,0,7389632,0
1057,1785929349359,-329809,0,5841460,0,7390086,0
1058,1785929349370,-327641,0,5842223,0,7390630,0
1059,1785929349379,-325350,0,5843130,0,7391455,0
1060,1785929349391,-322918,0,5844152,0,7392382,0
1061,1785929349400,-320360,0,5845579,0,7393809,0
1062,1785929349412,-317138,0,5847673,0,7395339,0
1063,1785929349419,-313477,0,5850815,0,7397870,0
1064,1785929349430,-309601,0,5853819,0,7401234,0
1065,1785929349440,-305867,0,5855578,0,7404292,0
1066,1785929349450,-302534,0,5856074,0,7405278,0
1067,1785929349460,-298702,0,5857439,0,7406289,0
1068,1785929349470,-293635,0,5860844,0,7408157,0
1069,1785929349480,-286761,0,5865331,0,7410037,0
1070,1785929349490,-279042,0,5870024,0,7411608,0
1071,1785929349500,-270331,0,5873618,0,7412198,0
1072,1785929349510,-261254,0,5876785,0,7412134,0
1073,1785929349520,-251728,0,5878359,0,7411404,0
1074,1785929349530,-241829,0,5879395,0,7409747,0
1075,1785929349540,-231856,0,5879627,0,7407340,0
1076,1785929349551,-221418,0,5879226,0,7404349,0
1077,1785929349560,-210877,0,5878703,0,7401179,0
1078,1785929349573,-200153,0,5878529,0,7397356,0
1079,1785929349580,-189583,0,5878338,0,7393508,0
1080,1785929349590,-178966,0,5878241,0,7390294,0
1081,1785929349600,-168677,0,5878144,0,7388308,0
1082,1785929349611,-159137,0,5878252,0,7387412,0
1083,1785929349620,-150120,0,5878423,0,7387100,0
1084,1785929349630,-142009,0,5878687,0,7387397,0
1085,1785929349640,-134692,0,5878562,0,7387986,0
1086,1785929349651,-128178,0,5878968,0,7388354,0
1087,1785929349660,-122020,0,5879137,0,7389124,0
1088,1785929349671,-116371,0,5879399,0,7389410,0
1089,1785929349680,-110587,0,5879927,0,7389983,0
1090,1785929349691,-105071,0,5880275,0,7390557,0
1091,1785929349700,-99603,0,5880419,0,7391192,0
1092,1785929349711,-94567,0,5880468,0,7391404,0
1093,1785929349723,-89886,0,5880330,0,7391434,0
1094,1785929349732,-86053,0,5879832,0,7391254,0
1095,1785929349740,-83151,0,5879027,0,7390664,0
1096,1785929349751,-81486,0,5877811,0,7389231,0
1097,1785929349760,-80866,0,5876571,0,7387794,0
1098,1785929349771,-81347,0,5875642,0,7386573,0
1099,1785929349780,-82612,0,5874491,0,7385621,0
1100,1785929349791,-84285,0,5873811,0,7384844,0
1101,1785929349800,-86012,0,5873240,0,7384470,0
1102,1785929349811,-88044,0,5872419,0,7384091,0
1103,1785929349821,-90021,0,5871898,0,7383835,0
1104,1785929349831,-91779,0,5871410,0,7383510,0
1105,1785929349840,-93196,0,5871050,0,7383428,0
1106,1785929349851,-94124,0,5870760,0,7383394,0
1107,1785929349861,-94596,0,5870249,0,7383314,0
1108,1785929349872,-94720,0,5870324,0,7383178,0
1109,1785929349880,-94703,0,5870140,0,7383216,0
1110,1785929349894,-94299,0,5869981,0,7383723,0
1111,1785929349900,-94075,0,5869799,0,7383701,0
1112,1785929349911,-93625,0,5869469,0,7383550,0
1113,1785929349921,-93177,0,5869484,0,7383800,0
1114,1785929349931,-92754,0,5869348,0,7383873,0
1115,1785929349941,-92332,0,5869277,0,7384088,0
1116,1785929349951,-91802,0,5868995,0,7384327,0
1117,1785929349961,-91649,0,5868792,0,7384465,0
1118,1785929349972,-91490,0,5868573,0,7384215,0
1119,1785929349981,-91190,0,5868339,0,7384124,0
1120,1785929349991,-90796,0,5868262,0,7384136,0
1121,1785929350001,-90194,0,5868142,0,7384281,0
1122,1785929350011,-89468,0,5868135,0,7384440,0
1123,1785929350021,-88581,0,5868151,0,7384367,0
1124,1785929350032,-88055,0,5867784,0,7384731,0
1125,1785929350041,-87590,0,5867493,0,7384773,0
1126,1785929350053,-87466,0,5867018,0,7384584,0
1127,1785929350061,-87027,0,5866953,0,7384438,0
1128,1785929350072,-86567,0,5866776,0,7384083,0
1129,1785929350081,-86060,0,5866605,0,7383798,0
1130,1785929350091,-85609,0,5866405,0,7383853,0
1131,1785929350101,-85278,0,5866146,0,7383719,0
1132,1785929350111,-85134,0,5865828,0,7383549,0
1133,1785929350121,-85235,0,5865373,0,7383488,0
1134,1785929350131,-85362,0,5864992,0,7383082,0
1135,1785929350141,-85416,0,5864844,0,7382869,0
1136,1785929350151,-85436,0,5864695,0,7382741,0
1137,1785929350161,-85312,0,5864485,0,7382812,0
1138,1785929350172,-85394,0,5864177,0,7382963,0
1139,1785929350182,-85518,0,5863768,0,7382985,0
1140,1785929350196,-85586,0,5863623,0,7383015,0
1141,1785929350201,-85661,0,5863359,0,7383247,0
1142,1785929350214,-85886,0,5862998,0,7383515,0
1143,1785929350221,-86174,0,5862768,0,7383696,0
1144,1785929350232,-86205,0,5862701,0,7383814,0
1145,1785929350241,-86392,0,5862482,0,7383912,0
1146,1785929350252,-86443,0,5862670,0,7384395,0
1147,1785929350261,-86491,0,5862740,0,7384781,0
1148,1785929350272,-86456,0,5862768,0,7385195,0
1149,1785929350282,-86489,0,5862900,0,7385982,0
1150,1785929350292,-86533,0,5862737,0,7386521,0
1151,1785929350301,-86934,0,5862738,0,7386998,0
1152,1785929350312,-87123,0,5862691,0,7387772,0
1153,1785929350321,-87502,0,5862653,0,7388338,0
1154,1785929350332,-88040,0,5862578,0,7388683,0
1155,1785929350342,-88375,0,5862661,0,7389093,0
1156,1785929350353,-88655,0,5862701,0,7389612,0
1157,1785929350362,-89199,0,5862828,0,7390378,0
1158,1785929350374,-89612,0,5862945,0,7390802,0
1159,1785929350382,-89883,0,5863190,0,7391528,0
1160,1785929350392,-90282,0,5863164,0,7392223,0
1161,1785929350402,-90970,0,5862929,0,7392562,0
1162,1785929350412,-91725,0,5862725,0,7393164,0
1163,1785929350422,-92092,0,5862806,0,7393578,0
1164,1785929350432,-92929,0,5862863,0,7394001,0
1165,1785929350442,-93546,0,5862794,0,7394336,0
1166,1785929350452,-94185,0,5862873,0,7394882,0
1167,1785929350462,-94730,0,5863006,0,7395417,0
1168,1785929350473,-95339,0,5863183,0,7395651,0
1169,1785929350482,-96099,0,5863317,0,7396271,0
1170,1785929350492,-96510,0,5863366,0,7396973,0
1171,1785929350502,-97264,0,5863270,0,7397516,0
1172,1785929350513,-97808,0,5863381,0,7397784,0
1173,1785929350526,-98477,0,5863286,0,7398025,0
1174,1785929350535,-99128,0,5863222,0,7398408,0
1175,1785929350545,-99705,0,5863101,0,7398949,0
1176,1785929350554,-100218,0,5862989,0,7399507,0
1177,1785929350563,-101236,0,5862585,0,7399786,0
1178,1785929350573,-102019,0,5862146,0,7399647,0
1179,1785929350582,-102659,0,5862121,0,7399883,0
1180,1785929350600,-103408,0,5862386,0,7400002,0
1181,1785929350602,-103878,0,5862770,0,7400753,0
1182,1785929350613,-104563,0,5862617,0,7401367,0
1183,1785929350623,-105360,0,5862209,0,7401559,0
1184,1785929350633,-106089,0,5861713,0,7401557,0
1185,1785929350645,-106907,0,5861415,0,7401676,0
1186,1785929350653,-107551,0,5861416,0,7401732,0
1187,1785929350663,-108197,0,5861672,0,7402336,0
1188,1785929350675,-108597,0,5861389,0,7402409,0
1189,1785929350702,-109068,0,5861143,0,7402292,0
1190,1785929350703,-109754,0,5860939,0,7402116,0
1191,1785929350708,-110522,0,5860800,0,7402105,0
1192,1785929350713,-112064,0,5860350,0,7401877,0
1193,1785929350723,-114390,0,5859879,0,7401307,0
1194,1785929350733,-117928,0,5859304,0,7400629,0
1195,1785929350745,-122217,0,5858692,0,7400073,0
1196,1785929350753,-126898,0,5858211,0,7399474,0
1197,1785929350763,-131974,0,5857808,0,7398675,0
1198,1785929350778,-137223,0,5857101,0,7397839,0
1199,1785929350783,-142692,0,5856366,0,7396945,0
1200,1785929350795,-147834,0,5856027,0,7396209,0
1201,1785929350803,-152920,0,5855545,0,7395582,0
1202,1785929350814,-157388,0,5855383,0,7395322,0
1203,1785929350823,-161412,0,5855016,0,7394898,0
1204,1785929350834,-165188,0,5854534,0,7394553,0
1205,1785929350845,-168506,0,5854207,0,7394327,0
1206,1785929350857,-171559,0,5854004,0,7394167,0
1207,1785929350863,-174090,0,5853644,0,7393799,0
1208,1785929350865,-176537,0,5853441,0,7393647,0
1209,1785929350877,-178722,0,5853103,0,7393436,0
1210,1785929350884,-180808,0,5852899,0,7393244,0
1211,1785929350894,-182698,0,5852549,0,7393054,0
1212,1785929350905,-184946,0,5852019,0,7392766,0
1213,1785929350915,-186889,0,5851582,0,7392444,0
1214,1785929350927,-188878,0,5851373,0,7392025,0
1215,1785929350935,-190632,0,5851096,0,7391830,0
1216,1785929350944,-192217,0,5850669,0,7391563,0
1217,1785929350955,-193546,0,5850516,0,7391284,0
1218,1785929350965,-194836,0,5849953,0,7390994,0
1219,1785929350977,-196064,0,5849625,0,7390481,0
1220,1785929350985,-197449,0,5849334,0,7390237,0
1221,1785929350994,-198774,0,5848906,0,7390127,0
1222,1785929351014,-200090,0,5848384,0,7389588,0
1223,1785929351014,-201814,0,5847864,0,7389005,0
1224,1785929351027,-203177,0,5847476,0,7388619,0
1225,1785929351034,-204621,0,5847022,0,7388514,0
1226,1785929351044,-206331,0,5846526,0,7387943,0
1227,1785929351054,-208024,0,5845940,0,7387406,0
1228,1785929351065,-209559,0,5845553,0,7387129,0
1229,1785929351074,-211349,0,5844815,0,7386786,0
1230,1785929351085,-213055,0,5844394,0,7386317,0
1231,1785929351095,-214677,0,5843845,0,7385758,0
1232,1785929351105,-216289,0,5843350,0,7385645,0
1233,1785929351114,-217871,0,5842616,0,7384812,0
1234,1785929351125,-219427,0,5842374,0,7384209,0
1235,1785929351134,-220388,0,5842320,0,7384088,0
1236,1785929351145,-221458,0,5842290,0,7384056,0
1237,1785929351154,-222066,0,5842141,0,7384019,0
1238,1785929351168,-222947,0,5842011,0,7383891,0
1239,1785929351174,-223934,0,5841234,0,7383665,0
1240,1785929351185,-224995,0,5840600,0,7383264,0
1241,1785929351194,-226021,0,5840118,0,7382611,0
1242,1785929351205,-226853,0,5839824,0,7382189,0
1243,1785929351214,-227632,0,5839471,0,7381895,0
1244,1785929351224,-228097,0,5839481,0,7381743,0
1245,1785929351234,-228513,0,5839220,0,7381451,0
1246,1785929351247,-229074,0,5838900,0,7381289,0
1247,1785929351254,-229571,0,5838399,0,7381186,0
1248,1785929351266,-230085,0,5837852,0,7380906,0
1249,1785929351277,-230657,0,5837413,0,7380416,0
1250,1785929351285,-231177,0,5837165,0,7380460,0
1251,1785929351295,-231644,0,5837015,0,7380535,0
1252,1785929351313,-231725,0,5836738,0,7380526,0
1253,1785929351314,-232044,0,5836475,0,7380265,0
1254,1785929351328,-232481,0,5836172,0,7380108,0
1255,1785929351334,-232863,0,5835772,0,7379848,0
1256,1785929351346,-233103,0,5835499,0,7379520,0
1257,1785929351362,-233441,0,5835270,0,7379760,0
1258,1785929351365,-233447,0,5834995,0,7379507,0
1259,1785929351377,-233737,0,5834771,0,7379291,0
1260,1785929351385,-233893,0,5834331,0,7379070,0
1261,1785929351394,-233927,0,5834167,0,7378749,0
1262,1785929351405,-233989,0,5833870,0,7378598,0
1263,1785929351414,-234117,0,5833694,0,7378488,0
1264,1785929351425,-234197,0,5833623,0,7378401,0
1265,1785929351434,-234060,0,5833248,0,7378577,0
1266,1785929351445,-233798,0,5833054,0,7378418,0
1267,1785929351455,-233863,0,5832802,0,7378084,0
1268,1785929351466,-233662,0,5832606,0,7378208,0
1269,1785929351475,-233761,0,5832055,0,7377917,0
1270,1785929351488,-233694,0,5831575,0,7377409,0
1271,1785929351495,-233678,0,5831199,0,7377057,0
1272,1785929351505,-233558,0,5830995,0,7377076,0
1273,1785929351515,-233465,0,5830289,0,7376601,0
1274,1785929351525,-233609,0,5829836,0,7375982,0
1275,1785929351535,-233634,0,5829496,0,7375777,0
1276,1785929351545,-233317,0,5829403,0,7375691,0
1277,1785929351555,-233086,0,5829066,0,7375442,0
1278,1785929351566,-232709,0,5828729,0,7375140,0
1279,1785929351575,-232422,0,5827955,0,7374646,0
1280,1785929351585,-232355,0,5826798,0,7373618,0
1281,1785929351595,-232581,0,5826112,0,7372746,0
1282,1785929351605,-232360,0,5825645,0,7371923,0
1283,1785929351615,-232008,0,5825212,0,7371701,0
1284,1785929351626,-231516,0,5824545,0,7371088,0
1285,1785929351635,-231413,0,5823850,0,7370499,0
1286,1785929351647,-231251,0,5822921,0,7369684,0
1287,1785929351655,-231139,0,5822085,0,7368748,0
1288,1785929351666,-230972,0,5821553,0,7368445,0
1289,1785929351675,-230805,0,5821022,0,7367933,0
1290,1785929351686,-231114,0,5819897,0,7366893,0
1291,1785929351695,-232265,0,5818888,0,7365266,0
1292,1785929351705,-234398,0,5818181,0,7364212,0
1293,1785929351716,-237015,0,5817693,0,7363222,0
1294,1785929351726,-240389,0,5817239,0,7362695,0
1295,1785929351735,-244380,0,5816430,0,7361494,0
1296,1785929351746,-249143,0,5814784,0,7359779,0
1297,1785929351755,-254260,0,5812596,0,7357049,0
1298,1785929351766,-259577,0,5810261,0,7354241,0
1299,1785929351775,-264407,0,5808552,0,7351972,0
1300,1785929351786,-268958,0,5807231,0,7350192,0
1301,1785929351796,-273018,0,5806344,0,7348815,0
1302,1785929351808,-277102,0,5804868,0,7347236,0
1303,1785929351815,-280856,0,5803292,0,7345497,0
1304,1785929351826,-284209,0,5802223,0,7344041,0
1305,1785929351836,-287453,0,5801521,0,7343112,0
1306,1785929351846,-290321,0,5800851,0,7342083,0
1307,1785929351856,-292787,0,5799998,0,7341269,0
1308,1785929351873,-295099,0,5799488,0,7340516,0
1309,1785929351876,-297286,0,5798838,0,7339948,0
1310,1785929351890,-299465,0,5798417,0,7339049,0
1311,1785929351896,-301211,0,5798365,0,7338589,0
1312,1785929351907,-302742,0,5798590,0,7338658,0
1313,1785929351916,-304160,0,5798949,0,7339234,0
1314,1785929351926,-305512,0,5799195,0,7339452,0
1315,1785929351938,-306493,0,5799879,0,7340019,0
1316,1785929351947,-307291,0,5800764,0,7340742,0
1317,1785929351956,-307810,0,5801381,0,7341499,0
1318,1785929351968,-308392,0,5801952,0,7342151,0
1319,1785929351976,-308737,0,5803044,0,7343019,0
1320,1785929351986,-308972,0,5803959,0,7343801,0
1321,1785929351996,-309405,0,5805335,0,7344997,0
1322,1785929352006,-309328,0,5806401,0,7346298,0
1323,1785929352016,-309349,0,5807391,0,7347295,0
1324,1785929352026,-309340,0,5807959,0,7348197,0
1325,1785929352039,-309566,0,5808021,0,7348594,0
1326,1785929352046,-309965,0,5807977,0,7348765,0
1327,1785929352056,-310338,0,5807513,0,7348568,0
1328,1785929352067,-311100,0,5806428,0,7347953,0
1329,1785929352076,-312026,0,5805076,0,7346844,0
1330,1785929352090,-312995,0,5803405,0,7345253,0
1331,1785929352096,-314114,0,5801928,0,7343638,0
1332,1785929352107,-315230,0,5800791,0,7342384,0
1333,1785929352116,-316022,0,5800328,0,7341836,0
1334,1785929352129,-316861,0,5799683,0,7341400,0
1335,1785929352136,-317477,0,5799040,0,7340897,0
1336,1785929352147,-318275,0,5797525,0,7339873,0
1337,1785929352156,-319470,0,5795846,0,7338168,0
1338,1785929352167,-320491,0,5794617,0,7336753,0
1339,1785929352176,-321221,0,5793962,0,7335841,0
1340,1785929352187,-321731,0,5793366,0,7335191,0
1341,1785929352196,-322320,0,5792807,0,7334704,0
1342,1785929352207,-322738,0,5791859,0,7333947,0
1343,1785929352217,-323167,0,5790484,0,7332553,0
1344,1785929352227,-323801,0,5788956,0,7330906,0
1345,1785929352238,-324263,0,5788134,0,7329682,0
1346,1785929352247,-323996,0,5788647,0,7329819,0
1347,1785929352257,-323536,0,5789243,0,7330528,0
1348,1785929352268,-322616,0,5790024,0,7331173,0
1349,1785929352278,-321463,0,5790794,0,7332161,0
1350,1785929352289,-320586,0,5789636,0,7332059,0
1351,1785929352297,-320198,0,5787085,0,7329558,0
1352,1785929352307,-319875,0,5785244,0,7326681,0
1353,1785929352317,-318898,0,5785404,0,7325814,0
1354,1785929352327,-317376,0,5786984,0,7326778,0
1355,1785929352337,-315376,0,5788524,0,7328514,0
1356,1785929352347,-313942,0,5788388,0,7328946,0
1357,1785929352357,-313264,0,5786541,0,7327620,0
1358,1785929352367,-313181,0,5783482,0,7324860,0
1359,1785929352377,-313369,0,5780634,0,7321382,0
1360,1785929352387,-313317,0,5779030,0,7319356,0
1361,1785929352397,-312670,0,5778964,0,7318725,0
1362,1785929352407,-311804,0,5778777,0,7318798,0
1363,1785929352417,-311440,0,5777298,0,7317495,0
1364,1785929352428,-310958,0,5775434,0,7315729,0
1365,1785929352437,-310947,0,5773188,0,7313539,0
1366,1785929352450,-310841,0,5771388,0,7311331,0
1367,1785929352457,-310730,0,5770467,0,7309880,0
1368,1785929352467,-310222,0,5769698,0,7308802,0
1369,1785929352477,-309872,0,5768319,0,7307532,0
1370,1785929352488,-309674,0,5766718,0,7305750,0
1371,1785929352497,-309343,0,5765345,0,7304251,0
1372,1785929352508,-309035,0,5764210,0,7302892,0
1373,1785929352517,-308737,0,5762645,0,7301191,0
1374,1785929352527,-308624,0,5761757,0,7299609,0
1375,1785929352537,-308235,0,5760898,0,7298831,0
1376,1785929352547,-307901,0,5760219,0,7297831,0
1377,1785929352557,-307505,0,5758905,0,7296756,0
1378,1785929352568,-307346,0,5757866,0,7295292,0
1379,1785929352577,-307169,0,5756528,0,7294391,0
1380,1785929352588,-307099,0,5755748,0,7292896,0
1381,1785929352597,-306557,0,5755941,0,7292496,0
1382,1785929352609,-305677,0,5756403,0,7292817,0
1383,1785929352617,-304903,0,5756546,0,7293027,0
1384,1785929352628,-303944,0,5756626,0,7292876,0
1385,1785929352638,-302952,0,5756960,0,7293140,0
1386,1785929352648,-301959,0,5757055,0,7293409,0
1387,1785929352658,-301593,0,5757474,0,7293525,0
1388,1785929352682,-301713,0,5758020,0,7293992,0
1389,1785929352682,-302897,0,5758761,0,7294290,0
1390,1785929352698,-305034,0,5759117,0,7294414,0
1391,1785929352698,-308033,0,5759556,0,7294146,0
1392,1785929352708,-311589,0,5760086,0,7294117,0
1393,1785929352721,-315173,0,5760842,0,7294288,0
1394,1785929352728,-319219,0,5761303,0,7294094,0
1395,1785929352737,-323112,0,5760946,0,7294185,0
1396,1785929352768,-327313,0,5759880,0,7292296,0
1397,1785929352768,-330995,0,5759223,0,7290840,0
1398,1785929352771,-334029,0,5759751,0,7290502,0
1399,1785929352778,-336086,0,5760923,0,7290971,0
1400,1785929352788,-337699,0,5761929,0,7291785,0
1401,1785929352798,-339230,0,5761663,0,7291823,0
1402,1785929352808,-340787,0,5759896,0,7290096,0
1403,1785929352818,-342422,0,5758425,0,7287977,0
1404,1785929352828,-343201,0,5758101,0,7287065,0
1405,1785929352838,-343833,0,5758398,0,7287093,0
1406,1785929352848,-344127,0,5758551,0,7287046,0
1407,1785929352858,-344543,0,5757747,0,7286486,0
1408,1785929352869,-345331,0,5755821,0,7285065,0
1409,1785929352878,-346405,0,5753365,0,7282185,0
1410,1785929352888,-347573,0,5751630,0,7280125,0
1411,1785929352898,-348387,0,5750312,0,7278814,0
1412,1785929352909,-349009,0,5749216,0,7277271,0
1413,1785929352918,-349436,0,5747992,0,7276064,0
1414,1785929352930,-349779,0,5746524,0,7274616,0
1415,1785929352938,-350360,0,5745183,0,7273384,0
1416,1785929352949,-351062,0,5743365,0,7271741,0
1417,1785929352958,-351549,0,5742055,0,7269996,0
1418,1785929352969,-351990,0,5741252,0,7269227,0
1419,1785929352978,-352388,0,5740531,0,7268277,0
1420,1785929352989,-352468,0,5740296,0,7267810,0
1421,1785929352998,-352754,0,5740119,0,7267568,0
1422,1785929353009,-352923,0,5739892,0,7267249,0
1423,1785929353018,-353048,0,5739996,0,7267151,0
1424,1785929353029,-353062,0,5739715,0,7267082,0
1425,1785929353038,-353464,0,5738807,0,7266533,0
1426,1785929353049,-353637,0,5738048,0,7265700,0
1427,1785929353058,-353978,0,5738523,0,7266385,0
1428,1785929353070,-353879,0,5738811,0,7266912,0
1429,1785929353078,-354001,0,5738565,0,7266632,0
1430,1785929353091,-353909,0,5738426,0,7266171,0
1431,1785929353098,-353682,0,5738706,0,7266188,0
1432,1785929353109,-353314,0,5738475,0,7266131,0
1433,1785929353118,-352909,0,5738618,0,7265969,0
1434,1785929353129,-352735,0,5738521,0,7266170,0
1435,1785929353138,-352210,0,5738327,0,7266351,0
1436,1785929353149,-351835,0,5738785,0,7266499,0
1437,1785929353158,-351189,0,5739131,0,7266997,0
1438,1785929353169,-350323,0,5739648,0,7267499,0
1439,1785929353178,-349429,0,5740080,0,7268175,0
1440,1785929353189,-348679,0,5740775,0,7269028,0
1441,1785929353199,-347652,0,5740886,0,7269635,0
1442,1785929353209,-346986,0,5740481,0,7269550,0
1443,1785929353219,-346142,0,5740671,0,7269404,0
1444,1785929353230,-345282,0,5740489,0,7269497,0
1445,1785929353239,-344406,0,5740419,0,7269389,0
1446,1785929353251,-343370,0,5740313,0,7269432,0
1447,1785929353259,-342415,0,5739853,0,7268910,0
1448,1785929353269,-341609,0,5739309,0,7268431,0
1449,1785929353279,-340864,0,5739160,0,7268203,0
1450,1785929353290,-339971,0,5739471,0,7268177,0
1451,1785929353299,-338751,0,5739684,0,7268376,0
1452,1785929353309,-337615,0,5739539,0,7268281,0
1453,1785929353319,-336721,0,5739396,0,7268164,0
1454,1785929353329,-335737,0,5739602,0,7267871,0
1455,1785929353339,-334418,0,5740122,0,7268303,0
1456,1785929353349,-333079,0,5740372,0,7268780,0
1457,1785929353359,-331785,0,5740149,0,7268724,0
1458,1785929353370,-330940,0,5739640,0,7268178,0
1459,1785929353379,-330207,0,5739288,0,7268021,0
1460,1785929353390,-329074,0,5739545,0,7268213,0
1461,1785929353399,-327977,0,5739757,0,7268406,0
1462,1785929353412,-326914,0,5739574,0,7268554,0
1463,1785929353419,-325993,0,5739492,0,7268526,0
1464,1785929353429,-324971,0,5739677,0,7268724,0
1465,1785929353439,-323850,0,5740091,0,7269308,0
1466,1785929353450,-322688,0,5740590,0,7270194,0
1467,1785929353459,-321554,0,5740434,0,7270768,0
1468,1785929353470,-320570,0,5740088,0,7270652,0
1469,1785929353479,-319839,0,5739694,0,7270517,0
1470,1785929353490,-318971,0,5739714,0,7270484,0
1471,1785929353499,-318037,0,5739994,0,7270810,0
1472,1785929353509,-317027,0,5740372,0,7271088,0
1473,1785929353519,-316075,0,5740645,0,7271350,0
1474,1785929353530,-314960,0,5741054,0,7271705,0
1475,1785929353539,-313876,0,5741482,0,7272165,0
1476,1785929353551,-312644,0,5741844,0,7272471,0
1477,1785929353559,-311573,0,5742239,0,7273125,0
1478,1785929353572,-310369,0,5742478,0,7273474,0
1479,1785929353580,-309235,0,5742955,0,7273710,0
1480,1785929353590,-307974,0,5743542,0,7274455,0
1481,1785929353600,-306443,0,5744323,0,7275543,0
1482,1785929353610,-304936,0,5745268,0,7276535,0
1483,1785929353620,-303193,0,5745835,0,7277454,0
1484,1785929353630,-301672,0,5746643,0,7278210,0
1485,1785929353640,-300284,0,5746814,0,7278815,0
1486,1785929353650,-299422,0,5747020,0,7278797,0
1487,1785929353660,-299473,0,5747244,0,7278886,0
1488,1785929353671,-300657,0,5747367,0,7279007,0
1489,1785929353680,-303136,0,5746869,0,7278197,0
1490,1785929353690,-306151,0,5746166,0,7277243,0
1491,1785929353700,-309831,0,5745690,0,7275993,0
1492,1785929353711,-313584,0,5745488,0,7275199,0
1493,1785929353721,-317521,0,5745243,0,7274624,0
1494,1785929353733,-321397,0,5745083,0,7274197,0
1495,1785929353740,-325014,0,5745038,0,7274360,0
1496,1785929353752,-328334,0,5744732,0,7274085,0
1497,1785929353760,-331141,0,5744419,0,7273848,0
1498,1785929353771,-333564,0,5743995,0,7273908,0
1499,1785929353780,-335506,0,5743416,0,7273636,0
1500,1785929353790,-337399,0,5743344,0,7273487,0
1501,1785929353800,-338338,0,5743589,0,7273458,0
1502,1785929353811,-338864,0,5744493,0,7274207,0
1503,1785929353820,-338914,0,5745036,0,7275120,0
1504,1785929353830,-338993,0,5745340,0,7275232,0
1505,1785929353840,-339175,0,5744516,0,7274807,0
1506,1785929353850,-339811,0,5742825,0,7272751,0
1507,1785929353860,-340510,0,5741481,0,7270647,0
1508,1785929353871,-340625,0,5741470,0,7269839,0
1509,1785929353881,-340296,0,5742484,0,7270137,0
1510,1785929353892,-339754,0,5743942,0,7271169,0
1511,1785929353900,-339116,0,5745056,0,7271962,0
1512,1785929353910,-338440,0,5745182,0,7272200,0
1513,1785929353921,-338331,0,5744391,0,7271738,0
1514,1785929353931,-338296,0,5743843,0,7270772,0
1515,1785929353940,-338203,0,5742963,0,7269939,0
1516,1785929353951,-338503,0,5741727,0,7268626,0
1517,1785929353960,-338941,0,5740791,0,7267257,0
1518,1785929353971,-339397,0,5739754,0,7266176,0
1519,1785929353980,-339853,0,5738322,0,7264745,0
1520,1785929353991,-340825,0,5736878,0,7263203,0
1521,1785929354000,-341635,0,5735953,0,7262090,0
1522,1785929354011,-342606,0,5734600,0,7260626,0
1523,1785929354021,-343636,0,5733479,0,7259520,0
1524,1785929354032,-344583,0,5732457,0,7258446,0
1525,1785929354041,-345595,0,5732050,0,7257846,0
1526,1785929354054,-346342,0,5732070,0,7257471,0
1527,1785929354061,-346688,0,5732530,0,7257712,0
1528,1785929354072,-346945,0,5733701,0,7258381,0
1529,1785929354081,-346833,0,5735264,0,7259894,0
1530,1785929354091,-346358,0,5736424,0,7260934,0
1531,1785929354101,-345784,0,5738314,0,7262525,0
1532,1785929354111,-344937,0,5740336,0,7264428,0
1533,1785929354121,-343611,0,5742195,0,7266582,0
1534,1785929354131,-342668,0,5743591,0,7267970,0
1535,1785929354143,-341576,0,5745027,0,7269131,0
1536,1785929354151,-340086,0,5746996,0,7271197,0
1537,1785929354161,-338631,0,5749454,0,7273781,0
1538,1785929354172,-337035,0,5751329,0,7276166,0
1539,1785929354181,-335654,0,5752130,0,7277604,0
1540,1785929354192,-334676,0,5752437,0,7278503,0
1541,1785929354201,-333967,0,5751756,0,7278325,0
1542,1785929354213,-333789,0,5751434,0,7277901,0
1543,1785929354221,-333144,0,5751001,0,7277604,0
1544,1785929354231,-332874,0,5750644,0,7277523,0
1545,1785929354241,-332618,0,5749926,0,7277338,0
1546,1785929354252,-332538,0,5748470,0,7276345,0
1547,1785929354261,-332833,0,5746375,0,7274607,0
1548,1785929354272,-333552,0,5742988,0,7270842,0
1549,1785929354281,-334013,0,5737544,0,7266148,0
1550,1785929354292,-336284,0,5726403,0,7253277,0
1551,1785929354301,-337262,0,5728085,0,7253752,0
1552,1785929354312,-337248,0,5732115,0,7257535,0
1553,1785929354321,-335570,0,5739268,0,7264891,0
1554,1785929354332,-333330,0,5745544,0,7273814,0
1555,1785929354341,-332490,0,5743556,0,7274874,0
1556,1785929354352,-333620,0,5735410,0,7267735,0
1557,1785929354362,-335510,0,5727551,0,7258699,0
1558,1785929354375,-336979,0,5724014,0,7254129,0
1559,1785929354382,-337445,0,5722561,0,7252263,0
1560,1785929354392,-337861,0,5722130,0,7251609,0
1561,1785929354402,-337762,0,5722766,0,7251883,0
1562,1785929354412,-337546,0,5724805,0,7254050,0
1563,1785929354422,-336706,0,5726905,0,7256304,0
1564,1785929354432,-335949,0,5728809,0,7258926,0
1565,1785929354442,-335336,0,5729923,0,7260630,0
1566,1785929354452,-334812,0,5730423,0,7261272,0
1567,1785929354462,-334358,0,5730876,0,7261791,0
1568,1785929354472,-333707,0,5731955,0,7262808,0
1569,1785929354483,-332848,0,5733587,0,7264779,0
1570,1785929354493,-332030,0,5734681,0,7266200,0
1571,1785929354502,-331542,0,5735560,0,7267391,0
1572,1785929354513,-331558,0,5736508,0,7268489,0
1573,1785929354522,-332644,0,5737204,0,7269597,0
1574,1785929354534,-334794,0,5736895,0,7269516,0
1575,1785929354542,-337743,0,5735542,0,7268413,0
1576,1785929354553,-341459,0,5733788,0,7266243,0
1577,1785929354562,-345576,0,5732309,0,7264265,0
1578,1785929354573,-349744,0,5730641,0,7262264,0
1579,1785929354582,-353880,0,5729434,0,7260480,0
1580,1785929354593,-357668,0,5728724,0,7259197,0
1581,1785929354602,-361052,0,5728347,0,7258479,0
1582,1785929354613,-363990,0,5727559,0,7257542,0
1583,1785929354622,-366567,0,5726611,0,7255995,0
1584,1785929354632,-368775,0,5725800,0,7254740,0
1585,1785929354642,-370797,0,5725220,0,7253945,0
1586,1785929354654,-372203,0,5725038,0,7253176,0
1587,1785929354663,-373301,0,5725253,0,7252921,0
1588,1785929354674,-373870,0,5726372,0,7253723,0
1589,1785929354682,-374163,0,5727102,0,7254654,0
1590,1785929354696,-374253,0,5727867,0,7255267,0
1591,1785929354707,-374227,0,5728370,0,7255793,0
1592,1785929354713,-374200,0,5728536,0,7255792,0
1593,1785929354722,-373837,0,5729131,0,7256329,0
1594,1785929354733,-373416,0,5729733,0,7256931,0
1595,1785929354743,-373053,0,5729840,0,7257211,0
1596,1785929354753,-372478,0,5729527,0,7256808,0
1597,1785929354762,-371922,0,5729364,0,7256650,0
1598,1785929354774,-371450,0,5728036,0,7255857,0
1599,1785929354783,-371290,0,5726086,0,7253671,0
1600,1785929354793,-371392,0,5725216,0,7252170,0
1601,1785929354803,-370999,0,5725589,0,7252625,0
1602,1785929354813,-370438,0,5726730,0,7253481,0
1603,1785929354823,-369672,0,5728184,0,7255112,0
1604,1785929354834,-368985,0,5729259,0,7256201,0
1605,1785929354843,-368009,0,5730612,0,7257721,0
1606,1785929354855,-367425,0,5731737,0,7259041,0
1607,1785929354863,-366685,0,5732518,0,7259982,0
1608,1785929354874,-366099,0,5733099,0,7260358,0
1609,1785929354883,-365453,0,5733485,0,7261027,0
1610,1785929354894,-364657,0,5733878,0,7261830,0
1611,1785929354903,-364266,0,5733651,0,7261939,0
1612,1785929354914,-363746,0,5733997,0,7262192,0
1613,1785929354923,-362816,0,5734797,0,7262594,0
1614,1785929354934,-362071,0,5735747,0,7263267,0
1615,1785929354943,-360782,0,5736412,0,7264276,0
1616,1785929354954,-359957,0,5736406,0,7264300,0
1617,1785929354964,-359097,0,5736054,0,7264005,0
1618,1785929354975,-358190,0,5736564,0,7264299,0
1619,1785929354984,-356717,0,5737620,0,7265740,0
1620,1785929354995,-355513,0,5737590,0,7266016,0
1621,1785929355003,-354455,0,5736962,0,7265293,0
1622,1785929355017,-353330,0,5736952,0,7265437,0
1623,1785929355024,-350703,0,5737779,0,7266534,0
1624,1785929355034,-349168,0,5738462,0,7267167,0
1625,1785929355044,-347744,0,5738957,0,7267722,0
1626,1785929355054,-346047,0,5739156,0,7268141,0
1627,1785929355064,-344306,0,5739205,0,7268604,0
1628,1785929355075,-342890,0,5738697,0,7268195,0
1629,1785929355084,-341830,0,5738204,0,7268006,0
1630,1785929355096,-340512,0,5737912,0,7267490,0
1631,1785929355104,-338867,0,5738695,0,7267930,0
1632,1785929355114,-336934,0,5739915,0,7269198,0
1633,1785929355124,-335126,0,5741005,0,7270543,0
1634,1785929355134,-333169,0,5741540,0,7271346,0
1635,1785929355145,-331464,0,5742038,0,7271709,0
1636,1785929355155,-329441,0,5743466,0,7272774,0
1637,1785929355164,-327363,0,5745438,0,7274549,0
1638,1785929355176,-324825,0,5748435,0,7277717,0
1639,1785929355184,-322389,0,5751047,0,7281094,0
1640,1785929355194,-319994,0,5752203,0,7282954,0
1641,1785929355204,-318367,0,5752040,0,7282895,0
1642,1785929355214,-316585,0,5752333,0,7283397,0
1643,1785929355225,-314937,0,5753008,0,7283864,0
1644,1785929355234,-313297,0,5753805,0,7284690,0
1645,1785929355244,-311400,0,5754731,0,7285435,0
1646,1785929355254,-309469,0,5755416,0,7286192,0
1647,1785929355264,-307993,0,5755706,0,7286469,0
1648,1785929355274,-306254,0,5756507,0,7286983,0
1649,1785929355284,-304327,0,5757130,0,7287908,0
1650,1785929355294,-302584,0,5757845,0,7288677,0
1651,1785929355304,-300846,0,5758528,0,7289591,0
1652,1785929355315,-298872,0,5759552,0,7290706,0
1653,1785929355324,-297182,0,5758996,0,7291262,0
1654,1785929355339,-296129,0,5757051,0,7289333,0
1655,1785929355344,-295242,0,5755667,0,7287024,0
1656,1785929355354,-293841,0,5756929,0,7287296,0
1657,1785929355364,-291594,0,5758842,0,7289138,0
1658,1785929355375,-289809,0,5760351,0,7290684,0
1659,1785929355384,-288339,0,5762671,0,7292218,0
1660,1785929355395,-286661,0,5768958,0,7297207,0
1661,1785929355408,-285114,0,5776902,0,7306123,0
1662,1785929355414,-285745,0,5776915,0,7309494,0
1663,1785929355425,-289331,0,5771392,0,7307673,0
1664,1785929355434,-296640,0,5759597,0,7293822,0
1665,1785929355445,-301768,0,5764823,0,7295006,0
1666,1785929355458,-303784,0,5771525,0,7300613,0
1667,1785929355464,-304740,0,5776968,0,7305895,0
1668,1785929355475,-306461,0,5777443,0,7307914,0
1669,1785929355484,-309421,0,5775103,0,7306609,0
1670,1785929355496,-313210,0,5771538,0,7303199,0
1671,1785929355510,-315973,0,5771193,0,7302614,0
1672,1785929355515,-317878,0,5770878,0,7302399,0
1673,1785929355524,-319695,0,5768936,0,7300267,0
1674,1785929355534,-321158,0,5768169,0,7298550,0
1675,1785929355544,-322031,0,5769185,0,7298802,0
1676,1785929355554,-322284,0,5769789,0,7299824,0
1677,1785929355564,-322649,0,5769562,0,7300184,0
1678,1785929355575,-323366,0,5768566,0,7299431,0
1679,1785929355584,-324033,0,5767719,0,7298502,0
1680,1785929355594,-324528,0,5767639,0,7298419,0
1681,1785929355604,-325066,0,5767850,0,7298566,0
1682,1785929355615,-325055,0,5768834,0,7299240,0
1683,1785929355624,-324628,0,5769463,0,7299935,0
1684,1785929355635,-324598,0,5769864,0,7300252,0
1685,1785929355644,-324280,0,5770570,0,7300571,0
1686,1785929355657,-323479,0,5771663,0,7301564,0
1687,1785929355664,-322622,0,5772621,0,7302413,0
1688,1785929355675,-321883,0,5773725,0,7303036,0
1689,1785929355684,-320743,0,5774186,0,7303435,0
1690,1785929355695,-319940,0,5774182,0,7303408,0
1691,1785929355704,-319130,0,5774551,0,7303275,0
1692,1785929355716,-318136,0,5774925,0,7303712,0
1693,1785929355731,-317458,0,5774608,0,7303894,0
1694,1785929355734,-316804,0,5775113,0,7303968,0
1695,1785929355744,-316016,0,5776105,0,7305026,0
1696,1785929355754,-315139,0,5776894,0,7306104,0
1697,1785929355764,-314292,0,5777190,0,7306567,0
1698,1785929355775,-313869,0,5776594,0,7306268,0
1699,1785929355784,-314068,0,5774832,0,7304907,0
1700,1785929355795,-314571,0,5773710,0,7303874,0
1701,1785929355804,-314655,0,5774021,0,7304026,0
1702,1785929355817,-314347,0,5774141,0,7304296,0
1703,1785929355824,-313784,0,5774106,0,7304456,0
1704,1785929355835,-313427,0,5774363,0,7304624,0
1705,1785929355844,-312865,0,5774598,0,7304882,0
1706,1785929355855,-312092,0,5774764,0,7305112,0
1707,1785929355864,-311387,0,5774862,0,7305213,0
1708,1785929355875,-310298,0,5775155,0,7305365,0
1709,1785929355884,-309482,0,5775115,0,7305511,0
1710,1785929355895,-308429,0,5775644,0,7305804,0
1711,1785929355904,-307132,0,5776034,0,7306020,0
1712,1785929355915,-305992,0,5776430,0,7306783,0
1713,1785929355925,-304874,0,5775905,0,7306558,0
1714,1785929355935,-304093,0,5776036,0,7306538,0
1715,1785929355944,-302744,0,5776508,0,7306829,0
1716,1785929355955,-301295,0,5776982,0,7307443,0
1717,1785929355964,-299787,0,5777334,0,7307767,0
1718,1785929355978,-298251,0,5777288,0,7307993,0
1719,1785929355985,-297266,0,5777043,0,7307852,0
1720,1785929355995,-296237,0,5776887,0,7307606,0
1721,1785929356005,-295046,0,5776875,0,7307753,0
1722,1785929356015,-293720,0,5776864,0,7308128,0
1723,1785929356025,-292409,0,5777192,0,7308144,0
1724,1785929356035,-290922,0,5777490,0,7308620,0
1725,1785929356046,-289836,0,5777382,0,7308703,0
1726,1785929356055,-288443,0,5777589,0,7308793,0
1727,1785929356065,-286895,0,5777974,0,7309172,0
1728,1785929356076,-285421,0,5778325,0,7309485,0
1729,1785929356085,-284128,0,5778413,0,7309839,0
1730,1785929356095,-282780,0,5778466,0,7309891,0
1731,1785929356105,-281411,0,5778535,0,7310031,0
1732,1785929356116,-280091,0,5778957,0,7310328,0
1733,1785929356125,-278510,0,5779433,0,7310544,0
1734,1785929356137,-276886,0,5779858,0,7311023,0
1735,1785929356145,-275249,0,5780282,0,7311566,0
1736,1785929356156,-273885,0,5780219,0,7311928,0
1737,1785929356165,-272368,0,5780077,0,7311767,0
1738,1785929356176,-270929,0,5780133,0,7311891,0
1739,1785929356185,-269818,0,5780122,0,7312095,0
1740,1785929356195,-268234,0,5780517,0,7312401,0
1741,1785929356205,-266806,0,5780714,0,7312661,0
1742,1785929356215,-265261,0,5780809,0,7313010,0
1743,1785929356225,-264113,0,5780767,0,7312847,0
1744,1785929356235,-262872,0,5780501,0,7312944,0
1745,1785929356245,-261542,0,5780561,0,7312869,0
1746,1785929356255,-260463,0,5780759,0,7312969,0
1747,1785929356265,-259482,0,5780935,0,7313080,0
1748,1785929356276,-259524,0,5780922,0,7313091,0
1749,1785929356285,-260482,0,5780776,0,7312879,0
1750,1785929356298,-262527,0,5780023,0,7312243,0
1751,1785929356305,-265342,0,5779437,0,7311211,0
1752,1785929356316,-268422,0,5779474,0,7310581,0
1753,1785929356325,-271095,0,5780092,0,7310342,0
1754,1785929356336,-273393,0,5781011,0,7310740,0
1755,1785929356346,-275499,0,5781731,0,7311347,0
1756,1785929356356,-277386,0,5782200,0,7311438,0
1757,1785929356365,-278958,0,5782265,0,7311488,0
1758,1785929356376,-280528,0,5782127,0,7311433,0
1759,1785929356385,-281941,0,5782264,0,7311336,0
1760,1785929356396,-282460,0,5782829,0,7311566,0
1761,1785929356406,-282887,0,5783399,0,7311805,0
1762,1785929356416,-282685,0,5783952,0,7312543,0
1763,1785929356425,-282619,0,5784172,0,7312694,0
1764,1785929356437,-282575,0,5784367,0,7312820,0
1765,1785929356445,-282708,0,5784349,0,7312965,0
1766,1785929356458,-282595,0,5784401,0,7313210,0
1767,1785929356466,-282691,0,5784245,0,7313069,0
1768,1785929356477,-282781,0,5784258,0,7313118,0
1769,1785929356486,-282720,0,5784580,0,7313173,0
1770,1785929356496,-282173,0,5784931,0,7313638,0
1771,1785929356506,-281784,0,5785157,0,7313891,0
1772,1785929356516,-281055,0,5785494,0,7314018,0
1773,1785929356526,-280064,0,5785841,0,7314402,0
1774,1785929356537,-279466,0,5785916,0,7314774,0
1775,1785929356546,-279008,0,5785957,0,7314735,0
1776,1785929356556,-278214,0,5786330,0,7314795,0
1777,1785929356566,-277126,0,5787172,0,7315174,0
1778,1785929356577,-275775,0,5787789,0,7315890,0
1779,1785929356586,-274349,0,5788419,0,7316448,0
1780,1785929356597,-273251,0,5788489,0,7316717,0
1781,1785929356606,-272312,0,5788480,0,7317143,0
1782,1785929356619,-271801,0,5788343,0,7317267,0
1783,1785929356626,-271134,0,5788423,0,7317563,0
1784,1785929356636,-270258,0,5788647,0,7317989,0
1785,1785929356646,-269745,0,5788476,0,7318051,0
1786,1785929356657,-268974,0,5788618,0,7318342,0
1787,1785929356666,-268162,0,5788732,0,7318649,0
1788,1785929356677,-267036,0,5788822,0,7318927,0
1789,1785929356686,-265986,0,5788847,0,7319123,0
1790,1785929356697,-265082,0,5788719,0,7319348,0
1791,1785929356706,-264432,0,5788286,0,7319392,0
1792,1785929356719,-263933,0,5787776,0,7318870,0
1793,1785929356727,-263074,0,5787881,0,7318824,0
1794,1785929356737,-261969,0,5788364,0,7318906,0
1795,1785929356746,-260576,0,5788871,0,7319253,0
1796,1785929356757,-258924,0,5789534,0,7319538,0
1797,1785929356766,-257585,0,5789645,0,7319841,0
1798,1785929356779,-256377,0,5789573,0,7319778,0
1799,1785929356787,-255319,0,5789668,0,7319264,0
1800,1785929356797,-253778,0,5790810,0,7319621,0
1801,1785929356806,-251946,0,5792190,0,7320372,0
1802,1785929356817,-249870,0,5794024,0,7321756,0
1803,1785929356826,-247254,0,5795575,0,7323121,0
1804,1785929356837,-244918,0,5797101,0,7324270,0
1805,1785929356846,-242470,0,5798419,0,7325525,0
1806,1785929356857,-239906,0,5799223,0,7326613,0
1807,1785929356867,-237768,0,5798716,0,7327040,0
1808,1785929356877,-236743,0,5797356,0,7326497,0
1809,1785929356887,-236449,0,5795046,0,7325470,0
1810,1785929356897,-236366,0,5793077,0,7324241,0
1811,1785929356906,-236603,0,5791205,0,7323387,0
1812,1785929356918,-236821,0,5789693,0,7322451,0
1813,1785929356927,-236933,0,5788800,0,7321705,0
1814,1785929356940,-237089,0,5788018,0,7321259,0
1815,1785929356947,-237228,0,5787472,0,7320669,0
1816,1785929356957,-237149,0,5787662,0,7320486,0
1817,1785929356967,-236570,0,5788256,0,7320740,0
1818,1785929356978,-235627,0,5789235,0,7321369,0
1819,1785929356987,-234466,0,5790020,0,7321941,0
1820,1785929356997,-233181,0,5790291,0,7321929,0
1821,1785929357007,-232176,0,5790159,0,7321901,0
1822,1785929357017,-230961,0,5790233,0,7321769,0
1823,1785929357027,-229616,0,5790710,0,7321968,0
1824,1785929357037,-227873,0,5791490,0,7322725,0
1825,1785929357047,-225830,0,5791852,0,7323322,0
1826,1785929357058,-224021,0,5791913,0,7323753,0
1827,1785929357067,-222518,0,5791858,0,7323759,0
1828,1785929357080,-220864,0,5792024,0,7324059,0
1829,1785929357089,-219025,0,5792206,0,7324385,0
1830,1785929357099,-217500,0,5792133,0,7324837,0
1831,1785929357107,-216058,0,5792413,0,7324856,0
1832,1785929357117,-214581,0,5792468,0,7325133,0
1833,1785929357127,-212932,0,5792636,0,7325175,0
1834,1785929357139,-211700,0,5792908,0,7325328,0
1835,1785929357147,-210884,0,5793021,0,7325436,0
1836,1785929357158,-210987,0,5793119,0,7325188,0
1837,1785929357167,-212163,0,5792994,0,7324699,0
1838,1785929357178,-213647,0,5792765,0,7324501,0
1839,1785929357187,-215850,0,5791860,0,7323885,0
1840,1785929357198,-218608,0,5790735,0,7322673,0
1841,1785929357207,-221598,0,5789810,0,7321433,0
1842,1785929357218,-224207,0,5789867,0,7321185,0
1843,1785929357227,-226165,0,5789932,0,7321168,0
1844,1785929357238,-227961,0,5790344,0,7321309,0
1845,1785929357248,-229146,0,5790616,0,7321554,0
1846,1785929357261,-230094,0,5790747,0,7321737,0
1847,1785929357268,-230918,0,5790689,0,7321827,0
1848,1785929357278,-231273,0,5791038,0,7321899,0
1849,1785929357288,-231273,0,5791811,0,7322495,0
1850,1785929357298,-230902,0,5792191,0,7323079,0
1851,1785929357308,-230444,0,5792570,0,7323284,0
1852,1785929357318,-229946,0,5792869,0,7323545,0
1853,1785929357328,-229283,0,5793253,0,7323751,0
1854,1785929357338,-228437,0,5793431,0,7324093,0
1855,1785929357348,-227598,0,5793697,0,7324285,0
1856,1785929357358,-226612,0,5793881,0,7324600,0
1857,1785929357368,-225997,0,5793556,0,7324800,0
1858,1785929357379,-225519,0,5793164,0,7324471,0
1859,1785929357388,-224854,0,5793209,0,7324270,0
1860,1785929357399,-223811,0,5793578,0,7324738,0
1861,1785929357408,-222492,0,5793783,0,7325146,0
1862,1785929357420,-221331,0,5794053,0,7325404,0
1863,1785929357428,-220337,0,5793885,0,7325375,0
1864,1785929357438,-219530,0,5793852,0,7325373,0
1865,1785929357448,-218886,0,5793853,0,7325433,0
1866,1785929357458,-218192,0,5793759,0,7325580,0
1867,1785929357468,-217416,0,5793845,0,7325794,0
1868,1785929357479,-216643,0,5793907,0,7325978,0
1869,1785929357489,-216022,0,5793933,0,7326126,0
1870,1785929357499,-215093,0,5793983,0,7326235,0
1871,1785929357508,-214311,0,5794215,0,7326634,0
1872,1785929357518,-213618,0,5794178,0,7327268,0
1873,1785929357528,-212919,0,5793840,0,7327578,0
1874,1785929357538,-212462,0,5793605,0,7327586,0
1875,1785929357548,-211615,0,5793619,0,7327865,0
1876,1785929357559,-210587,0,5794012,0,7328217,0
1877,1785929357568,-209284,0,5794430,0,7328351,0
1878,1785929357582,-207967,0,5794706,0,7328585,0
1879,1785929357589,-206360,0,5794956,0,7328453,0
1880,1785929357598,-204463,0,5795452,0,7328530,0
1881,1785929357608,-202430,0,5796300,0,7328906,0
1882,1785929357619,-199955,0,5796905,0,7328990,0
1883,1785929357628,-197957,0,5797396,0,7329220,0
1884,1785929357639,-195603,0,5797974,0,7329491,0
1885,1785929357648,-193465,0,5798214,0,7329916,0
1886,1785929357659,-191366,0,5798701,0,7330262,0
1887,1785929357668,-189173,0,5798908,0,7330341,0
1888,1785929357679,-187273,0,5798836,0,7330536,0
1889,1785929357689,-185553,0,5798865,0,7330861,0
1890,1785929357699,-183960,0,5798650,0,7331073,0
1891,1785929357708,-182404,0,5798385,0,7331132,0
1892,1785929357719,-181048,0,5797918,0,7330754,0
1893,1785929357728,-179996,0,5797583,0,7330468,0
1894,1785929357741,-178651,0,5797498,0,7330837,0
1895,1785929357748,-177368,0,5797401,0,7330819,0
1896,1785929357759,-176233,0,5797284,0,7331036,0
1897,1785929357769,-174934,0,5797094,0,7330874,0
1898,1785929357779,-173975,0,5797005,0,7330730,0
1899,1785929357789,-172372,0,5797219,0,7331152,0
1900,1785929357799,-171055,0,5797263,0,7331280,0
1901,1785929357809,-169771,0,5796873,0,7331233,0
1902,1785929357819,-168344,0,5797011,0,7331226,0
1903,1785929357829,-167153,0,5797234,0,7331373,0
1904,1785929357839,-165471,0,5797627,0,7331663,0
1905,1785929357849,-163678,0,5798011,0,7331979,0
1906,1785929357859,-161575,0,5798535,0,7332728,0
1907,1785929357869,-159971,0,5798579,0,7333008,0
1908,1785929357880,-158393,0,5798562,0,7333339,0
1909,1785929357889,-157210,0,5798413,0,7333519,0
1910,1785929357902,-155937,0,5798594,0,7333794,0
1911,1785929357909,-154144,0,5799018,0,7334124,0
1912,1785929357920,-152203,0,5799606,0,7334752,0
1913,1785929357929,-150106,0,5800018,0,7335107,0
1914,1785929357939,-148380,0,5800285,0,7335684,0
1915,1785929357949,-146698,0,5800268,0,7336099,0
1916,1785929357959,-145244,0,5800264,0,7336151,0
1917,1785929357969,-143687,0,5800280,0,7336495,0
1918,1785929357980,-142748,0,5799894,0,7336187,0
1919,1785929357989,-141260,0,5800010,0,7336182,0
1920,1785929357999,-139653,0,5800396,0,7336463,0
1921,1785929358009,-137857,0,5800885,0,7336753,0
1922,1785929358020,-135993,0,5801296,0,7337149,0
1923,1785929358029,-134479,0,5801245,0,7337422,0
1924,1785929358040,-133075,0,5800855,0,7337305,0
1925,1785929358049,-131865,0,5800661,0,7337109,0
1926,1785929358061,-130953,0,5800766,0,7337139,0
1927,1785929358070,-130886,0,5800440,0,7336738,0
1928,1785929358080,-131468,0,5800179,0,7336024,0
1929,1785929358089,-132643,0,5800149,0,7335608,0
1930,1785929358101,-134315,0,5800284,0,7335386,0
1931,1785929358109,-136455,0,5799718,0,7335056,0
1932,1785929358120,-138983,0,5799138,0,7334128,0
1933,1785929358129,-141847,0,5798340,0,7332997,0
1934,1785929358141,-144508,0,5798274,0,7332490,0
1935,1785929358149,-146547,0,5798300,0,7332269,0
1936,1785929358160,-148162,0,5797996,0,7332292,0
1937,1785929358170,-150007,0,5796987,0,7331231,0
1938,1785929358181,-151971,0,5796465,0,7330175,0
1939,1785929358189,-153154,0,5796374,0,7329858,0
1940,1785929358201,-153796,0,5796787,0,7329817,0
1941,1785929358210,-153924,0,5796943,0,7330419,0
1942,1785929358223,-154191,0,5796448,0,7330073,0
1943,1785929358230,-154973,0,5795329,0,7329377,0
1944,1785929358240,-155934,0,5794750,0,7328419,0
1945,1785929358256,-156231,0,5794982,0,7328169,0
1946,1785929358260,-156232,0,5795619,0,7328545,0
1947,1785929358270,-156043,0,5795649,0,7328736,0
1948,1785929358281,-156359,0,5795211,0,7328537,0
1949,1785929358290,-156769,0,5794571,0,7327853,0
1950,1785929358300,-157192,0,5794247,0,7327624,0
1951,1785929358310,-157450,0,5794191,0,7327553,0
1952,1785929358320,-157118,0,5794385,0,7327560,0
1953,1785929358330,-156619,0,5794416,0,7327675,0
1954,1785929358341,-156460,0,5794135,0,7327817,0
1955,1785929358350,-156127,0,5793838,0,7327465,0
1956,1785929358361,-155914,0,5793907,0,7327379,0
1957,1785929358370,-155360,0,5794222,0,7327566,0
1958,1785929358383,-154690,0,5794569,0,7327833,0
1959,1785929358390,-154075,0,5794672,0,7328061,0
1960,1785929358401,-153525,0,5794692,0,7327983,0
1961,1785929358410,-153045,0,5794535,0,7327857,0
1962,1785929358421,-152924,0,5794341,0,7327646,0
1963,1785929358430,-152615,0,5794394,0,7327899,0
1964,1785929358441,-152413,0,5794453,0,7327897,0
1965,1785929358450,-151933,0,5794558,0,7327897,0
1966,1785929358461,-151387,0,5794629,0,7328257,0
1967,1785929358471,-150830,0,5794719,0,7328205,0
1968,1785929358481,-150260,0,5794712,0,7328268,0
1969,1785929358491,-149661,0,5794620,0,7328208,0
1970,1785929358501,-148948,0,5794519,0,7328412,0
1971,1785929358510,-148246,0,5794561,0,7328296,0
1972,1785929358521,-147602,0,5794557,0,7328303,0
1973,1785929358530,-146668,0,5794542,0,7328491,0
1974,1785929358544,-145890,0,5794774,0,7328594,0
1975,1785929358550,-144903,0,5794982,0,7329024,0
1976,1785929358561,-143753,0,5794878,0,7329129,0
1977,1785929358572,-143065,0,5794705,0,7329046,0
1978,1785929358581,-142063,0,5794730,0,7329140,0
1979,1785929358591,-140936,0,5794805,0,7329100,0
1980,1785929358601,-139563,0,5794979,0,7329331,0
1981,1785929358611,-138392,0,5795160,0,7329509,0
1982,1785929358621,-136997,0,5795295,0,7329583,0
1983,1785929358631,-135889,0,5794869,0,7329650,0
1984,1785929358641,-135215,0,5794465,0,7329578,0
1985,1785929358651,-134224,0,5794660,0,7329491,0
1986,1785929358665,-132757,0,5794861,0,7329678,0
1987,1785929358671,-131538,0,5795020,0,7329703,0
1988,1785929358682,-129928,0,5795114,0,7330002,0
1989,1785929358691,-128730,0,5795162,0,7330008,0
1990,1785929358703,-127440,0,5795003,0,7330079,0
1991,1785929358711,-126064,0,5795080,0,7330256,0
1992,1785929358721,-125066,0,5794801,0,7330224,0
1993,1785929358731,-124111,0,5794538,0,7330151,0
1994,1785929358741,-123171,0,5794434,0,7329997,0
1995,1785929358751,-122118,0,5794648,0,7329953,0
1996,1785929358761,-120660,0,5794787,0,7330250,0
1997,1785929358771,-119416,0,5794919,0,7330481,0
1998,1785929358782,-118075,0,5794791,0,7330744,0
1999,1785929358791,-117118,0,5794425,0,7330456,0
2000,1785929358801,-116207,0,5793908,0,7330143,0
2001,1785929358811,-115140,0,5793960,0,7330025,0
2002,1785929358822,-113799,0,5794448,0,7330559,0
2003,1785929358833,-112166,0,5795013,0,7330966,0
2004,1785929358842,-110698,0,5795386,0,7331562,0
2005,1785929358851,-109278,0,5795373,0,7331851,0
2006,1785929358865,-107965,0,5794866,0,7331658,0
2007,1785929358871,-106999,0,5794354,0,7331250,0
2008,1785929358882,-106103,0,5794580,0,7331412,0
2009,1785929358891,-104512,0,5795090,0,7331842,0
2010,1785929358902,-102940,0,5795654,0,7332448,0
2011,1785929358912,-101351,0,5795691,0,7332649,0
2012,1785929358923,-100192,0,5795474,0,7332775,0
2013,1785929358932,-98886,0,5795331,0,7332558,0
2014,1785929358942,-97746,0,5795234,0,7332605,0
2015,1785929358952,-96427,0,5795347,0,7332856,0
2016,1785929358962,-95276,0,5795354,0,7332823,0
2017,1785929358972,-93847,0,5795497,0,7332924,0
2018,1785929358983,-92582,0,5795816,0,7333223,0
2019,1785929358992,-90994,0,5795982,0,7333544,0
2020,1785929359003,-89730,0,5796110,0,7333784,0
2021,1785929359012,-88475,0,5796162,0,7334151,0
2022,1785929359024,-86818,0,5796368,0,7334186,0
2023,1785929359032,-85306,0,5796435,0,7334534,0
2024,1785929359042,-84215,0,5796402,0,7334525,0
2025,1785929359052,-83457,0,5796282,0,7334453,0
2026,1785929359063,-83261,0,5796119,0,7334000,0
2027,1785929359072,-84006,0,5796104,0,7333697,0
2028,1785929359083,-85120,0,5796387,0,7333693,0
2029,1785929359101,-86620,0,5796667,0,7333700,0
2030,1785929359103,-88351,0,5796694,0,7333409,0
2031,1785929359114,-90570,0,5796480,0,7333001,0
2032,1785929359122,-92996,0,5796069,0,7332494,0
2033,1785929359132,-95566,0,5795619,0,7332144,0
2034,1785929359145,-97999,0,5794937,0,7331326,0
2035,1785929359152,-99888,0,5794589,0,7330643,0
2036,1785929359164,-101522,0,5794745,0,7330573,0
2037,1785929359172,-102373,0,5795361,0,7330966,0
2038,1785929359186,-102817,0,5795692,0,7331221,0
2039,1785929359197,-103164,0,5795845,0,7331533,0
2040,1785929359203,-103609,0,5795303,0,7331242,0
2041,1785929359212,-104351,0,5794736,0,7330735,0
2042,1785929359223,-105055,0,5794199,0,7330265,0
2043,1785929359233,-105531,0,5794475,0,7330001,0
2044,1785929359245,-105506,0,5794864,0,7330328,0
2045,1785929359253,-105476,0,5795214,0,7330615,0
2046,1785929359263,-105455,0,5795509,0,7331019,0
2047,1785929359273,-105628,0,5795321,0,7330726,0
2048,1785929359283,-105748,0,5794882,0,7330435,0
2049,1785929359294,-106008,0,5794755,0,7330337,0
2050,1785929359303,-105906,0,5794642,0,7330265,0
2051,1785929359313,-106106,0,5794550,0,7330255,0
2052,1785929359327,-105773,0,5794444,0,7330054,0
2053,1785929359333,-105558,0,5794402,0,7330056,0
2054,1785929359345,-105142,0,5794653,0,7330149,0
2055,1785929359353,-104636,0,5794773,0,7330343,0
2056,1785929359363,-104214,0,5794559,0,7330384,0
2057,1785929359377,-104373,0,5793968,0,7329953,0
2058,1785929359384,-104278,0,5793650,0,7329458,0
2059,1785929359394,-104146,0,5793635,0,7329245,0
2060,1785929359403,-104057,0,5793927,0,7329316,0
2061,1785929359413,-103581,0,5794184,0,7329820,0
2062,1785929359427,-103263,0,5794315,0,7329882,0
2063,1785929359433,-103142,0,5794260,0,7329941,0
2064,1785929359444,-102965,0,5794018,0,7329895,0
2065,1785929359453,-102937,0,5793603,0,7329444,0
2066,1785929359464,-102889,0,5793504,0,7329234,0
2067,1785929359477,-102707,0,5793711,0,7329276,0
2068,1785929359485,-102105,0,5794264,0,7329781,0
2069,1785929359494,-101313,0,5794673,0,7330223,0
2070,1785929359510,-100675,0,5794987,0,7330535,0
2071,1785929359514,-100062,0,5794878,0,7330711,0
2072,1785929359527,-99392,0,5794109,0,7330183,0
2073,1785929359534,-98432,0,5794317,0,7330262,0
2074,1785929359544,-97709,0,5794499,0,7330535,0
2075,1785929359554,-97018,0,5794731,0,7330717,0
2076,1785929359564,-95866,0,5794845,0,7330990,0
2077,1785929359577,-94803,0,5795112,0,7331193,0
2078,1785929359584,-94024,0,5795229,0,7331342,0
2079,1785929359594,-93003,0,5795220,0,7331549,0
2080,1785929359604,-92120,0,5795286,0,7331606,0
2081,1785929359614,-91148,0,5795151,0,7331861,0
2082,1785929359626,-90478,0,5794800,0,7331646,0
2083,1785929359634,-89646,0,5794915,0,7331384,0
2084,1785929359645,-88542,0,5795478,0,7331857,0
2085,1785929359654,-87457,0,5796045,0,7332448,0
2086,1785929359666,-86069,0,5796253,0,7332982,0
2087,1785929359676,-85223,0,5795924,0,7332987,0
2088,1785929359684,-84637,0,5795400,0,7332485,0
2089,1785929359706,-84059,0,5794912,0,7332062,0
2090,1785929359706,-83282,0,5795236,0,7332178,0
2091,1785929359720,-81998,0,5795778,0,7332650,0
2092,1785929359729,-80598,0,5796269,0,7333409,0
2093,1785929359736,-79334,0,5796416,0,7333619,0
2094,1785929359744,-78417,0,5796019,0,7333369,0
2095,1785929359754,-77855,0,5795767,0,7333281,0
2096,1785929359764,-77227,0,5795450,0,7332879,0
2097,1785929359774,-76439,0,5795793,0,7333186,0
2098,1785929359785,-75197,0,5795951,0,7333401,0
2099,1785929359794,-74088,0,5796135,0,7333628,0
2100,1785929359805,-72959,0,5796334,0,7333870,0
2101,1785929359814,-71916,0,5796176,0,7333988,0
2102,1785929359827,-70995,0,5795915,0,7333758,0
2103,1785929359834,-70263,0,5795369,0,7333456,0
2104,1785929359844,-69608,0,5795237,0,7333081,0
2105,1785929359854,-68581,0,5795471,0,7333190,0
2106,1785929359864,-67451,0,5795896,0,7333675,0
2107,1785929359874,-66302,0,5796238,0,7333990,0
2108,1785929359884,-65242,0,5796196,0,7334122,0
2109,1785929359894,-64311,0,5795879,0,7334231,0
2110,1785929359904,-63441,0,5795613,0,7333908,0
2111,1785929359914,-62806,0,5795266,0,7333609,0
2112,1785929359924,-61916,0,5795410,0,7333739,0
2113,1785929359934,-60694,0,5795771,0,7333951,0
2114,1785929359944,-59447,0,5796209,0,7334361,0
2115,1785929359954,-58154,0,5796319,0,7334809,0
2116,1785929359965,-57299,0,5796151,0,7334960,0
2117,1785929359974,-56659,0,5795336,0,7334708,0
2118,1785929359986,-56529,0,5794108,0,7333920,0
2119,1785929359994,-56822,0,5792403,0,7332339,0
2120,1785929360004,-57268,0,5791072,0,7330838,0
2121,1785929360014,-57362,0,5790411,0,7329828,0
2122,1785929360025,-57136,0,5790254,0,7329640,0
2123,1785929360034,-57712,0,5789413,0,7328933,0
2124,1785929360044,-58636,0,5788979,0,7328156,0
2125,1785929360054,-60184,0,5789263,0,7328044,0
2126,1785929360064,-61712,0,5789932,0,7328808,0
2127,1785929360074,-63259,0,5791074,0,7329773,0
2128,1785929360085,-64630,0,5792528,0,7330884,0
2129,1785929360094,-66115,0,5794271,0,7332326,0
2130,1785929360104,-67440,0,5796678,0,7334805,0
2131,1785929360114,-69085,0,5798748,0,7337583,0
2132,1785929360125,-71132,0,5800627,0,7339405,0
2133,1785929360134,-72877,0,5802067,0,7340867,0
2134,1785929360147,-74327,0,5803019,0,7342083,0
2135,1785929360154,-75627,0,5804135,0,7343562,0
2136,1785929360165,-76303,0,5805379,0,7344761,0
2137,1785929360177,-76825,0,5806156,0,7346027,0
2138,1785929360185,-77373,0,5806867,0,7347150,0
2139,1785929360194,-77784,0,5807348,0,7347813,0
2140,1785929360205,-78174,0,5807763,0,7348542,0
2141,1785929360214,-78620,0,5808108,0,7349236,0
2142,1785929360227,-79227,0,5808634,0,7349820,0
2143,1785929360234,-79649,0,5809302,0,7350475,0
2144,1785929360245,-80157,0,5809709,0,7351116,0
2145,1785929360254,-80871,0,5810181,0,7351715,0
2146,1785929360265,-81389,0,5810737,0,7352160,0
2147,1785929360274,-81913,0,5811430,0,7352831,0
2148,1785929360285,-82339,0,5811703,0,7353548,0
2149,1785929360294,-82723,0,5812229,0,7354207,0
2150,1785929360306,-83102,0,5812609,0,7354712,0
2151,1785929360314,-83619,0,5813028,0,7355271,0
2152,1785929360325,-83743,0,5813582,0,7355664,0
2153,1785929360334,-84067,0,5814265,0,7356326,0
2154,1785929360345,-84440,0,5814326,0,7356915,0
2155,1785929360354,-84870,0,5814642,0,7357086,0
2156,1785929360365,-85395,0,5814934,0,7357176,0
2157,1785929360375,-85588,0,5815145,0,7357605,0
2158,1785929360385,-85802,0,5815337,0,7357786,0
2159,1785929360395,-86179,0,5815379,0,7357913,0
2160,1785929360410,-86512,0,5815558,0,7358167,0
2161,1785929360414,-86924,0,5814982,0,7358501,0
2162,1785929360425,-87654,0,5814455,0,7357969,0
2163,1785929360434,-87788,0,5814570,0,7357748,0
2164,1785929360446,-88057,0,5814569,0,7357909,0
2165,1785929360455,-87902,0,5814580,0,7358067,0
2166,1785929360467,-87684,0,5814446,0,7358001,0
2167,1785929360474,-87662,0,5814235,0,7357917,0
2168,1785929360485,-87676,0,5813854,0,7357786,0
2169,1785929360495,-87551,0,5813811,0,7357559,0
2170,1785929360505,-87406,0,5813983,0,7357704,0
2171,1785929360515,-87001,0,5814433,0,7358248,0
2172,1785929360525,-86616,0,5814687,0,7358409,0
2173,1785929360535,-86420,0,5814640,0,7358662,0
2174,1785929360545,-86341,0,5814534,0,7358888,0
2175,1785929360555,-86152,0,5814507,0,7358962,0
2176,1785929360565,-85990,0,5814707,0,7358988,0
2177,1785929360575,-85720,0,5814913,0,7359246,0
2178,1785929360586,-85200,0,5815432,0,7359804,0
2179,1785929360595,-84781,0,5815712,0,7360150,0
2180,1785929360606,-84610,0,5815710,0,7360292,0
2181,1785929360615,-84501,0,5815650,0,7360182,0
2182,1785929360627,-84009,0,5815817,0,7360272,0
2183,1785929360635,-83748,0,5815977,0,7360522,0
2184,1785929360645,-83618,0,5816154,0,7360569,0
2185,1785929360655,-83092,0,5816138,0,7360940,0
2186,1785929360665,-82988,0,5816157,0,7360924,0
2187,1785929360675,-82819,0,5816334,0,7361233,0
2188,1785929360686,-82767,0,5816206,0,7361436,0
2189,1785929360695,-82853,0,5816071,0,7361581,0
2190,1785929360706,-83029,0,5816018,0,7361657,0
2191,1785929360715,-82910,0,5815954,0,7361749,0
2192,1785929360727,-82991,0,5816165,0,7362207,0
2193,1785929360735,-83266,0,5816010,0,7362377,0
2194,1785929360746,-82922,0,5816284,0,7362308,0
2195,1785929360755,-82882,0,5816592,0,7362611,0
2196,1785929360766,-82561,0,5817267,0,7363196,0
2197,1785929360775,-82431,0,5817529,0,7363494,0
2198,1785929360788,-82320,0,5817873,0,7363672,0
2199,1785929360796,-82105,0,5817900,0,7363465,0
2200,1785929360806,-81998,0,5817984,0,7363545,0
2201,1785929360815,-82129,0,5818114,0,7363676,0
2202,1785929360826,-82454,0,5817881,0,7363611,0
2203,1785929360835,-82762,0,5817805,0,7363419,0
2204,1785929360846,-82702,0,5818261,0,7363651,0
2205,1785929360855,-82705,0,5818668,0,7364348,0
2206,1785929360869,-82975,0,5818776,0,7364697,0
2207,1785929360875,-83562,0,5818347,0,7364589,0
2208,1785929360886,-84151,0,5818395,0,7364631,0
2209,1785929360896,-84537,0,5818362,0,7364812,0
2210,1785929360906,-85162,0,5818433,0,7365023,0
2211,1785929360916,-85318,0,5818463,0,7365088,0
2212,1785929360926,-85975,0,5818393,0,7365212,0
2213,1785929360936,-86293,0,5818238,0,7365202,0
2214,1785929360948,-87077,0,5818053,0,7364911,0
2215,1785929360956,-87591,0,5818159,0,7365214,0
2216,1785929360966,-87916,0,5818454,0,7365604,0
2217,1785929360976,-88033,0,5818713,0,7365801,0
2218,1785929360987,-88750,0,5818407,0,7365931,0
2219,1785929360996,-89618,0,5817534,0,7365527,0
2220,1785929361006,-90417,0,5817332,0,7365045,0
2221,1785929361016,-91567,0,5816453,0,7364497,0
2222,1785929361027,-92492,0,5816025,0,7363890,0
2223,1785929361036,-93589,0,5815442,0,7363287,0
2224,1785929361046,-94714,0,5814400,0,7362544,0
2225,1785929361056,-96418,0,5812507,0,7360915,0
2226,1785929361066,-99281,0,5810136,0,7358286,0
2227,1785929361076,-102905,0,5808243,0,7355775,0
2228,1785929361087,-106701,0,5807361,0,7354322,0
2229,1785929361096,-110863,0,5807013,0,7353298,0
2230,1785929361110,-115059,0,5806457,0,7352387,0
2231,1785929361116,-119435,0,5805860,0,7351342,0
2232,1785929361126,-123981,0,5805489,0,7350534,0
2233,1785929361136,-128428,0,5805387,0,7350228,0
2234,1785929361147,-132604,0,5805294,0,7349670,0
2235,1785929361156,-136718,0,5805123,0,7349223,0
2236,1785929361167,-140198,0,5805254,0,7349073,0
2237,1785929361177,-143602,0,5805224,0,7348925,0
2238,1785929361187,-146705,0,5804962,0,7348687,0
2239,1785929361196,-149349,0,5804904,0,7348385,0
2240,1785929361207,-151590,0,5804949,0,7348419,0
2241,1785929361217,-153785,0,5804943,0,7348376,0
2242,1785929361227,-155711,0,5804411,0,7347976,0
2243,1785929361236,-157731,0,5804042,0,7347376,0
2244,1785929361247,-159651,0,5803836,0,7347142,0
2245,1785929361257,-161063,0,5804090,0,7347084,0
2246,1785929361268,-162833,0,5804119,0,7347330,0
2247,1785929361277,-164452,0,5803990,0,7346987,0
2248,1785929361287,-166057,0,5803866,0,7347012,0
2249,1785929361296,-167816,0,5803386,0,7346656,0
2250,1785929361307,-169442,0,5802950,0,7346307,0
2251,1785929361316,-170899,0,5802840,0,7346067,0
2252,1785929361327,-171898,0,5802911,0,7346269,0
2253,1785929361336,-173048,0,5802907,0,7346362,0
2254,1785929361347,-173894,0,5803138,0,7346534,0
2255,1785929361356,-175130,0,5802527,0,7346224,0
2256,1785929361367,-176460,0,5801612,0,7345473,0
2257,1785929361377,-177749,0,5801251,0,7344929,0
2258,1785929361387,-178783,0,5801273,0,7344887,0
2259,1785929361397,-179899,0,5801296,0,7344761,0
2260,1785929361408,-180931,0,5801172,0,7344731,0
2261,1785929361418,-181981,0,5800789,0,7344575,0
2262,1785929361430,-183202,0,5800050,0,7343928,0
2263,1785929361438,-184536,0,5800038,0,7343565,0
2264,1785929361447,-185466,0,5800256,0,7343546,0
2265,1785929361457,-186481,0,5800607,0,7344064,0
2266,1785929361467,-187375,0,5800365,0,7344122,0
2267,1785929361477,-188410,0,5800064,0,7343844,0
2268,1785929361488,-189505,0,5799883,0,7343807,0
2269,1785929361497,-190289,0,5800098,0,7343803,0
2270,1785929361507,-191017,0,5800174,0,7344091,0
2271,1785929361517,-191667,0,5799732,0,7343963,0
2272,1785929361528,-192574,0,5799242,0,7343645,0
2273,1785929361537,-193240,0,5798966,0,7343217,0
2274,1785929361547,-193657,0,5798464,0,7343121,0
2275,1785929361557,-194267,0,5798290,0,7342987,0
2276,1785929361568,-194328,0,5798174,0,7342933,0
2277,1785929361577,-194473,0,5798339,0,7342925,0
2278,1785929361589,-194230,0,5798126,0,7343149,0
2279,1785929361597,-194021,0,5798181,0,7343222,0
2280,1785929361607,-193888,0,5797818,0,7342973,0
2281,1785929361617,-193908,0,5797493,0,7342882,0
2282,1785929361627,-193638,0,5797504,0,7342874,0
2283,1785929361637,-193405,0,5797597,0,7342771,0
2284,1785929361648,-193077,0,5797648,0,7343163,0
2285,1785929361657,-192555,0,5797671,0,7343345,0
2286,1785929361668,-192349,0,5797418,0,7343186,0
2287,1785929361677,-192185,0,5797112,0,7343069,0
2288,1785929361688,-192138,0,5796727,0,7342968,0
2289,1785929361697,-191766,0,5796907,0,7342826,0
2290,1785929361708,-191179,0,5796968,0,7343201,0
2291,1785929361717,-190656,0,5797196,0,7343346,0
2292,1785929361728,-190100,0,5797305,0,7343423,0
2293,1785929361737,-189746,0,5797047,0,7343628,0
2294,1785929361750,-189471,0,5796597,0,7343350,0
2295,1785929361757,-189238,0,5796110,0,7342932,0
2296,1785929361768,-188857,0,5796041,0,7342789,0
2297,1785929361777,-188426,0,5796245,0,7343042,0
2298,1785929361788,-187633,0,5796223,0,7343334,0
2299,1785929361798,-187175,0,5796060,0,7343194,0
2300,1785929361808,-186582,0,5795657,0,7343010,0
2301,1785929361817,-185772,0,5795307,0,7342581,0
2302,1785929361828,-185144,0,5795054,0,7342433,0
2303,1785929361837,-184339,0,5794697,0,7342173,0
2304,1785929361848,-183396,0,5794164,0,7341566,0
2305,1785929361857,-182332,0,5793306,0,7340899,0
2306,1785929361868,-181296,0,5792629,0,7339983,0
2307,1785929361878,-180004,0,5791577,0,7339234,0
2308,1785929361889,-178828,0,5790794,0,7338487,0
2309,1785929361898,-177377,0,5790230,0,7337921,0
2310,1785929361910,-175924,0,5789426,0,7337209,0
2311,1785929361918,-174592,0,5788836,0,7336474,0
2312,1785929361928,-173237,0,5788025,0,7335972,0
2313,1785929361938,-171909,0,5786949,0,7335194,0
2314,1785929361948,-170788,0,5785511,0,7334070,0
2315,1785929361958,-169762,0,5784555,0,7332676,0
2316,1785929361969,-168239,0,5784048,0,7332067,0
2317,1785929361978,-166857,0,5783824,0,7331560,0
2318,1785929361989,-165089,0,5783884,0,7331659,0
2319,1785929361998,-163455,0,5783750,0,7331576,0
2320,1785929362009,-162091,0,5782874,0,7331091,0
2321,1785929362018,-160799,0,5781722,0,7330146,0
2322,1785929362028,-159580,0,5781410,0,7329479,0
2323,1785929362038,-158009,0,5781312,0,7329514,0
2324,1785929362049,-156323,0,5781352,0,7329415,0
2325,1785929362058,-154922,0,5781167,0,7329324,0
2326,1785929362071,-153648,0,5780707,0,7329144,0
2327,1785929362078,-153590,0,5779895,0,7328258,0
2328,1785929362089,-154286,0,5779774,0,7327629,0
2329,1785929362098,-155880,0,5779758,0,7327199,0
2330,1785929362109,-157719,0,5779644,0,7326914,0
2331,1785929362118,-160659,0,5779231,0,7326223,0
2332,1785929362128,-164069,0,5778422,0,7325123,0
2333,1785929362138,-167879,0,5778003,0,7324122,0
2334,1785929362150,-171468,0,5777635,0,7323449,0
2335,1785929362158,-174945,0,5777396,0,7322686,0
2336,1785929362169,-178179,0,5777255,0,7322006,0
2337,1785929362178,-180910,0,5777024,0,7321415,0
2338,1785929362189,-183602,0,5776507,0,7320795,0
2339,1785929362202,-185626,0,5776328,0,7320247,0
2340,1785929362209,-187684,0,5775957,0,7319837,0
2341,1785929362218,-189229,0,5775530,0,7319161,0
2342,1785929362230,-190545,0,5775582,0,7318928,0
2343,1785929362239,-191247,0,5776091,0,7319041,0
2344,1785929362249,-191832,0,5776345,0,7319090,0
2345,1785929362259,-192078,0,5776668,0,7318991,0
2346,1785929362269,-192093,0,5777205,0,7319124,0
2347,1785929362279,-191970,0,5777822,0,7319368,0
2348,1785929362289,-191616,0,5778736,0,7319608,0
2349,1785929362298,-191181,0,5779361,0,7320298,0
2350,1785929362309,-190666,0,5779871,0,7320676,0
2351,1785929362319,-189720,0,5780881,0,7320881,0
2352,1785929362329,-188790,0,5781937,0,7321606,0
2353,1785929362339,-187367,0,5782886,0,7322085,0
2354,1785929362349,-186372,0,5783750,0,7322428,0
2355,1785929362359,-184896,0,5784466,0,7322581,0
2356,1785929362370,-183698,0,5785052,0,7322935,0
2357,1785929362379,-182595,0,5785687,0,7323326,0
2358,1785929362392,-181292,0,5786375,0,7323743,0
2359,1785929362399,-180328,0,5786941,0,7324140,0
2360,1785929362409,-179468,0,5787121,0,7324357,0
2361,1785929362419,-178921,0,5787386,0,7324400,0
2362,1785929362430,-178307,0,5787582,0,7324615,0
2363,1785929362439,-177736,0,5788018,0,7324996,0
2364,1785929362449,-177264,0,5788251,0,7324999,0
2365,1785929362459,-176649,0,5788603,0,7325079,0
2366,1785929362470,-176071,0,5788978,0,7325427,0
2367,1785929362479,-175395,0,5789421,0,7325489,0
2368,1785929362490,-174600,0,5789535,0,7325842,0
2369,1785929362499,-174269,0,5789718,0,7325731,0
2370,1785929362510,-173797,0,5789667,0,7325802,0
2371,1785929362519,-173055,0,5789891,0,7325744,0
2372,1785929362530,-172309,0,5790162,0,7325951,0
2373,1785929362539,-171365,0,5790421,0,7325857,0
2374,1785929362552,-170277,0,5790521,0,7326037,0
2375,1785929362559,-169545,0,5790585,0,7325978,0
2376,1785929362570,-168649,0,5790258,0,7326197,0
2377,1785929362579,-168328,0,5789954,0,7325845,0
2378,1785929362590,-167362,0,5790266,0,7325629,0
2379,1785929362599,-166352,0,5790514,0,7326004,0
2380,1785929362610,-164845,0,5790915,0,7326092,0
2381,1785929362620,-163783,0,5790856,0,7326248,0
2382,1785929362630,-162838,0,5790856,0,7326149,0
2383,1785929362639,-161899,0,5790732,0,7326244,0
2384,1785929362650,-160985,0,5790815,0,7326235,0
2385,1785929362659,-159694,0,5790953,0,7326380,0
2386,1785929362670,-158729,0,5791081,0,7326546,0
2387,1785929362679,-157631,0,5791122,0,7326639,0
2388,1785929362691,-156357,0,5791102,0,7326839,0
2389,1785929362700,-155441,0,5791041,0,7326762,0
2390,1785929362713,-154334,0,5791099,0,7326882,0
2391,1785929362720,-153367,0,5791111,0,7326848,0
2392,1785929362730,-152362,0,5791160,0,7326776,0
2393,1785929362739,-151172,0,5791434,0,7326872,0
2394,1785929362750,-150053,0,5791376,0,7327287,0
2395,1785929362760,-149103,0,5791452,0,7327155,0
2396,1785929362770,-147915,0,5791788,0,7327419,0
2397,1785929362787,-146552,0,5792247,0,7327766,0
2398,1785929362792,-145387,0,5792584,0,7328145,0
2399,1785929362800,-143955,0,5792743,0,7328537,0
2400,1785929362810,-142957,0,5792363,0,7328658,0
2401,1785929362820,-141997,0,5792176,0,7328512,0
2402,1785929362830,-141008,0,5792385,0,7328451,0
2403,1785929362840,-139668,0,5792640,0,7328864,0
2404,1785929362851,-138461,0,5792721,0,7328838,0
2405,1785929362860,-137317,0,5792795,0,7328823,0
2406,1785929362872,-136096,0,5792918,0,7328986,0
2407,1785929362880,-134854,0,5793179,0,7329449,0
2408,1785929362891,-133535,0,5793295,0,7329813,0
2409,1785929362900,-132359,0,5793148,0,7330005,0
2410,1785929362910,-131432,0,5793235,0,7329969,0
2411,1785929362920,-130197,0,5793557,0,7330243,0
2412,1785929362930,-128655,0,5793947,0,7330566,0
2413,1785929362940,-127247,0,5794041,0,7330791,0
2414,1785929362950,-125780,0,5794257,0,7331191,0
2415,1785929362960,-124554,0,5794359,0,7331421,0
2416,1785929362971,-123476,0,5794256,0,7331453,0
2417,1785929362980,-122352,0,5794227,0,7331676,0
2418,1785929362991,-121319,0,5794147,0,7331824,0
2419,1785929363001,-120085,0,5794487,0,7331850,0
2420,1785929363011,-118686,0,5794720,0,7332092,0
2421,1785929363020,-117353,0,5795001,0,7332442,0
2422,1785929363033,-115861,0,5795460,0,7332770,0
2423,1785929363040,-114592,0,5795638,0,7333297,0
2424,1785929363051,-113599,0,5795214,0,7333453,0
2425,1785929363061,-112619,0,5795148,0,7333428,0
2426,1785929363071,-111492,0,5795390,0,7333438,0
2427,1785929363081,-109995,0,5795617,0,7333859,0
2428,1785929363091,-108947,0,5795776,0,7333907,0
2429,1785929363101,-108123,0,5795723,0,7333791,0
2430,1785929363111,-108331,0,5795409,0,7333506,0
2431,1785929363120,-109549,0,5795310,0,7332909,0
2432,1785929363131,-112039,0,5794874,0,7332352,0
2433,1785929363141,-115153,0,5794322,0,7331783,0
2434,1785929363152,-118882,0,5794146,0,7331001,0
2435,1785929363161,-122644,0,5793923,0,7330193,0
2436,1785929363172,-126483,0,5793738,0,7329404,0
2437,1785929363181,-130243,0,5793377,0,7328801,0
2438,1785929363193,-133832,0,5792869,0,7328001,0
2439,1785929363201,-137568,0,5792095,0,7327087,0
2440,1785929363212,-141030,0,5791565,0,7326237,0
2441,1785929363221,-144058,0,5791229,0,7325734,0
2442,1785929363231,-146414,0,5790838,0,7325361,0
2443,1785929363241,-148455,0,5790502,0,7324848,0
2444,1785929363251,-150278,0,5790279,0,7324199,0
2445,1785929363261,-151707,0,5790296,0,7323947,0
2446,1785929363271,-152772,0,5790317,0,7323930,0
2447,1785929363281,-153789,0,5790079,0,7323671,0
2448,1785929363292,-154811,0,5789912,0,7323329,0
2449,1785929363301,-155847,0,5789716,0,7323239,0
2450,1785929363312,-156720,0,5789720,0,7323326,0
2451,1785929363321,-157658,0,5789727,0,7323200,0
2452,1785929363332,-158476,0,5789835,0,7323234,0
2453,1785929363341,-158922,0,5790095,0,7323310,0
2454,1785929363354,-159344,0,5790025,0,7323275,0
2455,1785929363361,-159662,0,5789909,0,7323331,0
2456,1785929363371,-160180,0,5789636,0,7323036,0
2457,1785929363381,-160604,0,5789547,0,7322954,0
2458,1785929363392,-160911,0,5789463,0,7322952,0
2459,1785929363401,-161245,0,5789463,0,7322869,0
2460,1785929363412,-161329,0,5789375,0,7322704,0
2461,1785929363421,-161723,0,5789223,0,7322311,0
2462,1785929363432,-162074,0,5789138,0,7322261,0
2463,1785929363441,-162343,0,5789178,0,7322235,0
2464,1785929363452,-162706,0,5789091,0,7322133,0
2465,1785929363461,-163231,0,5789238,0,7322343,0
2466,1785929363472,-163429,0,5789221,0,7322172,0
2467,1785929363481,-163924,0,5789139,0,7322373,0
2468,1785929363493,-164484,0,5789183,0,7322360,0
2469,1785929363501,-165024,0,5789151,0,7322230,0
2470,1785929363514,-165190,0,5789019,0,7322033,0
2471,1785929363521,-165678,0,5788820,0,7321920,0
2472,1785929363532,-165771,0,5788855,0,7321802,0
2473,1785929363542,-166010,0,5788757,0,7321776,0
2474,1785929363552,-166358,0,5788340,0,7321601,0
2475,1785929363562,-166590,0,5788347,0,7321382,0
2476,1785929363572,-166383,0,5788468,0,7321327,0
2477,1785929363582,-166438,0,5788550,0,7321578,0
2478,1785929363592,-165978,0,5788746,0,7321732,0
2479,1785929363602,-165892,0,5788586,0,7321746,0
2480,1785929363612,-165776,0,5788431,0,7321658,0
2481,1785929363622,-165438,0,5788513,0,7321685,0
2482,1785929363633,-164841,0,5788783,0,7321919,0
2483,1785929363642,-164099,0,5789048,0,7322122,0
2484,1785929363653,-163397,0,5789123,0,7322416,0
2485,1785929363662,-162757,0,5788945,0,7322569,0
2486,1785929363675,-162353,0,5788696,0,7322518,0
2487,1785929363682,-161833,0,5788826,0,7322517,0
2488,1785929363697,-161041,0,5789008,0,7322572,0
2489,1785929363704,-160026,0,5789270,0,7322835,0
2490,1785929363712,-158998,0,5789582,0,7323149,0
2491,1785929363722,-157918,0,5789857,0,7323487,0
2492,1785929363734,-157029,0,5789774,0,7323584,0
2493,1785929363742,-156421,0,5789541,0,7323755,0
2494,1785929363753,-155474,0,5789623,0,7323990,0
2495,1785929363762,-154694,0,5789694,0,7323951,0
2496,1785929363772,-153692,0,5789913,0,7324053,0
2497,1785929363782,-152828,0,5789963,0,7324447,0
2498,1785929363793,-151852,0,5790200,0,7324628,0
2499,1785929363802,-150908,0,5790233,0,7324761,0
2500,1785929363813,-149959,0,5790217,0,7324596,0
2501,1785929363824,-148874,0,5790420,0,7325020,0
2502,1785929363835,-147663,0,5790740,0,7325451,0
2503,1785929363842,-146509,0,5790641,0,7325793,0
2504,1785929363853,-145660,0,5790457,0,7325529,0
2505,1785929363862,-144896,0,5790514,0,7325554,0
2506,1785929363873,-143881,0,5790627,0,7325842,0
2507,1785929363882,-142723,0,5790977,0,7325968,0
2508,1785929363893,-141356,0,5791327,0,7326381,0
2509,1785929363902,-140268,0,5791469,0,7326620,0
2510,1785929363913,-139268,0,5791195,0,7326606,0
2511,1785929363923,-138168,0,5791103,0,7326606,0
2512,1785929363933,-137259,0,5791076,0,7326870,0
2513,1785929363943,-136175,0,5791123,0,7326836,0
2514,1785929363953,-135048,0,5791192,0,7326951,0
2515,1785929363963,-134000,0,5791310,0,7327013,0
2516,1785929363973,-132693,0,5791471,0,7327063,0
2517,1785929363983,-131584,0,5791604,0,7327386,0
2518,1785929363997,-130541,0,5791624,0,7327666,0
2519,1785929364003,-129323,0,5791650,0,7327615,0
2520,1785929364013,-128419,0,5791646,0,7327761,0
2521,1785929364023,-127148,0,5791762,0,7328050,0
2522,1785929364034,-126193,0,5791586,0,7328074,0
2523,1785929364043,-125121,0,5791364,0,7327854,0
2524,1785929364053,-123962,0,5791430,0,7328015,0
2525,1785929364063,-123046,0,5791173,0,7328102,0
2526,1785929364073,-122129,0,5791139,0,7327893,0
2527,1785929364083,-121830,0,5790945,0,7327570,0
2528,1785929364094,-122641,0,5790322,0,7326808,0
2529,1785929364106,-124519,0,5790204,0,7326363,0
2530,1785929364115,-127168,0,5789930,0,7325764,0
2531,1785929364123,-130186,0,5789675,0,7325217,0
2532,1785929364134,-133885,0,5789265,0,7324716,0
2533,1785929364147,-137500,0,5789242,0,7323757,0
2534,1785929364156,-141051,0,5788895,0,7323196,0
2535,1785929364163,-145101,0,5787875,0,7322270,0
2536,1785929364174,-149186,0,5786850,0,7320631,0
2537,1785929364184,-152549,0,5786473,0,7319512,0
2538,1785929364195,-155491,0,5786199,0,7318810,0
2539,1785929364204,-157737,0,5785704,0,7318253,0
2540,1785929364214,-159877,0,5785496,0,7317631,0
2541,1785929364224,-161688,0,5784927,0,7317145,0
2542,1785929364235,-163201,0,5784418,0,7316375,0
2543,1785929364244,-164744,0,5784151,0,7316034,0
2544,1785929364254,-165994,0,5784052,0,7315914,0
2545,1785929364254,-166965,0,5783755,0,7315353,0
2546,1785929364265,-167813,0,5783518,0,7315149,0
2547,1785929364274,-168686,0,5783495,0,7314833,0
2548,1785929364286,-169294,0,5783450,0,7314671,0
2549,1785929364294,-169986,0,5783259,0,7314606,0
2550,1785929364308,-170654,0,5783066,0,7314407,0
2551,1785929364315,-171251,0,5782938,0,7314139,0
2552,1785929364325,-171573,0,5782789,0,7313952,0
2553,1785929364335,-171855,0,5782690,0,7313648,0
2554,1785929364345,-172144,0,5782461,0,7313397,0
2555,1785929364355,-172433,0,5782322,0,7313173,0
2556,1785929364365,-172632,0,5782372,0,7313164,0
2557,1785929364375,-172613,0,5782213,0,7312979,0
2558,1785929364385,-173000,0,5782068,0,7312916,0
2559,1785929364395,-173065,0,5781929,0,7312680,0
2560,1785929364405,-173237,0,5781883,0,7312495,0
2561,1785929364415,-173606,0,5781590,0,7312355,0
2562,1785929364425,-174099,0,5781435,0,7312238,0
2563,1785929364435,-174482,0,5781363,0,7312082,0
2564,1785929364446,-174893,0,5781365,0,7311898,0
2565,1785929364455,-174959,0,5781647,0,7312069,0
2566,1785929364467,-175142,0,5781798,0,7311907,0
2567,1785929364475,-175205,0,5781802,0,7312001,0
2568,1785929364486,-175339,0,5781657,0,7312049,0
2569,1785929364500,-175415,0,5781300,0,7311977,0
2570,1785929364505,-175613,0,5781095,0,7311664,0
2571,1785929364517,-175570,0,5781055,0,7311536,0
2572,1785929364525,-175384,0,5781011,0,7311638,0
2573,1785929364536,-175148,0,5781236,0,7311584,0
2574,1785929364546,-174778,0,5781310,0,7311623,0
2575,1785929364559,-174317,0,5781427,0,7311832,0
2576,1785929364569,-173816,0,5781347,0,7311929,0
2577,1785929364575,-173248,0,5781269,0,7311923,0
2578,1785929364586,-172739,0,5781126,0,7311762,0
2579,1785929364595,-172123,0,5781119,0,7311884,0
2580,1785929364606,-171415,0,5781344,0,7312068,0
2581,1785929364615,-170736,0,5781405,0,7312104,0
2582,1785929364628,-169985,0,5781387,0,7312384,0
2583,1785929364635,-168969,0,5781455,0,7312474,0
2584,1785929364646,-168217,0,5781485,0,7312523,0
2585,1785929364655,-167314,0,5781384,0,7312582,0
2586,1785929364666,-166392,0,5781530,0,7312620,0
2587,1785929364676,-165377,0,5781669,0,7312790,0
2588,1785929364686,-164238,0,5781905,0,7313099,0
2589,1785929364695,-163057,0,5781925,0,7313292,0
2590,1785929364706,-162197,0,5781753,0,7313306,0
2591,1785929364715,-161180,0,5782000,0,7313514,0
2592,1785929364726,-160204,0,5782069,0,7313734,0
2593,1785929364735,-159092,0,5782286,0,7314107,0
2594,1785929364746,-157838,0,5782652,0,7314101,0
2595,1785929364755,-156812,0,5782551,0,7314416,0
2596,1785929364767,-155807,0,5782487,0,7314465,0
2597,1785929364776,-154733,0,5782418,0,7314505,0
2598,1785929364788,-153505,0,5782784,0,7314664,0
2599,1785929364796,-152290,0,5783148,0,7314940,0
2600,1785929364806,-150989,0,5783083,0,7315295,0
2601,1785929364816,-150060,0,5782909,0,7315437,0
2602,1785929364826,-149118,0,5782651,0,7315352,0
2603,1785929364836,-148027,0,5782842,0,7315441,0
2604,1785929364846,-146789,0,5783363,0,7315793,0
2605,1785929364856,-145303,0,5783715,0,7316237,0
2606,1785929364866,-144016,0,5783650,0,7316230,0
2607,1785929364876,-142896,0,5783664,0,7316568,0
2608,1785929364887,-141930,0,5783656,0,7316507,0
2609,1785929364896,-140799,0,5783936,0,7316962,0
2610,1785929364906,-139560,0,5784084,0,7317236,0
2611,1785929364916,-138213,0,5784563,0,7317515,0
2612,1785929364927,-136589,0,5784763,0,7318074,0
2613,1785929364937,-135218,0,5784773,0,7318017,0
2614,1785929364949,-134021,0,5784553,0,7318171,0
2615,1785929364957,-133228,0,5784261,0,7318149,0
2616,1785929364966,-132266,0,5784298,0,7318013,0
2617,1785929364976,-130966,0,5784683,0,7318486,0
2618,1785929364987,-129448,0,5785094,0,7318723,0
2619,1785929364996,-128043,0,5785501,0,7319197,0
2620,1785929365007,-126658,0,5785629,0,7319624,0
2621,1785929365016,-125247,0,5785432,0,7319616,0
2622,1785929365027,-124146,0,5785176,0,7319595,0
2623,1785929365036,-123206,0,5785057,0,7319690,0
2624,1785929365047,-122281,0,5785368,0,7319720,0
2625,1785929365056,-121539,0,5785701,0,7319847,0
2626,1785929365067,-121774,0,5785748,0,7319734,0
2627,1785929365077,-123392,0,5785512,0,7319182,0
2628,1785929365088,-125723,0,5785157,0,7318749,0
2629,1785929365096,-128955,0,5784823,0,7318025,0
2630,1785929365108,-132672,0,5784198,0,7317417,0
2631,1785929365116,-136394,0,5783872,0,7316417,0
2632,1785929365127,-140131,0,5783809,0,7315995,0
2633,1785929365136,-143395,0,5783433,0,7315177,0
2634,1785929365147,-146865,0,5783140,0,7314423,0
2635,1785929365156,-149916,0,5782595,0,7313794,0
2636,1785929365167,-152846,0,5782123,0,7313116,0
2637,1785929365177,-155179,0,5781965,0,7312537,0
2638,1785929365187,-157013,0,5781762,0,7312295,0
2639,1785929365197,-158475,0,5781683,0,7311919,0
2640,1785929365207,-159644,0,5781497,0,7311707,0
2641,1785929365217,-160595,0,5781184,0,7311268,0
2642,1785929365227,-161718,0,5780631,0,7311111,0
2643,1785929365237,-162781,0,5779993,0,7310205,0
2644,1785929365248,-163655,0,5779875,0,7309956,0
2645,1785929365257,-164299,0,5779704,0,7309751,0
2646,1785929365272,-164757,0,5779451,0,7309268,0
2647,1785929365278,-165330,0,5779351,0,7308956,0
2648,1785929365287,-165914,0,5779189,0,7308758,0
2649,1785929365298,-166173,0,5779301,0,7308900,0
2650,1785929365308,-166433,0,5779358,0,7308712,0
2651,1785929365317,-166762,0,5779109,0,7308629,0
2652,1785929365327,-166835,0,5778949,0,7308513,0
2653,1785929365337,-166973,0,5778823,0,7308078,0
2654,1785929365347,-167019,0,5778701,0,7307917,0
2655,1785929365357,-167004,0,5778624,0,7307715,0
2656,1785929365367,-166744,0,5778607,0,7307588,0
2657,1785929365377,-166799,0,5778419,0,7307453,0
2658,1785929365388,-167033,0,5778141,0,7307266,0
2659,1785929365397,-167012,0,5778282,0,7307159,0
2660,1785929365408,-167189,0,5778144,0,7307152,0
2661,1785929365417,-167270,0,5778391,0,7306941,0
2662,1785929365429,-167019,0,5778728,0,7307309,0
2663,1785929365437,-166913,0,5779052,0,7307519,0
2664,1785929365447,-166633,0,5779145,0,7307601,0
2665,1785929365463,-166609,0,5779133,0,7307798,0
2666,1785929365468,-166810,0,5778882,0,7307556,0
2667,1785929365482,-166851,0,5778588,0,7307443,0
2668,1785929365488,-166818,0,5778453,0,7307349,0
2669,1785929365497,-166699,0,5778572,0,7307126,0
2670,1785929365508,-166434,0,5778682,0,7307152,0
2671,1785929365517,-165905,0,5778895,0,7307278,0
2672,1785929365528,-165313,0,5778965,0,7307655,0
2673,1785929365537,-164829,0,5778879,0,7307538,0
2674,1785929365548,-164642,0,5778774,0,7307499,0
2675,1785929365557,-164116,0,5778883,0,7307622,0
2676,1785929365568,-163522,0,5779179,0,7307860,0
2677,1785929365577,-162724,0,5779351,0,7308208,0
2678,1785929365591,-162023,0,5779401,0,7308266,0
2679,1785929365598,-161253,0,5779413,0,7308435,0
2680,1785929365608,-160636,0,5779516,0,7308451,0
2681,1785929365618,-159710,0,5779678,0,7308810,0
2682,1785929365629,-158950,0,5779697,0,7309076,0
2683,1785929365638,-158090,0,5779833,0,7309116,0
2684,1785929365648,-157112,0,5779799,0,7309440,0
2685,1785929365658,-156356,0,5779829,0,7309487,0
2686,1785929365668,-155217,0,5779963,0,7309689,0
2687,1785929365678,-154190,0,5780411,0,7310194,0
2688,1785929365689,-153087,0,5780422,0,7310356,0
2689,1785929365698,-152055,0,5780522,0,7310571,0
2690,1785929365708,-151178,0,5780636,0,7310723,0
2691,1785929365720,-149944,0,5781061,0,7311095,0
2692,1785929365729,-148735,0,5781335,0,7311750,0
2693,1785929365738,-147577,0,5781149,0,7311772,0
2694,1785929365750,-146769,0,5781458,0,7311982,0
2695,1785929365758,-145296,0,5781885,0,7312104,0
2696,1785929365768,-143966,0,5782316,0,7312676,0
2697,1785929365778,-142571,0,5782804,0,7313182,0
2698,1785929365789,-141404,0,5782803,0,7313627,0
2699,1785929365798,-140350,0,5782353,0,7313778,0
2700,1785929365808,-139576,0,5782356,0,7313694,0
2701,1785929365818,-138423,0,5782844,0,7313930,0
2702,1785929365828,-137015,0,5783422,0,7314391,0
2703,1785929365838,-135582,0,5784064,0,7315009,0
2704,1785929365848,-133869,0,5784425,0,7315563,0
2705,1785929365858,-132609,0,5784438,0,7315875,0
2706,1785929365868,-131537,0,5784315,0,7316055,0
2707,1785929365878,-130703,0,5784292,0,7316303,0
2708,1785929365889,-129383,0,5784693,0,7316511,0
2709,1785929365898,-127928,0,5785210,0,7317133,0
2710,1785929365911,-126254,0,5785746,0,7317810,0
2711,1785929365918,-124636,0,5786062,0,7318144,0
2712,1785929365928,-123325,0,5786171,0,7318469,0
2713,1785929365938,-122215,0,5786025,0,7318670,0
2714,1785929365949,-121144,0,5785978,0,7318795,0
2715,1785929365958,-120006,0,5786005,0,7318830,0
2716,1785929365969,-118501,0,5786280,0,7319217,0
2717,1785929365979,-117164,0,5786724,0,7319444,0
2718,1785929365989,-115652,0,5787068,0,7319906,0
2719,1785929365998,-114210,0,5787149,0,7320131,0
2720,1785929366009,-113356,0,5786949,0,7320101,0
2721,1785929366018,-113642,0,5786386,0,7319560,0
2722,1785929366029,-114795,0,5786085,0,7318990,0
2723,1785929366039,-116953,0,5785797,0,7318383,0
2724,1785929366050,-119502,0,5785626,0,7317936,0
2725,1785929366059,-122371,0,5785528,0,7317303,0
2726,1785929366071,-125576,0,5785184,0,7316578,0
2727,1785929366079,-128938,0,5784928,0,7316078,0
2728,1785929366091,-132431,0,5784499,0,7315345,0
2729,1785929366099,-135502,0,5784287,0,7314850,0
2730,1785929366109,-138509,0,5784031,0,7314210,0
2731,1785929366119,-141030,0,5783679,0,7313940,0
2732,1785929366129,-143384,0,5783163,0,7313300,0
2733,1785929366139,-145307,0,5783107,0,7312969,0
2734,1785929366149,-146453,0,5782969,0,7312704,0
2735,1785929366159,-147469,0,5782914,0,7312474,0
2736,1785929366169,-148130,0,5782598,0,7312286,0
2737,1785929366179,-148952,0,5782387,0,7311969,0
2738,1785929366190,-149683,0,5782139,0,7311501,0
2739,1785929366199,-150027,0,5781943,0,7311529,0
2740,1785929366210,-150303,0,5781982,0,7311508,0
2741,1785929366219,-150642,0,5782149,0,7311325,0
2742,1785929366232,-150773,0,5781870,0,7311494,0
2743,1785929366239,-150795,0,5781786,0,7311342,0
2744,1785929366249,-150701,0,5781849,0,7311429,0
2745,1785929366259,-150901,0,5781321,0,7311044,0
2746,1785929366270,-151004,0,5781145,0,7310880,0
2747,1785929366279,-150751,0,5781359,0,7310731,0
2748,1785929366290,-150298,0,5781529,0,7310916,0
2749,1785929366299,-150033,0,5781592,0,7310966,0
2750,1785929366310,-149859,0,5781459,0,7310887,0
2751,1785929366319,-150129,0,5780747,0,7310752,0
2752,1785929366330,-150771,0,5780058,0,7310127,0
2753,1785929366342,-151363,0,5779922,0,7309945,0
2754,1785929366350,-151537,0,5780422,0,7309894,0
2755,1785929366359,-151264,0,5781035,0,7310160,0
2756,1785929366370,-151058,0,5781276,0,7310539,0
2757,1785929366379,-151101,0,5781193,0,7310562,0
2758,1785929366392,-151802,0,5780802,0,7310515,0
2759,1785929366399,-152219,0,5780224,0,7310046,0
2760,1785929366410,-152702,0,5780111,0,7309845,0
2761,1785929366419,-152758,0,5780199,0,7309826,0
2762,1785929366430,-152658,0,5780606,0,7309826,0
2763,1785929366440,-152369,0,5780811,0,7310109,0
2764,1785929366450,-151803,0,5781015,0,7310347,0
2765,1785929366460,-151389,0,5781062,0,7310525,0
2766,1785929366470,-151073,0,5781001,0,7310674,0
2767,1785929366480,-150792,0,5780673,0,7310615,0
2768,1785929366490,-150411,0,5780589,0,7310732,0
2769,1785929366499,-149807,0,5780757,0,7310706,0
2770,1785929366510,-149248,0,5781014,0,7310942,0
2771,1785929366520,-148208,0,5781325,0,7311231,0
2772,1785929366531,-147078,0,5781717,0,7311428,0
2773,1785929366539,-145760,0,5782060,0,7311906,0
2774,1785929366552,-144488,0,5782455,0,7312416,0
2775,1785929366560,-143389,0,5782918,0,7313031,0
2776,1785929366570,-142114,0,5782894,0,7313851,0
2777,1785929366580,-141338,0,5782400,0,7313812,0
2778,1785929366591,-140941,0,5781848,0,7313374,0
2779,1785929366600,-140116,0,5782016,0,7313364,0
2780,1785929366610,-138699,0,5782612,0,7314060,0
2781,1785929366620,-136932,0,5783250,0,7314306,0
2782,1785929366631,-135366,0,5783879,0,7314736,0
2783,1785929366640,-134041,0,5783584,0,7315463,0
2784,1785929366650,-133400,0,5783029,0,7315342,0
2785,1785929366660,-132802,0,5782444,0,7315286,0
2786,1785929366670,-132318,0,5782265,0,7314878,0
2787,1785929366680,-131200,0,5782619,0,7315046,0
2788,1785929366691,-129836,0,5782881,0,7315296,0
2789,1785929366700,-128350,0,5783036,0,7315788,0
2790,1785929366713,-127334,0,5783043,0,7315700,0
2791,1785929366724,-126352,0,5782805,0,7315797,0
2792,1785929366730,-125805,0,5782261,0,7315602,0
2793,1785929366740,-125214,0,5781985,0,7315331,0
2794,1785929366751,-124322,0,5782429,0,7315191,0
2795,1785929366761,-122783,0,5782920,0,7315693,0
2796,1785929366771,-121452,0,5782823,0,7315973,0
2797,1785929366780,-120330,0,5782623,0,7315934,0
2798,1785929366791,-119347,0,5782502,0,7315771,0
2799,1785929366801,-118131,0,5782522,0,7315723,0
2800,1785929366811,-117064,0,5782833,0,7315917,0
2801,1785929366821,-115650,0,5783080,0,7316181,0
2802,1785929366831,-114389,0,5783194,0,7316385,0
2803,1785929366841,-113136,0,5782780,0,7316575,0
2804,1785929366851,-112078,0,5782561,0,7316430,0
2805,1785929366861,-111128,0,5782667,0,7316363,0
2806,1785929366874,-109813,0,5782758,0,7316389,0
2807,1785929366881,-108325,0,5782724,0,7316561,0
2808,1785929366891,-107185,0,5782799,0,7316287,0
2809,1785929366901,-106417,0,5782607,0,7315902,0
2810,1785929366912,-106375,0,5782710,0,7315569,0
2811,1785929366921,-107271,0,5782719,0,7315333,0
2812,1785929366931,-109493,0,5782254,0,7314974,0
2813,1785929366941,-112450,0,5781487,0,7314295,0
2814,1785929366952,-116423,0,5780441,0,7313045,0
2815,1785929366961,-120283,0,5780151,0,7312012,0
2816,1785929366971,-123931,0,5780418,0,7311363,0
2817,1785929366981,-127067,0,5780683,0,7310867,0
2818,1785929366992,-129975,0,5780557,0,7310442,0
2819,1785929367001,-133219,0,5779503,0,7309825,0
2820,1785929367014,-136548,0,5778710,0,7308694,0
2821,1785929367027,-139079,0,5778406,0,7307936,0
2822,1785929367033,-140813,0,5778881,0,7307588,0
2823,1785929367041,-141785,0,5779381,0,7307365,0
2824,1785929367052,-142406,0,5779794,0,7307328,0
2825,1785929367061,-142854,0,5779810,0,7307300,0
2826,1785929367072,-143509,0,5779927,0,7307308,0
2827,1785929367081,-144072,0,5779962,0,7307087,0
2828,1785929367092,-144363,0,5780028,0,7307344,0
2829,1785929367101,-144628,0,5780012,0,7307433,0
2830,1785929367113,-145225,0,5779943,0,7307240,0
2831,1785929367121,-145457,0,5779921,0,7307551,0
2832,1785929367132,-145660,0,5779754,0,7307340,0
2833,1785929367142,-145757,0,5779839,0,7307304,0
2834,1785929367152,-145921,0,5779738,0,7307067,0
2835,1785929367162,-146150,0,5779438,0,7307020,0
2836,1785929367173,-146058,0,5779172,0,7306769,0
2837,1785929367182,-146334,0,5778994,0,7306554,0
2838,1785929367195,-146281,0,5779103,0,7306261,0
2839,1785929367202,-146038,0,5779255,0,7306255,0
2840,1785929367212,-145514,0,5779537,0,7306231,0
2841,1785929367222,-145248,0,5779591,0,7306412,0
2842,1785929367233,-145229,0,5779362,0,7306548,0
2843,1785929367242,-145542,0,5779048,0,7306379,0
2844,1785929367252,-145645,0,5778961,0,7306180,0
2845,1785929367263,-145692,0,5779254,0,7306237,0
2846,1785929367272,-145318,0,5779612,0,7306234,0
2847,1785929367282,-145172,0,5779635,0,7306420,0
2848,1785929367293,-145270,0,5779399,0,7306214,0
2849,1785929367302,-145403,0,5779272,0,7306074,0
2850,1785929367313,-145529,0,5779164,0,7306159,0
2851,1785929367322,-145628,0,5778650,0,7305989,0
2852,1785929367333,-145751,0,5778560,0,7305630,0
2853,1785929367342,-145574,0,5779018,0,7305453,0
2854,1785929367355,-144977,0,5779122,0,7305662,0
2855,1785929367362,-144390,0,5779370,0,7305774,0
2856,1785929367373,-143832,0,5779219,0,7306055,0
2857,1785929367382,-143506,0,5778646,0,7306094,0
2858,1785929367393,-143542,0,5778352,0,7305844,0
2859,1785929367402,-143114,0,5778577,0,7305891,0
2860,1785929367413,-142240,0,5778820,0,7305964,0
2861,1785929367423,-141198,0,5779062,0,7306168,0
2862,1785929367433,-140305,0,5779324,0,7306204,0
2863,1785929367443,-139307,0,5779422,0,7306445,0
2864,1785929367453,-138413,0,5779013,0,7306478,0
2865,1785929367462,-137763,0,5778520,0,7306152,0
2866,1785929367473,-137225,0,5778030,0,7306015,0
2867,1785929367483,-136645,0,5778022,0,7305784,0
2868,1785929367494,-135618,0,5778521,0,7305932,0
2869,1785929367503,-134180,0,5779065,0,7306239,0
2870,1785929367516,-132893,0,5779386,0,7306814,0
2871,1785929367523,-131911,0,5779398,0,7307061,0
2872,1785929367533,-130937,0,5779102,0,7306735,0
2873,1785929367543,-130165,0,5778883,0,7306836,0
2874,1785929367553,-129106,0,5779018,0,7307013,0
2875,1785929367563,-128020,0,5778998,0,7307214,0
2876,1785929367573,-126872,0,5778871,0,7307165,0
2877,1785929367583,-125914,0,5778757,0,7307066,0
2878,1785929367594,-124950,0,5778511,0,7306976,0
2879,1785929367603,-124073,0,5778469,0,7307080,0
2880,1785929367614,-122952,0,5778542,0,7307278,0
2881,1785929367623,-122083,0,5778756,0,7307522,0
2882,1785929367634,-120875,0,5778857,0,7307506,0
2883,1785929367643,-119928,0,5778955,0,7307706,0
2884,1785929367655,-118733,0,5779332,0,7307950,0
2885,1785929367663,-117442,0,5779722,0,7307958,0
2886,1785929367676,-116076,0,5780083,0,7308489,0
2887,1785929367683,-114467,0,5780275,0,7308899,0
2888,1785929367694,-113415,0,5780309,0,7309213,0
2889,1785929367704,-112414,0,5779646,0,7309120,0
2890,1785929367714,-111735,0,5779391,0,7309045,0
2891,1785929367724,-110330,0,5779562,0,7309140,0
2892,1785929367736,-109317,0,5779890,0,7309177,0
2893,1785929367744,-107783,0,5780247,0,7309447,0
2894,1785929367754,-106532,0,5780560,0,7309795,0
2895,1785929367764,-105323,0,5780559,0,7310054,0
2896,1785929367775,-104251,0,5780457,0,7310455,0
2897,1785929367784,-103129,0,5780396,0,7310491,0
2898,1785929367795,-102063,0,5780522,0,7310667,0
2899,1785929367804,-99681,0,5781062,0,7310599,0
2900,1785929367815,-99213,0,5781038,0,7310439,0
2901,1785929367824,-99972,0,5780808,0,7309918,0
2902,1785929367837,-102104,0,5780269,0,7309333,0
2903,1785929367844,-105047,0,5779831,0,7308817,0
2904,1785929367854,-108661,0,5779450,0,7308036,0
2905,1785929367864,-112410,0,5779058,0,7307227,0
2906,1785929367874,-116472,0,5778574,0,7306797,0
2907,1785929367884,-120654,0,5778489,0,7305938,0
2908,1785929367895,-124290,0,5778179,0,7305327,0
2909,1785929367904,-127663,0,5777918,0,7304749,0
2910,1785929367914,-130513,0,5777795,0,7304018,0
2911,1785929367924,-133109,0,5777518,0,7303591,0
2912,1785929367934,-135380,0,5777211,0,7303164,0
2913,1785929367944,-137405,0,5777317,0,7302738,0
2914,1785929367955,-138902,0,5777242,0,7302698,0
2915,1785929367964,-140081,0,5777378,0,7302688,0
2916,1785929367975,-141102,0,5777074,0,7302515,0
2917,1785929367984,-142076,0,5776589,0,7302174,0
2918,1785929367996,-143123,0,5776244,0,7301771,0
2919,1785929368004,-143991,0,5776241,0,7301443,0
2920,1785929368014,-144815,0,5776084,0,7301225,0
2921,1785929368024,-145527,0,5776066,0,7301171,0
2922,1785929368034,-146407,0,5775819,0,7300614,0
2923,1785929368044,-147282,0,5775495,0,7300463,0
2924,1785929368055,-147995,0,5775426,0,7300252,0
2925,1785929368064,-148287,0,5775636,0,7300331,0
2926,1785929368075,-148650,0,5775497,0,7300188,0
2927,1785929368084,-148806,0,5775327,0,7300095,0
2928,1785929368095,-149081,0,5775244,0,7299789,0
2929,1785929368104,-149298,0,5775224,0,7299756,0
2930,1785929368115,-149182,0,5775147,0,7299803,0
2931,1785929368125,-149493,0,5774807,0,7299503,0
2932,1785929368135,-149940,0,5774389,0,7299031,0
2933,1785929368144,-150190,0,5774380,0,7298944,0
2934,1785929368157,-150392,0,5774410,0,7298723,0
2935,1785929368164,-150531,0,5774490,0,7298680,0
2936,1785929368175,-150777,0,5774377,0,7298603,0
2937,1785929368184,-151057,0,5774022,0,7298408,0
2938,1785929368195,-151609,0,5773772,0,7298071,0
2939,1785929368204,-151974,0,5773744,0,7297941,0
2940,1785929368215,-152085,0,5773840,0,7297919,0
2941,1785929368224,-152062,0,5773697,0,7297886,0
2942,1785929368235,-152092,0,5773597,0,7297840,0
2943,1785929368245,-152169,0,5773393,0,7297564,0
2944,1785929368255,-152163,0,5773271,0,7297283,0
2945,1785929368264,-151997,0,5773338,0,7297306,0
2946,1785929368275,-151540,0,5773314,0,7297300,0
2947,1785929368284,-151292,0,5773443,0,7297492,0
2948,1785929368295,-150861,0,5773190,0,7297247,0
2949,1785929368304,-150345,0,5773054,0,7297342,0
2950,1785929368317,-150035,0,5773104,0,7297358,0
2951,1785929368324,-149345,0,5773178,0,7297412,0
2952,1785929368335,-148599,0,5773395,0,7297457,0
2953,1785929368344,-147366,0,5773477,0,7297630,0
2954,1785929368355,-146597,0,5773435,0,7297838,0
2955,1785929368364,-145794,0,5773288,0,7297907,0
2956,1785929368375,-145051,0,5773123,0,7297815,0
2957,1785929368385,-144342,0,5773196,0,7297871,0
2958,1785929368395,-143341,0,5773260,0,7297865,0
2959,1785929368405,-142241,0,5773482,0,7298069,0
2960,1785929368415,-141406,0,5772923,0,7298071,0
2961,1785929368424,-140648,0,5772547,0,7297752,0
2962,1785929368435,-139874,0,5772745,0,7297698,0
2963,1785929368444,-138772,0,5772986,0,7297759,0
2964,1785929368456,-137510,0,5773264,0,7298139,0
2965,1785929368465,-136276,0,5773209,0,7298279,0
2966,1785929368477,-135365,0,5773180,0,7298473,0
2967,1785929368485,-134607,0,5773141,0,7298326,0
2968,1785929368495,-133574,0,5773226,0,7298630,0
2969,1785929368505,-132545,0,5773381,0,7298771,0
2970,1785929368515,-131228,0,5773462,0,7299082,0
2971,1785929368525,-130120,0,5773424,0,7299140,0
2972,1785929368535,-129335,0,5773405,0,7299208,0
2973,1785929368545,-128108,0,5773546,0,7299253,0
2974,1785929368555,-126907,0,5773773,0,7299380,0
2975,1785929368565,-125694,0,5773982,0,7299546,0
2976,1785929368575,-124453,0,5773842,0,7299842,0
2977,1785929368585,-123523,0,5773893,0,7299771,0
2978,1785929368595,-122247,0,5774258,0,7299756,0
2979,1785929368605,-120820,0,5774558,0,7300247,0
2980,1785929368616,-119247,0,5774951,0,7300404,0
2981,1785929368625,-117998,0,5775059,0,7300567,0
2982,1785929368637,-116786,0,5775002,0,7300770,0
2983,1785929368645,-115675,0,5774966,0,7300858,0
2984,1785929368655,-114471,0,5775058,0,7300935,0
2985,1785929368665,-113138,0,5775347,0,7301257,0
2986,1785929368675,-111568,0,5775736,0,7301493,0
