sample_index,timestamp,green,green_status,red,red_status,infrared,infrared_status
0,1785928979632,0,0,0,-1,699040,0
1,1785928979639,178376,0,655192,0,538799,0
2,1785928979650,178415,0,547942,0,538707,0
3,1785928979662,178512,0,547934,0,538651,0
4,1785928979670,178508,0,547936,0,538617,0
5,1785928979683,178506,0,547944,0,538602,0
6,1785928979690,178555,0,548018,0,538602,0
7,1785928979699,178585,0,547972,0,538594,0
8,1785928979710,178651,0,548016,0,538596,0
9,1785928979720,178648,0,547993,0,538558,0
10,1785928979732,178627,0,547991,0,538540,0
11,1785928979739,178568,0,547950,0,538516,0
12,1785928979750,178617,0,547992,0,538508,0
13,1785928979761,178608,0,547983,0,538549,0
14,1785928979771,178711,0,548017,0,538552,0
15,1785928979783,178747,0,548019,0,538547,0
16,1785928979797,178805,0,548032,0,538528,0
17,1785928979802,178727,0,548060,0,538559,0
18,1785928979812,178823,0,548108,0,538612,0
19,1785928979824,178868,0,548099,0,538634,0
20,1785928979837,178950,0,548080,0,538610,0
21,1785928979840,178932,0,548107,0,538628,0
22,1785928979850,178982,0,548167,0,538653,0
23,1785928979861,179027,0,548149,0,538655,0
24,1785928979873,179068,0,591850,0,538692,0
25,1785928979879,179142,0,591884,0,538702,0
26,1785928979890,24943,0,569353,0,707370,0
27,1785928979899,25034,0,569440,0,707375,0
28,1785928979912,25078,0,569365,0,707394,0
29,1785928979919,25173,0,569391,0,707388,0
30,1785928979930,25223,0,569366,0,707348,0
31,1785928979939,25240,0,569352,0,707374,0
32,1785928979953,25363,0,569386,0,707351,0
33,1785928979960,25328,0,569332,0,707357,0
34,1785928979970,25392,0,569362,0,707325,0
35,1785928979980,25414,0,569336,0,707337,0
36,1785928979990,25479,0,569304,0,707286,0
37,1785928980001,25579,0,569278,0,707249,0
38,1785928980010,25518,0,1014929,0,1432511,0
39,1785928980020,25610,0,1014855,0,1432500,0
40,1785928980030,-11711,0,1103773,0,1416629,0
41,1785928980040,-11621,0,1103604,0,1416438,0
42,1785928980050,-11643,0,1103438,0,1416069,0
43,1785928980060,-11605,0,1103120,0,1415511,0
44,1785928980070,-11601,0,1102687,0,1414893,0
45,1785928980080,-11844,0,1102094,0,1414112,0
46,1785928980091,-12175,0,1101675,0,1413614,0
47,1785928980100,-12334,0,1101611,0,1413435,0
48,1785928980112,-12403,0,1101939,0,1413574,0
49,1785928980120,-12280,0,1102375,0,1414043,0
50,1785928980130,-12256,0,1102908,0,1414695,0
51,1785928980142,-12300,0,1103220,0,1415166,0
52,1785928980150,-12334,0,5507427,0,7068995,0
53,1785928980160,-12455,0,5507366,0,7068838,0
54,1785928980170,-60928,0,5494359,0,7063424,0
55,1785928980180,-61512,0,5493805,0,7062672,0
56,1785928980190,-61923,0,5493486,0,7062105,0
57,1785928980200,-62253,0,5493162,0,7061686,0
58,1785928980210,-62387,0,5493123,0,7061617,0
59,1785928980220,-62309,0,5493423,0,7061564,0
60,1785928980230,-62162,0,5493594,0,7061836,0
61,1785928980240,-62003,0,5494093,0,7062114,0
62,1785928980251,-61653,0,5494474,0,7062559,0
63,1785928980261,-61293,0,5494955,0,7063231,0
64,1785928980273,-60912,0,5495435,0,7063725,0
65,1785928980280,-60478,0,5495880,0,7064301,0
66,1785928980290,-60078,0,5452526,0,7064557,0
67,1785928980300,-59559,0,5452679,0,7064858,0
68,1785928980310,-59218,0,5493166,0,7064833,0
69,1785928980320,-58765,0,5493165,0,7064709,0
70,1785928980330,-58245,0,5493052,0,7064745,0
71,1785928980340,-57796,0,5493028,0,7064583,0
72,1785928980350,-57378,0,5493025,0,7064724,0
73,1785928980360,-56951,0,5493144,0,7064734,0
74,1785928980370,-56544,0,5493178,0,7064851,0
75,1785928980383,-56195,0,5493156,0,7064862,0
76,1785928980394,-55596,0,5493346,0,7065073,0
77,1785928980400,-55219,0,5493427,0,7065082,0
78,1785928980411,-54702,0,5493524,0,7065209,0
79,1785928980420,-54500,0,5493593,0,7065050,0
80,1785928980432,-54028,0,5493753,0,7065352,0
81,1785928980440,-53600,0,5493766,0,7065542,0
82,1785928980451,-53274,0,5493764,0,7065612,0
83,1785928980460,-52858,0,5493975,0,7065567,0
84,1785928980471,-52563,0,5494001,0,7065659,0
85,1785928980481,-52138,0,5494055,0,7065646,0
86,1785928980490,-51664,0,5494208,0,7065852,0
87,1785928980500,-51151,0,5494341,0,7065965,0
88,1785928980511,-50692,0,5494498,0,7065995,0
89,1785928980520,-50225,0,5494506,0,7066278,0
90,1785928980531,-49754,0,5494445,0,7066273,0
91,1785928980541,-49269,0,5494550,0,7066264,0
92,1785928980551,-48814,0,5494630,0,7066441,0
93,1785928980562,-48090,0,5494754,0,7066682,0
94,1785928980578,-47485,0,5494865,0,7066854,0
95,1785928980580,-46916,0,5495041,0,7066983,0
96,1785928980594,-46333,0,5495209,0,7067174,0
97,1785928980600,-45548,0,5495309,0,7067353,0
98,1785928980611,-44899,0,5495251,0,7067481,0
99,1785928980620,-44358,0,5495322,0,7067618,0
100,1785928980631,-43638,0,5495323,0,7067483,0
101,1785928980640,-43061,0,5495286,0,7067658,0
102,1785928980651,-42350,0,5495530,0,7067813,0
103,1785928980660,-41531,0,5495631,0,7068051,0
104,1785928980672,-40831,0,5495754,0,7068277,0
105,1785928980681,-40095,0,5495873,0,7068511,0
106,1785928980691,-39499,0,5495956,0,7068560,0
107,1785928980700,-38679,0,5496027,0,7068707,0
108,1785928980711,-38054,0,5496068,0,7068637,0
109,1785928980720,-37288,0,5496053,0,7068853,0
110,1785928980732,-36610,0,5496084,0,7068882,0
111,1785928980741,-35945,0,5496197,0,7068897,0
112,1785928980753,-35249,0,5495948,0,7068688,0
113,1785928980761,-34915,0,5495865,0,7068350,0
114,1785928980771,-34840,0,5495998,0,7068308,0
115,1785928980781,-34824,0,5495982,0,7067960,0
116,1785928980791,-35160,0,5495879,0,7067776,0
117,1785928980801,-35655,0,5495896,0,7067511,0
118,1785928980812,-36147,0,5495827,0,7067257,0
119,1785928980821,-36516,0,5495783,0,7067094,0
120,1785928980831,-37151,0,5495663,0,7066925,0
121,1785928980841,-37680,0,5495557,0,7066878,0
122,1785928980852,-38181,0,5495538,0,7066600,0
123,1785928980861,-38668,0,5495323,0,7066148,0
124,1785928980871,-39119,0,5495274,0,7066137,0
125,1785928980885,-39520,0,5495134,0,7065930,0
126,1785928980892,-39679,0,5495103,0,7066025,0
127,1785928980901,-39762,0,5495222,0,7066226,0
128,1785928980916,-39872,0,5495440,0,7066380,0
129,1785928980923,-39677,0,5495735,0,7066760,0
130,1785928980932,-39617,0,5495829,0,7066856,0
131,1785928980941,-39437,0,5495800,0,7067058,0
132,1785928980952,-39286,0,5495910,0,7067041,0
133,1785928980961,-39045,0,5495799,0,7066922,0
134,1785928980972,-38819,0,5495966,0,7066976,0
135,1785928980981,-38489,0,5495938,0,7067320,0
136,1785928980992,-38045,0,5495979,0,7067398,0
137,1785928981001,-37665,0,5496236,0,7067661,0
138,1785928981012,-37208,0,5496134,0,7067675,0
139,1785928981021,-36815,0,5496093,0,7067734,0
140,1785928981031,-36486,0,5496109,0,7067770,0
141,1785928981041,-36048,0,5496029,0,7067735,0
142,1785928981053,-35604,0,5495809,0,7067515,0
143,1785928981061,-35157,0,5495688,0,7067409,0
144,1785928981073,-34757,0,5495701,0,7067415,0
145,1785928981081,-34414,0,5495849,0,7067635,0
146,1785928981092,-33962,0,5495982,0,7067791,0
147,1785928981101,-33577,0,5496003,0,7068079,0
148,1785928981112,-33241,0,5496129,0,7068095,0
149,1785928981122,-32909,0,5496379,0,7068431,0
150,1785928981132,-32405,0,5496407,0,7068675,0
151,1785928981142,-32044,0,5496449,0,7068640,0
152,1785928981152,-31645,0,5496374,0,7068655,0
153,1785928981162,-31461,0,5496299,0,7068626,0
154,1785928981172,-31070,0,5496193,0,7068417,0
155,1785928981182,-30711,0,5496241,0,7068614,0
156,1785928981192,-30218,0,5496470,0,7068719,0
157,1785928981202,-29729,0,5496308,0,7068648,0
158,1785928981213,-29462,0,5496344,0,7068766,0
159,1785928981222,-28910,0,5496253,0,7068892,0
160,1785928981235,-28386,0,5496348,0,7069028,0
161,1785928981242,-28004,0,5496346,0,7068974,0
162,1785928981253,-27475,0,5496306,0,7069050,0
163,1785928981262,-26836,0,5496336,0,7069096,0
164,1785928981272,-26472,0,5496347,0,7069182,0
165,1785928981282,-25833,0,5496427,0,7069313,0
166,1785928981293,-25297,0,5496436,0,7069377,0
167,1785928981309,-24571,0,5496592,0,7069515,0
168,1785928981312,-24011,0,5496714,0,7069794,0
169,1785928981322,-23197,0,5497156,0,7070271,0
170,1785928981332,-22508,0,5497347,0,7070776,0
171,1785928981342,-21880,0,5497686,0,7070937,0
172,1785928981353,-21153,0,5497880,0,7071272,0
173,1785928981362,-20393,0,5497918,0,7071331,0
174,1785928981373,-19669,0,5497981,0,7071590,0
175,1785928981382,-18951,0,5498138,0,7071649,0
176,1785928981394,-18295,0,5498128,0,7071803,0
177,1785928981402,-17767,0,5498164,0,7071952,0
178,1785928981413,-17035,0,5498216,0,7072024,0
179,1785928981422,-16268,0,5498230,0,7072157,0
180,1785928981432,-15638,0,5498327,0,7072247,0
181,1785928981442,-14864,0,5498292,0,7072403,0
182,1785928981453,-14190,0,5498376,0,7072476,0
183,1785928981462,-13566,0,5498320,0,7072354,0
184,1785928981473,-12781,0,5498549,0,7072632,0
185,1785928981484,-12046,0,5498758,0,7072815,0
186,1785928981494,-11106,0,5499109,0,7073223,0
187,1785928981502,-10309,0,5499289,0,7073504,0
188,1785928981513,-9455,0,5499404,0,7073788,0
189,1785928981522,-8651,0,5499690,0,7073898,0
190,1785928981534,-8151,0,5499630,0,7074031,0
191,1785928981542,-7220,0,5499789,0,7074161,0
192,1785928981556,-6724,0,5499749,0,7074042,0
193,1785928981562,-6473,0,5499565,0,7073723,0
194,1785928981573,-6283,0,5499495,0,7073523,0
195,1785928981582,-6422,0,5499484,0,7073176,0
196,1785928981593,-6604,0,5499378,0,7072976,0
197,1785928981603,-7032,0,5499498,0,7072898,0
198,1785928981613,-7375,0,5499502,0,7072754,0
199,1785928981623,-7924,0,5499534,0,7072639,0
200,1785928981633,-8359,0,5499575,0,7072664,0
201,1785928981643,-8736,0,5499514,0,7072326,0
202,1785928981654,-9314,0,5499527,0,7072378,0
203,1785928981663,-9592,0,5499505,0,7072310,0
204,1785928981673,-9916,0,5499533,0,7072281,0
205,1785928981683,-10124,0,5499484,0,7072313,0
206,1785928981694,-10146,0,5499442,0,7072067,0
207,1785928981703,-10282,0,5499447,0,7071995,0
208,1785928981715,-10301,0,5499431,0,7071899,0
209,1785928981723,-10330,0,5499510,0,7072227,0
210,1785928981734,-10122,0,5499416,0,7072124,0
211,1785928981743,-10071,0,5499167,0,7071922,0
212,1785928981754,-9795,0,5498823,0,7071303,0
213,1785928981763,-9785,0,5498242,0,7070693,0
214,1785928981774,-9492,0,5497939,0,7070344,0
215,1785928981783,-9271,0,5497703,0,7070031,0
216,1785928981793,-8951,0,5497725,0,7070178,0
217,1785928981803,-8521,0,5497889,0,7070306,0
218,1785928981814,-8067,0,5498006,0,7070504,0
219,1785928981823,-7497,0,5498188,0,7070781,0
220,1785928981833,-7164,0,5498142,0,7070713,0
221,1785928981843,-6796,0,5498093,0,7070832,0
222,1785928981854,-6380,0,5497990,0,7070748,0
223,1785928981863,-5935,0,5498046,0,7070736,0
224,1785928981876,-5462,0,5497900,0,7070656,0
225,1785928981883,-5139,0,5497985,0,7070613,0
226,1785928981894,-4730,0,5497895,0,7070533,0
227,1785928981903,-4375,0,5497939,0,7070774,0
228,1785928981913,-4001,0,5498134,0,7070766,0
229,1785928981923,-3682,0,5497798,0,7070623,0
230,1785928981934,-3400,0,5497450,0,7070110,0
231,1785928981944,-3422,0,5497103,0,7069703,0
232,1785928981954,-3160,0,5496867,0,7069447,0
233,1785928981963,-2836,0,5496987,0,7069511,0
234,1785928981974,-2527,0,5497259,0,7069710,0
235,1785928981983,-2160,0,5497348,0,7069864,0
236,1785928981994,-1770,0,5497461,0,7070045,0
237,1785928982003,-1403,0,5497566,0,7070276,0
238,1785928982015,-818,0,5497685,0,7070344,0
239,1785928982024,-520,0,5497697,0,7070454,0
240,1785928982036,-103,0,5497694,0,7070625,0
241,1785928982044,232,0,5497459,0,7070407,0
242,1785928982054,640,0,5497512,0,7070415,0
243,1785928982064,1121,0,5497403,0,7070395,0
244,1785928982074,1463,0,5497429,0,7070326,0
245,1785928982084,2009,0,5497510,0,7070518,0
246,1785928982096,2671,0,5497615,0,7070670,0
247,1785928982105,3220,0,5497830,0,7070776,0
248,1785928982114,3885,0,5497961,0,7071182,0
249,1785928982124,4433,0,5498199,0,7071272,0
250,1785928982139,5065,0,5498464,0,7071531,0
251,1785928982145,5652,0,5498375,0,7071697,0
252,1785928982155,6337,0,5498607,0,7071867,0
253,1785928982164,6859,0,5498590,0,7071861,0
254,1785928982175,7370,0,5498685,0,7072153,0
255,1785928982186,8083,0,5498736,0,7072288,0
256,1785928982197,8818,0,5498731,0,7072152,0
257,1785928982204,9200,0,5498773,0,7072338,0
258,1785928982215,9984,0,5498949,0,7072509,0
259,1785928982224,10512,0,5498840,0,7072539,0
260,1785928982234,11152,0,5498827,0,7072488,0
261,1785928982244,11840,0,5498824,0,7072520,0
262,1785928982255,12364,0,5498866,0,7072588,0
263,1785928982264,12885,0,5498836,0,7072641,0
264,1785928982275,13744,0,5498766,0,7072679,0
265,1785928982285,14090,0,5498620,0,7072475,0
266,1785928982295,14718,0,5498503,0,7072425,0
267,1785928982305,15409,0,5498463,0,7072356,0
268,1785928982315,15896,0,5498357,0,7072173,0
269,1785928982324,16387,0,5498155,0,7072149,0
270,1785928982335,16639,0,5498193,0,7071926,0
271,1785928982344,16809,0,5498238,0,7072062,0
272,1785928982379,16641,0,5498250,0,7071615,0
273,1785928982379,16354,0,5498332,0,7071493,0
274,1785928982379,16010,0,5498282,0,7071248,0
275,1785928982390,15652,0,5498316,0,7071179,0
276,1785928982395,15073,0,5498397,0,7071141,0
277,1785928982405,14610,0,5498313,0,7071047,0
278,1785928982415,13977,0,5498496,0,7070910,0
279,1785928982424,13665,0,5498522,0,7070994,0
280,1785928982435,13154,0,5498712,0,7071082,0
281,1785928982444,12793,0,5498820,0,7071081,0
282,1785928982455,12647,0,5498965,0,7071197,0
283,1785928982465,12468,0,5499051,0,7071378,0
284,1785928982475,12406,0,5499258,0,7071514,0
285,1785928982485,12408,0,5499451,0,7071728,0
286,1785928982496,12496,0,5499605,0,7071814,0
287,1785928982507,12623,0,5499713,0,7072040,0
288,1785928982523,12652,0,5499641,0,7072200,0
289,1785928982525,12704,0,5499652,0,7071996,0
290,1785928982539,12818,0,5499439,0,7071983,0
291,1785928982545,13092,0,5499339,0,7071769,0
292,1785928982556,13317,0,5499071,0,7071698,0
293,1785928982565,13635,0,5498985,0,7071642,0
294,1785928982575,13996,0,5498980,0,7071622,0
295,1785928982585,14206,0,5498858,0,7071672,0
296,1785928982595,14594,0,5498864,0,7071649,0
297,1785928982605,14768,0,5498827,0,7071611,0
298,1785928982615,15206,0,5498917,0,7071547,0
299,1785928982627,15615,0,5498930,0,7071704,0
300,1785928982635,16086,0,5498954,0,7071808,0
301,1785928982645,16397,0,5498975,0,7071937,0
302,1785928982657,16724,0,5499001,0,7071972,0
303,1785928982665,16909,0,5498893,0,7071909,0
304,1785928982677,17195,0,5498803,0,7071727,0
305,1785928982685,17297,0,5498660,0,7071627,0
306,1785928982696,17535,0,5498512,0,7071654,0
307,1785928982705,17751,0,5498566,0,7071628,0
308,1785928982715,17960,0,5498572,0,7071490,0
309,1785928982725,18242,0,5498556,0,7071481,0
310,1785928982736,18549,0,5498648,0,7071652,0
311,1785928982745,18734,0,5498713,0,7071684,0
312,1785928982756,19000,0,5498776,0,7071771,0
313,1785928982765,19377,0,5498865,0,7071972,0
314,1785928982776,19614,0,5499039,0,7072107,0
315,1785928982789,19932,0,5498995,0,7072046,0
316,1785928982796,20264,0,5499049,0,7072107,0
317,1785928982805,20659,0,5499158,0,7072180,0
318,1785928982816,21095,0,5498994,0,7072118,0
319,1785928982825,21414,0,5499003,0,7072232,0
320,1785928982838,21820,0,5499113,0,7072291,0
321,1785928982845,22361,0,5499182,0,7072367,0
322,1785928982857,22867,0,5499425,0,7072710,0
323,1785928982871,23468,0,5499554,0,7072711,0
324,1785928982876,23876,0,5499854,0,7072909,0
325,1785928982886,24563,0,5499956,0,7073340,0
326,1785928982896,24990,0,5500115,0,7073552,0
327,1785928982906,25654,0,5500266,0,7073703,0
328,1785928982916,26136,0,5500309,0,7073778,0
329,1785928982925,26834,0,5500476,0,7073880,0
330,1785928982937,27247,0,5500414,0,7073979,0
331,1785928982946,27745,0,5500109,0,7073841,0
332,1785928982958,28010,0,5499932,0,7073846,0
333,1785928982966,28621,0,5499954,0,7073672,0
334,1785928982977,29044,0,5499824,0,7073765,0
335,1785928982988,29600,0,5499816,0,7073954,0
336,1785928982998,30103,0,5499870,0,7073833,0
337,1785928983006,30772,0,5500042,0,7074088,0
338,1785928983016,31247,0,5499988,0,7074150,0
339,1785928983026,31787,0,5500171,0,7074258,0
340,1785928983041,32461,0,5500164,0,7074505,0
341,1785928983047,32996,0,5500190,0,7074602,0
342,1785928983057,33505,0,5500040,0,7074415,0
343,1785928983066,33914,0,5499949,0,7074142,0
344,1785928983076,34204,0,5499788,0,7074070,0
345,1785928983086,34281,0,5499631,0,7073680,0
346,1785928983096,34252,0,5499555,0,7073304,0
347,1785928983106,33843,0,5499459,0,7073105,0
348,1785928983116,33417,0,5499700,0,7072941,0
349,1785928983126,32795,0,5499583,0,7072865,0
350,1785928983137,32133,0,5499833,0,7072928,0
351,1785928983146,31467,0,5499872,0,7073008,0
352,1785928983159,30801,0,5500080,0,7073153,0
353,1785928983166,30222,0,5500172,0,7073164,0
354,1785928983177,29372,0,5500351,0,7073268,0
355,1785928983186,28849,0,5500442,0,7073308,0
356,1785928983196,28289,0,5500537,0,7073337,0
357,1785928983206,27742,0,5500632,0,7073370,0
358,1785928983217,27364,0,5500553,0,7073530,0
359,1785928983226,27026,0,5500764,0,7073379,0
360,1785928983236,26796,0,5500814,0,7073658,0
361,1785928983246,26502,0,5500838,0,7073709,0
362,1785928983257,26477,0,5500982,0,7073916,0
363,1785928983266,26390,0,5501094,0,7074125,0
364,1785928983277,26471,0,5501253,0,7074244,0
365,1785928983286,26467,0,5501233,0,7074350,0
366,1785928983298,26414,0,5501283,0,7074338,0
367,1785928983307,26585,0,5501085,0,7074138,0
368,1785928983319,26660,0,5500856,0,7074098,0
369,1785928983326,26747,0,5500661,0,7074061,0
370,1785928983337,26961,0,5500517,0,7073899,0
371,1785928983346,27080,0,5500260,0,7073598,0
372,1785928983357,27140,0,5500241,0,7073436,0
373,1785928983367,27417,0,5499881,0,7073313,0
374,1785928983377,27526,0,5499822,0,7073188,0
375,1785928983387,27643,0,5499668,0,7073042,0
376,1785928983397,27973,0,5499397,0,7072910,0
377,1785928983406,27884,0,5499351,0,7072836,0
378,1785928983417,28151,0,5499235,0,7072604,0
379,1785928983426,28212,0,5499135,0,7072669,0
380,1785928983437,28375,0,5498978,0,7072596,0
381,1785928983447,28429,0,5498992,0,7072586,0
382,1785928983458,28447,0,5499046,0,7072458,0
383,1785928983467,28656,0,5498989,0,7072331,0
384,1785928983480,28624,0,5499012,0,7072566,0
385,1785928983488,28798,0,5499057,0,7072529,0
386,1785928983497,28926,0,5498998,0,7072403,0
387,1785928983507,29005,0,5498896,0,7072361,0
388,1785928983517,29197,0,5498923,0,7072328,0
389,1785928983527,29270,0,5498929,0,7072369,0
390,1785928983537,29542,0,5498965,0,7072483,0
391,1785928983547,29771,0,5499068,0,7072612,0
392,1785928983558,29957,0,5499165,0,7072831,0
393,1785928983567,30205,0,5499176,0,7072936,0
394,1785928983578,30582,0,5499375,0,7073082,0
395,1785928983587,30879,0,5499563,0,7073269,0
396,1785928983597,31184,0,5499623,0,7073492,0
397,1785928983607,31577,0,5499806,0,7073646,0
398,1785928983618,31943,0,5499857,0,7073861,0
399,1785928983627,32344,0,5499874,0,7074104,0
400,1785928983639,32732,0,5500102,0,7074113,0
401,1785928983647,33273,0,5500163,0,7074134,0
402,1785928983658,33609,0,5500318,0,7074239,0
403,1785928983667,34038,0,5500382,0,7074519,0
404,1785928983677,34545,0,5500484,0,7074575,0
405,1785928983687,34955,0,5500530,0,7074711,0
406,1785928983698,35372,0,5500670,0,7074859,0
407,1785928983707,35930,0,5500741,0,7075139,0
408,1785928983718,36271,0,5500994,0,7075281,0
409,1785928983727,36895,0,5501195,0,7075643,0
410,1785928983738,37503,0,5501273,0,7075771,0
411,1785928983747,37933,0,5501490,0,7075883,0
412,1785928983759,38405,0,5501627,0,7076030,0
413,1785928983768,38928,0,5501770,0,7076259,0
414,1785928983782,39558,0,5501647,0,7076291,0
415,1785928983790,39939,0,5501718,0,7076228,0
416,1785928983801,40369,0,5501588,0,7076157,0
417,1785928983808,40665,0,5501588,0,7075938,0
418,1785928983818,40673,0,5501410,0,7075755,0
419,1785928983827,40438,0,5501552,0,7075507,0
420,1785928983838,39919,0,5501362,0,7075181,0
421,1785928983847,39416,0,5501155,0,7074927,0
422,1785928983858,38680,0,5501228,0,7074688,0
423,1785928983868,37917,0,5501060,0,7074402,0
424,1785928983878,36908,0,5500940,0,7074322,0
425,1785928983888,36000,0,5500791,0,7074007,0
426,1785928983898,35201,0,5500680,0,7073945,0
427,1785928983908,34259,0,5500725,0,7073729,0
428,1785928983918,33422,0,5500590,0,7073512,0
429,1785928983928,32730,0,5500511,0,7073572,0
430,1785928983939,32020,0,5500470,0,7073351,0
431,1785928983948,31481,0,5500488,0,7073380,0
432,1785928983960,30891,0,5500475,0,7073381,0
433,1785928983968,30488,0,5500491,0,7073349,0
434,1785928983978,30081,0,5500426,0,7073200,0
435,1785928983988,29959,0,5500379,0,7073324,0
436,1785928983998,29621,0,5500423,0,7073171,0
437,1785928984008,29484,0,5500377,0,7073315,0
438,1785928984022,29397,0,5500367,0,7073346,0
439,1785928984028,29188,0,5500224,0,7073191,0
440,1785928984038,29139,0,5500138,0,7073174,0
441,1785928984051,28992,0,5500010,0,7073140,0
442,1785928984059,29167,0,5499922,0,7073137,0
443,1785928984068,29235,0,5499831,0,7072973,0
444,1785928984078,29235,0,5499624,0,7072807,0
445,1785928984088,29274,0,5499539,0,7072896,0
446,1785928984102,29416,0,5499435,0,7072663,0
447,1785928984108,29460,0,5499246,0,7072413,0
448,1785928984121,29551,0,5499047,0,7072387,0
449,1785928984128,29609,0,5498987,0,7072193,0
450,1785928984139,29663,0,5498921,0,7072192,0
451,1785928984148,29605,0,5498750,0,7072127,0
452,1785928984159,29610,0,5498569,0,7071939,0
453,1785928984168,29767,0,5498415,0,7071778,0
454,1785928984179,29502,0,5498335,0,7071777,0
455,1785928984188,29468,0,5498194,0,7071550,0
456,1785928984198,29491,0,5498160,0,7071405,0
457,1785928984208,29469,0,5498061,0,7071236,0
458,1785928984220,29465,0,5497981,0,7071190,0
459,1785928984235,29527,0,5498033,0,7071287,0
460,1785928984239,29400,0,5497951,0,7071183,0
461,1785928984248,29463,0,5497918,0,7071175,0
462,1785928984260,29583,0,5497767,0,7071180,0
463,1785928984268,29579,0,5497812,0,7071132,0
464,1785928984281,29698,0,5497830,0,7071105,0
465,1785928984288,29733,0,5497975,0,7071216,0
466,1785928984299,30062,0,5497942,0,7071311,0
467,1785928984308,30208,0,5497968,0,7071399,0
468,1785928984319,30350,0,5498025,0,7071510,0
469,1785928984329,30619,0,5497964,0,7071428,0
470,1785928984339,30834,0,5498041,0,7071528,0
471,1785928984349,30995,0,5498067,0,7071649,0
472,1785928984359,31256,0,5498070,0,7071718,0
473,1785928984369,31439,0,5498084,0,7071717,0
474,1785928984379,31815,0,5498061,0,7071839,0
475,1785928984389,32237,0,5498047,0,7071928,0
476,1785928984399,32598,0,5498224,0,7071993,0
477,1785928984409,32881,0,5498268,0,7072074,0
478,1785928984420,33230,0,5498399,0,7072152,0
479,1785928984429,33601,0,5498311,0,7072331,0
480,1785928984442,33947,0,5498267,0,7072329,0
481,1785928984449,34279,0,5498440,0,7072379,0
482,1785928984460,34708,0,5498456,0,7072581,0
483,1785928984469,35207,0,5498497,0,7072515,0
484,1785928984480,35639,0,5498564,0,7072706,0
485,1785928984489,36066,0,5498532,0,7072740,0
486,1785928984501,36619,0,5498613,0,7072900,0
487,1785928984509,36910,0,5498747,0,7072786,0
488,1785928984519,37313,0,5498726,0,7072839,0
489,1785928984529,37800,0,5498545,0,7072933,0
490,1785928984540,38085,0,5498549,0,7072720,0
491,1785928984550,38192,0,5498507,0,7072534,0
492,1785928984565,38188,0,5498394,0,7072300,0
493,1785928984569,37919,0,5498180,0,7071936,0
494,1785928984580,37403,0,5498065,0,7071635,0
495,1785928984589,36809,0,5497974,0,7071392,0
496,1785928984601,35868,0,5497979,0,7071094,0
497,1785928984614,34919,0,5497855,0,7070940,0
498,1785928984620,33886,0,5498016,0,7070755,0
499,1785928984629,32908,0,5498084,0,7070687,0
500,1785928984639,31793,0,5497930,0,7070411,0
501,1785928984650,30944,0,5498094,0,7070398,0
502,1785928984660,29983,0,5498141,0,7070421,0
503,1785928984669,29075,0,5498136,0,7070381,0
504,1785928984680,28423,0,5498272,0,7070385,0
505,1785928984689,27778,0,5498229,0,7070459,0
506,1785928984700,27241,0,5498580,0,7070567,0
507,1785928984709,26848,0,5498717,0,7070736,0
508,1785928984720,26454,0,5498768,0,7070866,0
509,1785928984730,26160,0,5498910,0,7071094,0
510,1785928984741,25971,0,5499159,0,7071226,0
511,1785928984749,25864,0,5499416,0,7071428,0
512,1785928984763,25590,0,5499476,0,7071629,0
513,1785928984769,25573,0,5499800,0,7071612,0
514,1785928984781,25422,0,5499791,0,7071880,0
515,1785928984790,25467,0,5499787,0,7071831,0
516,1785928984800,25623,0,5499751,0,7071929,0
517,1785928984810,25569,0,5499593,0,7071864,0
518,1785928984820,25515,0,5499477,0,7071631,0
519,1785928984830,25539,0,5499337,0,7071508,0
520,1785928984840,25628,0,5499139,0,7071278,0
521,1785928984852,25560,0,5499127,0,7071327,0
522,1785928984861,25526,0,5498990,0,7071259,0
523,1785928984870,25494,0,5499014,0,7071269,0
524,1785928984881,25504,0,5499039,0,7071123,0
525,1785928984890,25520,0,5498987,0,7071095,0
526,1785928984901,25293,0,5498925,0,7071092,0
527,1785928984910,25281,0,5498894,0,7071038,0
528,1785928984922,25236,0,5499056,0,7070887,0
529,1785928984930,24987,0,5498943,0,7070709,0
530,1785928984941,24932,0,5498939,0,7070755,0
531,1785928984950,24804,0,5499020,0,7070870,0
532,1785928984961,24616,0,5499007,0,7070878,0
533,1785928984970,24678,0,5499102,0,7070923,0
534,1785928984981,24592,0,5499144,0,7071027,0
535,1785928984990,24456,0,5499133,0,7070930,0
536,1785928985000,24363,0,5499192,0,7070828,0
537,1785928985010,24318,0,5499111,0,7070970,0
538,1785928985021,24325,0,5499022,0,7070937,0
539,1785928985030,24480,0,5499051,0,7070808,0
540,1785928985040,24507,0,5499007,0,7070911,0
541,1785928985050,24563,0,5498871,0,7070831,0
542,1785928985061,24676,0,5498990,0,7070780,0
543,1785928985070,24767,0,5498885,0,7070829,0
544,1785928985083,24974,0,5498850,0,7070820,0
545,1785928985090,25146,0,5498776,0,7070811,0
546,1785928985102,25280,0,5498705,0,7070730,0
547,1785928985110,25343,0,5498656,0,7070750,0
548,1785928985120,25765,0,5498564,0,7070675,0
549,1785928985130,25809,0,5498484,0,7070621,0
550,1785928985141,26079,0,5498258,0,7070546,0
551,1785928985152,26137,0,5498147,0,7070310,0
552,1785928985161,26449,0,5497945,0,7070207,0
553,1785928985171,26626,0,5497735,0,7069947,0
554,1785928985181,26884,0,5497609,0,7069895,0
555,1785928985190,27164,0,5497490,0,7069844,0
556,1785928985201,27502,0,5497577,0,7069983,0
557,1785928985210,27736,0,5497618,0,7069745,0
558,1785928985221,27892,0,5497548,0,7069822,0
559,1785928985230,27951,0,5497581,0,7069580,0
560,1785928985244,27674,0,5497319,0,7069300,0
561,1785928985250,27390,0,5497074,0,7069046,0
562,1785928985261,26586,0,5496981,0,7068696,0
563,1785928985270,25565,0,5496863,0,7068505,0
564,1785928985280,24768,0,5496723,0,7068039,0
565,1785928985290,23703,0,5496743,0,7067996,0
566,1785928985302,22573,0,5496806,0,7067758,0
567,1785928985315,21348,0,5496846,0,7067697,0
568,1785928985321,20427,0,5497029,0,7067763,0
569,1785928985332,19304,0,5497026,0,7067651,0
570,1785928985341,18292,0,5497167,0,7067700,0
571,1785928985350,17425,0,5497349,0,7067917,0
572,1785928985361,16607,0,5497524,0,7068091,0
573,1785928985370,15898,0,5497571,0,7068134,0
574,1785928985382,15499,0,5497710,0,7068195,0
575,1785928985393,14872,0,5497810,0,7068129,0
576,1785928985403,14261,0,5497787,0,7068096,0
577,1785928985410,13983,0,5497821,0,7068048,0
578,1785928985421,13618,0,5497877,0,7068290,0
579,1785928985430,13391,0,5497976,0,7068427,0
580,1785928985441,13115,0,5498006,0,7068682,0
581,1785928985450,12973,0,5498110,0,7068512,0
582,1785928985461,13068,0,5498069,0,7068626,0
583,1785928985470,13009,0,5498157,0,7068835,0
584,1785928985481,12871,0,5498047,0,7068663,0
585,1785928985490,12868,0,5498026,0,7068633,0
586,1785928985501,12951,0,5497915,0,7068584,0
587,1785928985510,12945,0,5497771,0,7068568,0
588,1785928985521,12948,0,5497779,0,7068325,0
589,1785928985531,12823,0,5497508,0,7068220,0
590,1785928985542,12632,0,5497378,0,7068094,0
591,1785928985551,12621,0,5497285,0,7067799,0
592,1785928985563,12474,0,5497218,0,7067881,0
593,1785928985571,12330,0,5497193,0,7067792,0
594,1785928985581,12063,0,5497085,0,7067758,0
595,1785928985591,11967,0,5497094,0,7067577,0
596,1785928985601,11713,0,5497089,0,7067540,0
597,1785928985611,11578,0,5496991,0,7067456,0
598,1785928985621,11404,0,5496981,0,7067420,0
599,1785928985631,11061,0,5496762,0,7067258,0
600,1785928985641,11016,0,5496692,0,7067280,0
601,1785928985651,10845,0,5496524,0,7066995,0
602,1785928985661,10602,0,5496473,0,7067031,0
603,1785928985671,10525,0,5496336,0,7066887,0
604,1785928985681,10351,0,5496183,0,7066619,0
605,1785928985691,10394,0,5496122,0,7066532,0
606,1785928985702,10311,0,5495940,0,7066483,0
607,1785928985712,10419,0,5495965,0,7066577,0
608,1785928985729,10352,0,5495833,0,7066373,0
609,1785928985733,10422,0,5495788,0,7066384,0
610,1785928985748,10546,0,5495835,0,7066537,0
611,1785928985751,10684,0,5495730,0,7066666,0
612,1785928985763,10734,0,5495670,0,7066439,0
613,1785928985771,10732,0,5495483,0,7066419,0
614,1785928985781,11092,0,5495454,0,7066357,0
615,1785928985791,11009,0,5495334,0,7066177,0
616,1785928985801,11332,0,5495237,0,7066239,0
617,1785928985811,11434,0,5495335,0,7066305,0
618,1785928985821,11750,0,5495203,0,7066367,0
619,1785928985831,11997,0,5495131,0,7066103,0
620,1785928985841,12229,0,5494962,0,7066144,0
621,1785928985851,12463,0,5494999,0,7066036,0
622,1785928985862,12570,0,5494917,0,7065989,0
623,1785928985871,12808,0,5494770,0,7065822,0
624,1785928985883,12933,0,5494609,0,7065451,0
625,1785928985891,12718,0,5494522,0,7065361,0
626,1785928985901,12263,0,5494496,0,7065166,0
627,1785928985911,11508,0,5494373,0,7064728,0
628,1785928985922,10619,0,5494165,0,7064551,0
629,1785928985932,9602,0,5494119,0,7064234,0
630,1785928985941,8230,0,5493812,0,7063839,0
631,1785928985951,7089,0,5493798,0,7063488,0
632,1785928985962,5794,0,5493609,0,7063313,0
633,1785928985971,4360,0,5493655,0,7063235,0
634,1785928985982,3245,0,5493518,0,7062941,0
635,1785928985991,1924,0,5493502,0,7062786,0
636,1785928986002,742,0,5493356,0,7062554,0
637,1785928986011,-238,0,5493276,0,7062551,0
638,1785928986023,-1326,0,5493220,0,7062392,0
639,1785928986031,-2177,0,5493356,0,7062329,0
640,1785928986044,-3018,0,5493383,0,7062392,0
641,1785928986051,-3446,0,5493603,0,7062372,0
642,1785928986062,-4111,0,5493585,0,7062618,0
643,1785928986071,-4743,0,5493676,0,7062699,0
644,1785928986081,-5149,0,5493830,0,7062997,0
645,1785928986091,-5426,0,5493744,0,7062935,0
646,1785928986102,-5766,0,5493908,0,7063073,0
647,1785928986112,-5819,0,5493886,0,7063068,0
648,1785928986122,-6163,0,5493944,0,7063011,0
649,1785928986133,-6380,0,5493933,0,7063071,0
650,1785928986142,-6431,0,5493843,0,7063062,0
651,1785928986152,-6530,0,5493801,0,7063087,0
652,1785928986162,-6604,0,5493688,0,7062894,0
653,1785928986172,-6702,0,5493532,0,7062865,0
654,1785928986183,-6825,0,5493294,0,7062651,0
655,1785928986192,-7048,0,5493175,0,7062428,0
656,1785928986203,-7219,0,5493104,0,7062241,0
657,1785928986212,-7344,0,5492828,0,7062268,0
658,1785928986222,-7354,0,5492794,0,7062094,0
659,1785928986232,-7710,0,5492750,0,7062084,0
660,1785928986242,-7905,0,5492755,0,7062114,0
661,1785928986252,-8118,0,5492582,0,7061918,0
662,1785928986263,-8426,0,5492625,0,7061837,0
663,1785928986272,-8527,0,5492562,0,7061774,0
664,1785928986282,-8814,0,5492442,0,7061581,0
665,1785928986292,-9072,0,5492265,0,7061456,0
666,1785928986302,-9381,0,5492131,0,7061193,0
667,1785928986312,-9435,0,5491987,0,7061196,0
668,1785928986322,-9593,0,5492056,0,7061135,0
669,1785928986332,-9625,0,5491976,0,7061173,0
670,1785928986343,-9594,0,5492089,0,7061304,0
671,1785928986353,-9699,0,5492134,0,7061240,0
672,1785928986365,-9706,0,5492211,0,7061457,0
673,1785928986372,-9715,0,5492104,0,7061464,0
674,1785928986383,-9696,0,5492036,0,7061389,0
675,1785928986392,-9588,0,5492229,0,7061481,0
676,1785928986408,-9392,0,5492032,0,7061422,0
677,1785928986413,-9381,0,5492109,0,7061506,0
678,1785928986423,-9221,0,5492106,0,7061477,0
679,1785928986433,-9006,0,5492157,0,7061550,0
680,1785928986443,-8730,0,5492170,0,7061612,0
681,1785928986452,-8616,0,5492137,0,7061619,0
682,1785928986463,-8341,0,5492271,0,7061910,0
683,1785928986472,-8037,0,5492354,0,7062081,0
684,1785928986483,-7823,0,5492183,0,7061867,0
685,1785928986493,-7467,0,5492180,0,7062013,0
686,1785928986504,-7230,0,5492106,0,7061818,0
687,1785928986513,-6934,0,5492002,0,7061818,0
688,1785928986525,-6838,0,5491941,0,7061605,0
689,1785928986533,-6444,0,5491818,0,7061543,0
690,1785928986543,-6302,0,5491595,0,7061297,0
691,1785928986553,-6057,0,5491501,0,7061053,0
692,1785928986563,-6359,0,5491388,0,7060674,0
693,1785928986573,-6885,0,5491201,0,7060492,0
694,1785928986583,-7638,0,5491042,0,7060167,0
695,1785928986593,-8591,0,5490850,0,7059719,0
696,1785928986603,-9838,0,5490883,0,7059460,0
697,1785928986613,-11212,0,5490735,0,7059099,0
698,1785928986623,-12586,0,5490702,0,7058913,0
699,1785928986633,-14058,0,5490539,0,7058588,0
700,1785928986643,-15390,0,5490510,0,7058487,0
701,1785928986653,-16910,0,5490577,0,7058279,0
702,1785928986664,-18387,0,5490442,0,7058094,0
703,1785928986673,-19611,0,5490423,0,7057932,0
704,1785928986685,-20715,0,5490462,0,7057942,0
705,1785928986693,-21848,0,5490285,0,7057788,0
706,1785928986703,-22899,0,5490324,0,7057698,0
707,1785928986713,-23851,0,5490301,0,7057664,0
708,1785928986723,-24706,0,5490310,0,7057571,0
709,1785928986733,-25526,0,5490270,0,7057540,0
710,1785928986744,-26195,0,5490300,0,7057596,0
711,1785928986753,-26802,0,5490285,0,7057559,0
712,1785928986764,-27367,0,5490280,0,7057551,0
713,1785928986773,-27814,0,5490174,0,7057434,0
714,1785928986784,-28368,0,5490010,0,7057310,0
715,1785928986793,-28746,0,5489900,0,7057240,0
716,1785928986803,-29043,0,5489948,0,7057098,0
717,1785928986813,-29279,0,5489805,0,7057106,0
718,1785928986824,-29576,0,5489692,0,7056723,0
719,1785928986833,-29805,0,5489558,0,7056906,0
720,1785928986845,-29875,0,5489329,0,7056637,0
721,1785928986853,-30117,0,5489179,0,7056573,0
722,1785928986864,-30296,0,5489194,0,7056450,0
723,1785928986873,-30467,0,5489016,0,7056387,0
724,1785928986884,-30609,0,5488960,0,7056127,0
725,1785928986893,-30794,0,5489050,0,7056247,0
726,1785928986904,-31058,0,5488912,0,7056031,0
727,1785928986913,-31190,0,5489126,0,7056196,0
728,1785928986924,-31420,0,5489187,0,7056298,0
729,1785928986933,-31403,0,5489282,0,7056365,0
730,1785928986945,-31512,0,5489336,0,7056397,0
731,1785928986953,-31777,0,5489433,0,7056510,0
732,1785928986964,-32020,0,5489589,0,7056509,0
733,1785928986974,-32073,0,5489518,0,7056701,0
734,1785928986984,-32128,0,5489774,0,7056680,0
735,1785928986993,-32320,0,5489838,0,7056839,0
736,1785928987006,-32413,0,5489829,0,7056742,0
737,1785928987013,-32432,0,5489975,0,7056924,0
738,1785928987024,-32474,0,5490033,0,7056944,0
739,1785928987033,-32342,0,5490133,0,7057341,0
740,1785928987044,-32364,0,5490220,0,7057320,0
741,1785928987054,-32312,0,5490264,0,7057312,0
742,1785928987064,-32128,0,5490273,0,7057333,0
743,1785928987074,-32122,0,5490217,0,7057387,0
744,1785928987084,-31964,0,5490053,0,7057251,0
745,1785928987094,-31849,0,5489931,0,7057102,0
746,1785928987105,-31772,0,5489780,0,7057028,0
747,1785928987114,-31494,0,5489816,0,7057072,0
748,1785928987125,-31174,0,5489629,0,7056837,0
749,1785928987134,-30969,0,5489433,0,7056753,0
750,1785928987145,-30714,0,5489507,0,7056784,0
751,1785928987154,-30404,0,5489312,0,7056891,0
752,1785928987166,-30173,0,5489270,0,7056514,0
753,1785928987174,-29852,0,5489141,0,7056625,0
754,1785928987184,-29603,0,5489020,0,7056452,0
755,1785928987194,-29083,0,5489019,0,7056439,0
756,1785928987204,-28755,0,5489078,0,7056500,0
757,1785928987214,-28250,0,5489176,0,7056643,0
758,1785928987224,-28038,0,5489178,0,7056685,0
759,1785928987234,-27568,0,5489156,0,7056722,0
760,1785928987245,-27029,0,5489232,0,7056768,0
761,1785928987259,-26772,0,5489111,0,7056690,0
762,1785928987266,-26474,0,5488856,0,7056513,0
763,1785928987274,-26079,0,5488622,0,7056153,0
764,1785928987284,-25836,0,5488449,0,7056065,0
765,1785928987294,-25809,0,5488149,0,7055495,0
766,1785928987305,-26043,0,5487809,0,7054979,0
767,1785928987314,-26564,0,5487577,0,7054585,0
768,1785928987327,-27410,0,5487113,0,7053798,0
769,1785928987334,-28415,0,5486947,0,7053528,0
770,1785928987344,-29680,0,5486642,0,7052923,0
771,1785928987354,-31019,0,5486375,0,7052673,0
772,1785928987365,-32617,0,5486164,0,7052219,0
773,1785928987374,-33952,0,5486072,0,7051864,0
774,1785928987385,-35323,0,5486040,0,7051750,0
775,1785928987396,-36628,0,5485950,0,7051418,0
776,1785928987406,-37982,0,5485907,0,7051151,0
777,1785928987414,-39168,0,5485825,0,7051007,0
778,1785928987425,-40232,0,5485759,0,7050882,0
779,1785928987434,-41197,0,5485744,0,7050789,0
780,1785928987444,-42116,0,5485592,0,7050721,0
781,1785928987454,-42927,0,5485648,0,7050516,0
782,1785928987466,-43545,0,5485483,0,7050400,0
783,1785928987475,-44097,0,5485371,0,7050241,0
784,1785928987487,-44744,0,5485295,0,7050077,0
785,1785928987494,-45258,0,5485107,0,7049813,0
786,1785928987505,-45755,0,5485123,0,7049777,0
787,1785928987514,-46057,0,5485185,0,7049914,0
788,1785928987525,-46285,0,5485258,0,7049879,0
789,1785928987534,-46453,0,5485371,0,7050121,0
790,1785928987546,-46816,0,5485164,0,7049945,0
791,1785928987555,-46871,0,5485075,0,7049924,0
792,1785928987565,-46947,0,5484677,0,7049644,0
793,1785928987575,-47255,0,5484434,0,7049278,0
794,1785928987585,-47305,0,5484171,0,7048924,0
795,1785928987595,-47294,0,5483883,0,7048718,0
796,1785928987605,-47544,0,5483804,0,7048659,0
797,1785928987615,-47576,0,5483754,0,7048410,0
798,1785928987626,-47627,0,5483804,0,7048525,0
799,1785928987635,-47715,0,5484029,0,7048699,0
800,1785928987648,-47601,0,5484124,0,7048792,0
801,1785928987655,-47676,0,5484288,0,7048915,0
802,1785928987666,-47637,0,5484357,0,7048827,0
803,1785928987675,-47756,0,5484681,0,7049172,0
804,1785928987685,-47870,0,5484664,0,7049351,0
805,1785928987695,-48024,0,5484884,0,7049386,0
806,1785928987705,-48035,0,5484828,0,7049324,0
807,1785928987715,-48137,0,5484865,0,7049328,0
808,1785928987725,-48289,0,5485041,0,7049434,0
809,1785928987735,-48201,0,5484931,0,7049288,0
810,1785928987745,-48174,0,5484840,0,7049319,0
811,1785928987755,-48248,0,5484678,0,7049117,0
812,1785928987765,-48328,0,5484723,0,7049119,0
813,1785928987775,-48201,0,5484597,0,7049087,0
814,1785928987786,-48240,0,5484487,0,7048969,0
815,1785928987795,-47986,0,5484563,0,7049088,0
816,1785928987807,-47827,0,5484648,0,7049149,0
817,1785928987815,-47547,0,5484771,0,7049243,0
818,1785928987826,-47299,0,5484915,0,7049270,0
819,1785928987835,-46957,0,5485125,0,7049672,0
820,1785928987845,-46677,0,5485372,0,7049853,0
821,1785928987855,-46345,0,5485548,0,7049980,0
822,1785928987866,-45883,0,5485691,0,7050037,0
823,1785928987875,-45461,0,5485644,0,7050280,0
824,1785928987885,-45145,0,5485712,0,7050413,0
825,1785928987895,-44864,0,5485633,0,7050252,0
826,1785928987906,-44393,0,5485650,0,7050137,0
827,1785928987915,-43819,0,5485663,0,7050314,0
828,1785928987926,-43329,0,5485779,0,7050389,0
829,1785928987935,-42861,0,5485808,0,7050349,0
830,1785928987946,-42526,0,5485863,0,7050327,0
831,1785928987956,-41946,0,5485811,0,7050406,0
832,1785928987969,-41555,0,5485780,0,7050514,0
833,1785928987976,-41041,0,5485764,0,7050423,0
834,1785928987986,-40574,0,5485908,0,7050499,0
835,1785928987995,-40077,0,5485871,0,7050492,0
836,1785928988006,-39540,0,5485957,0,7050587,0
837,1785928988015,-38871,0,5486366,0,7050880,0
838,1785928988026,-38286,0,5486887,0,7051497,0
839,1785928988036,-37465,0,5487300,0,7052072,0
840,1785928988046,-36881,0,5487871,0,7052616,0
841,1785928988056,-36092,0,5488270,0,7053193,0
842,1785928988066,-35479,0,5488487,0,7053316,0
843,1785928988075,-34933,0,5488556,0,7053400,0
844,1785928988086,-34438,0,5488383,0,7053314,0
845,1785928988096,-33966,0,5487975,0,7052784,0
846,1785928988108,-33634,0,5487492,0,7052321,0
847,1785928988116,-33422,0,5486948,0,7051688,0
848,1785928988129,-33451,0,5486557,0,7050789,0
849,1785928988136,-33829,0,5486250,0,7050119,0
850,1785928988146,-34396,0,5485907,0,7049772,0
851,1785928988156,-35204,0,5485581,0,7049264,0
852,1785928988166,-36261,0,5485349,0,7048858,0
853,1785928988176,-37391,0,5485061,0,7048391,0
854,1785928988186,-38669,0,5484994,0,7048011,0
855,1785928988196,-40009,0,5484994,0,7047832,0
856,1785928988207,-41132,0,5484939,0,7047796,0
857,1785928988216,-42369,0,5484967,0,7047522,0
858,1785928988226,-43388,0,5485041,0,7047560,0
859,1785928988236,-44433,0,5484899,0,7047338,0
860,1785928988246,-45318,0,5484963,0,7047152,0
861,1785928988256,-46108,0,5484996,0,7047082,0
862,1785928988268,-46811,0,5485217,0,7047341,0
863,1785928988276,-47330,0,5485367,0,7047313,0
864,1785928988289,-47856,0,5485527,0,7047541,0
865,1785928988296,-48320,0,5485560,0,7047572,0
866,1785928988307,-48633,0,5485452,0,7047721,0
867,1785928988316,-48998,0,5485459,0,7047688,0
868,1785928988327,-49272,0,5485401,0,7047556,0
869,1785928988336,-49755,0,5485286,0,7047505,0
870,1785928988347,-49783,0,5485247,0,7047606,0
871,1785928988356,-49898,0,5484928,0,7047321,0
872,1785928988367,-50190,0,5484753,0,7047194,0
873,1785928988376,-50241,0,5484489,0,7047004,0
874,1785928988387,-50281,0,5484068,0,7046471,0
875,1785928988396,-50411,0,5483855,0,7046328,0
876,1785928988407,-50504,0,5483717,0,7046002,0
877,1785928988419,-50380,0,5483486,0,7045947,0
878,1785928988427,-50264,0,5483413,0,7045917,0
879,1785928988437,-50388,0,5483159,0,7045599,0
880,1785928988449,-50417,0,5482758,0,7045121,0
881,1785928988457,-50559,0,5482291,0,7044616,0
882,1785928988467,-50482,0,5481931,0,7044279,0
883,1785928988477,-50726,0,5481568,0,7043978,0
884,1785928988487,-50843,0,5481323,0,7043500,0
885,1785928988497,-50904,0,5480924,0,7043113,0
886,1785928988507,-50982,0,5480604,0,7042731,0
887,1785928988517,-51094,0,5480381,0,7042382,0
888,1785928988527,-51221,0,5480356,0,7042219,0
889,1785928988537,-51057,0,5480660,0,7042375,0
890,1785928988547,-51045,0,5480649,0,7042655,0
891,1785928988557,-50846,0,5480942,0,7042800,0
892,1785928988567,-50755,0,5480906,0,7042883,0
893,1785928988577,-50772,0,5481011,0,7042855,0
894,1785928988588,-50513,0,5480992,0,7042823,0
895,1785928988597,-50369,0,5481095,0,7042953,0
896,1785928988610,-50166,0,5481317,0,7043094,0
897,1785928988617,-49715,0,5481720,0,7043508,0
898,1785928988627,-49473,0,5482107,0,7043655,0
899,1785928988637,-49085,0,5482336,0,7044279,0
900,1785928988647,-48564,0,5482868,0,7044579,0
901,1785928988657,-48067,0,5483363,0,7044951,0
902,1785928988668,-47703,0,5483655,0,7045376,0
903,1785928988677,-47144,0,5483940,0,7045654,0
904,1785928988687,-46656,0,5484145,0,7046007,0
905,1785928988697,-46102,0,5484245,0,7046219,0
906,1785928988707,-45466,0,5484554,0,7046401,0
907,1785928988717,-45022,0,5484558,0,7046564,0
908,1785928988727,-44467,0,5484654,0,7046613,0
909,1785928988737,-43998,0,5484895,0,7046844,0
910,1785928988748,-43266,0,5485142,0,7046984,0
911,1785928988757,-42788,0,5485404,0,7047403,0
912,1785928988770,-42320,0,5485750,0,7047699,0
913,1785928988777,-41708,0,5486010,0,7048047,0
914,1785928988788,-40977,0,5486413,0,7048535,0
915,1785928988797,-40361,0,5486866,0,7048919,0
916,1785928988808,-39649,0,5487259,0,7049335,0
917,1785928988817,-39068,0,5487642,0,7049798,0
918,1785928988828,-38384,0,5487835,0,7050200,0
919,1785928988837,-37754,0,5487833,0,7050199,0
920,1785928988848,-37200,0,5487911,0,7050239,0
921,1785928988857,-36657,0,5487984,0,7050359,0
922,1785928988869,-36167,0,5487895,0,7050523,0
923,1785928988878,-35662,0,5487926,0,7050415,0
924,1785928988888,-35030,0,5487755,0,7050392,0
925,1785928988898,-34491,0,5487781,0,7050444,0
926,1785928988909,-33941,0,5487736,0,7050444,0
927,1785928988918,-33265,0,5487917,0,7050496,0
928,1785928988931,-32742,0,5487777,0,7050750,0
929,1785928988938,-32268,0,5487937,0,7050938,0
930,1785928988948,-31554,0,5487985,0,7051077,0
931,1785928988960,-30978,0,5488222,0,7051203,0
932,1785928988968,-30376,0,5488341,0,7051622,0
933,1785928988978,-29680,0,5488668,0,7051859,0
934,1785928988988,-29105,0,5488879,0,7052164,0
935,1785928988998,-28632,0,5489193,0,7052348,0
936,1785928989009,-28127,0,5489426,0,7052445,0
937,1785928989018,-28046,0,5489581,0,7052542,0
938,1785928989028,-28113,0,5489887,0,7052547,0
939,1785928989038,-28381,0,5489981,0,7052416,0
940,1785928989048,-29053,0,5490032,0,7052243,0
941,1785928989058,-29683,0,5490050,0,7051896,0
942,1785928989070,-30596,0,5490017,0,7051770,0
943,1785928989078,-31415,0,5490167,0,7051815,0
944,1785928989090,-32347,0,5490453,0,7051756,0
945,1785928989098,-33152,0,5490603,0,7051995,0
946,1785928989109,-34036,0,5490825,0,7051933,0
947,1785928989118,-34744,0,5490976,0,7052257,0
948,1785928989128,-35408,0,5491146,0,7052321,0
949,1785928989138,-35915,0,5491116,0,7052215,0
950,1785928989149,-36303,0,5491059,0,7052213,0
951,1785928989158,-36779,0,5491097,0,7052229,0
952,1785928989169,-37156,0,5491035,0,7052077,0
953,1785928989178,-37331,0,5490980,0,7051925,0
954,1785928989189,-37364,0,5491100,0,7051972,0
955,1785928989198,-37461,0,5491082,0,7052210,0
956,1785928989208,-37463,0,5491214,0,7052169,0
957,1785928989218,-37387,0,5491566,0,7052424,0
958,1785928989229,-37283,0,5491724,0,7052946,0
959,1785928989238,-37208,0,5492039,0,7053404,0
960,1785928989252,-36844,0,5492495,0,7053807,0
961,1785928989258,-36605,0,5492866,0,7054287,0
962,1785928989269,-36204,0,5493092,0,7054719,0
963,1785928989279,-36009,0,5493349,0,7054979,0
964,1785928989289,-35701,0,5493539,0,7055222,0
965,1785928989299,-35390,0,5493572,0,7055433,0
966,1785928989309,-35121,0,5493744,0,7055528,0
967,1785928989319,-34828,0,5493835,0,7055608,0
968,1785928989329,-34556,0,5494256,0,7056022,0
969,1785928989339,-34271,0,5494581,0,7056495,0
970,1785928989349,-34138,0,5494832,0,7056899,0
971,1785928989359,-33950,0,5495337,0,7057360,0
972,1785928989369,-33665,0,5495776,0,7057939,0
973,1785928989379,-33469,0,5495899,0,7058155,0
974,1785928989390,-33435,0,5495991,0,7058110,0
975,1785928989399,-33185,0,5495762,0,7058138,0
976,1785928989411,-33246,0,5495765,0,7058031,0
977,1785928989419,-33160,0,5495938,0,7058261,0
978,1785928989430,-32866,0,5496160,0,7058434,0
979,1785928989439,-32830,0,5496329,0,7058758,0
980,1785928989449,-32764,0,5496564,0,7058942,0
981,1785928989459,-32469,0,5496416,0,7058884,0
982,1785928989470,-32307,0,5496274,0,7058819,0
983,1785928989480,-32178,0,5496215,0,7058585,0
984,1785928989489,-31902,0,5495859,0,7058386,0
985,1785928989505,-31673,0,5495874,0,7058331,0
986,1785928989509,-31429,0,5495660,0,7057929,0
987,1785928989521,-31121,0,5495467,0,7057781,0
988,1785928989529,-30738,0,5495582,0,7057865,0
989,1785928989539,-30367,0,5495576,0,7058082,0
990,1785928989551,-30025,0,5495705,0,7058121,0
991,1785928989559,-29501,0,5495677,0,7058368,0
992,1785928989573,-28957,0,5495908,0,7058565,0
993,1785928989580,-28654,0,5495996,0,7058714,0
994,1785928989591,-28128,0,5496066,0,7058738,0
995,1785928989599,-27715,0,5496049,0,7058939,0
996,1785928989610,-27120,0,5496130,0,7059020,0
997,1785928989619,-26561,0,5496195,0,7058920,0
998,1785928989630,-26198,0,5496235,0,7059223,0
999,1785928989639,-25671,0,5496271,0,7059204,0
1000,1785928989650,-25080,0,5496342,0,7059329,0
1001,1785928989659,-24579,0,5496332,0,7059258,0
1002,1785928989671,-24025,0,5496230,0,7059294,0
1003,1785928989680,-23418,0,5496000,0,7059266,0
1004,1785928989690,-22962,0,5495835,0,7059042,0
1005,1785928989700,-22431,0,5495877,0,7058907,0
1006,1785928989711,-21963,0,5495672,0,7058868,0
1007,1785928989720,-21325,0,5495845,0,7058917,0
1008,1785928989732,-20794,0,5495800,0,7058922,0
1009,1785928989740,-20187,0,5495772,0,7058898,0
1010,1785928989750,-19887,0,5495996,0,7059023,0
1011,1785928989760,-19783,0,5495926,0,7058923,0
1012,1785928989771,-19922,0,5496003,0,7058702,0
1013,1785928989780,-20175,0,5496232,0,7058709,0
1014,1785928989791,-20811,0,5496245,0,7058618,0
1015,1785928989800,-21298,0,5496359,0,7058637,0
1016,1785928989810,-22174,0,5496493,0,7058529,0
1017,1785928989820,-23055,0,5496696,0,7058487,0
1018,1785928989830,-24020,0,5496693,0,7058481,0
1019,1785928989840,-24779,0,5496849,0,7058638,0
1020,1785928989851,-25712,0,5496914,0,7058546,0
1021,1785928989860,-26451,0,5497014,0,7058509,0
1022,1785928989872,-27047,0,5497086,0,7058448,0
1023,1785928989880,-27748,0,5497005,0,7058521,0
1024,1785928989893,-28229,0,5497139,0,7058485,0
1025,1785928989901,-28554,0,5497358,0,7058640,0
1026,1785928989911,-28892,0,5497558,0,7058976,0
1027,1785928989921,-29016,0,5497795,0,7059245,0
1028,1785928989931,-29243,0,5498105,0,7059759,0
1029,1785928989941,-29276,0,5498392,0,7060045,0
1030,1785928989951,-29289,0,5498646,0,7060480,0
1031,1785928989961,-29081,0,5498992,0,7060848,0
1032,1785928989971,-29014,0,5499174,0,7061259,0
1033,1785928989981,-28862,0,5499483,0,7061445,0
1034,1785928989991,-28433,0,5500075,0,7062096,0
1035,1785928990001,-28051,0,5500231,0,7062355,0
1036,1785928990011,-27734,0,5500421,0,7062579,0
1037,1785928990021,-27497,0,5500616,0,7062789,0
1038,1785928990032,-27172,0,5500659,0,7062926,0
1039,1785928990041,-26924,0,5500689,0,7063085,0
1040,1785928990052,-26763,0,5500988,0,7063307,0
1041,1785928990061,-26576,0,5500833,0,7063284,0
1042,1785928990072,-26186,0,5501069,0,7063418,0
1043,1785928990081,-26063,0,5501200,0,7063362,0
1044,1785928990091,-25835,0,5501265,0,7063409,0
1045,1785928990101,-25696,0,5500970,0,7063412,0
1046,1785928990111,-25658,0,5500952,0,7063301,0
1047,1785928990121,-25359,0,5500802,0,7063117,0
1048,1785928990131,-25325,0,5500643,0,7062965,0
1049,1785928990141,-25227,0,5500615,0,7063105,0
1050,1785928990151,-25192,0,5500520,0,7062837,0
1051,1785928990161,-25021,0,5500298,0,7062341,0
1052,1785928990171,-25043,0,5500083,0,7062351,0
1053,1785928990181,-24715,0,5500006,0,7062146,0
1054,1785928990192,-24623,0,5499758,0,7061884,0
1055,1785928990201,-24323,0,5499616,0,7061823,0
1056,1785928990213,-23945,0,5499593,0,7061647,0
1057,1785928990221,-23806,0,5499545,0,7061791,0
1058,1785928990231,-23521,0,5499477,0,7061731,0
1059,1785928990241,-23305,0,5499447,0,7061692,0
1060,1785928990251,-22932,0,5499519,0,7061802,0
1061,1785928990261,-22674,0,5499479,0,7061831,0
1062,1785928990271,-22123,0,5499540,0,7061983,0
1063,1785928990281,-21701,0,5499700,0,7062032,0
1064,1785928990291,-21167,0,5499738,0,7062208,0
1065,1785928990301,-20864,0,5499648,0,7062163,0
1066,1785928990311,-20284,0,5499779,0,7062299,0
1067,1785928990321,-19788,0,5499938,0,7062357,0
1068,1785928990331,-19429,0,5499997,0,7062589,0
1069,1785928990341,-18765,0,5500123,0,7062901,0
1070,1785928990352,-18247,0,5500195,0,7062886,0
1071,1785928990361,-17682,0,5500410,0,7063180,0
1072,1785928990373,-17060,0,5500493,0,7063355,0
1073,1785928990381,-16568,0,5500616,0,7063363,0
1074,1785928990393,-16010,0,5500697,0,7063652,0
1075,1785928990403,-15497,0,5500850,0,7063731,0
1076,1785928990413,-15035,0,5500784,0,7063866,0
1077,1785928990421,-14568,0,5500795,0,7063756,0
1078,1785928990431,-14420,0,5500703,0,7063527,0
1079,1785928990441,-14468,0,5500620,0,7063280,0
1080,1785928990451,-14695,0,5500581,0,7062993,0
1081,1785928990461,-15307,0,5500533,0,7062681,0
1082,1785928990472,-16017,0,5500627,0,7062439,0
1083,1785928990481,-16912,0,5500495,0,7062342,0
1084,1785928990491,-17695,0,5500598,0,7062151,0
1085,1785928990501,-18832,0,5500583,0,7062136,0
1086,1785928990512,-19839,0,5500780,0,7062000,0
1087,1785928990521,-20657,0,5500644,0,7061925,0
1088,1785928990534,-21506,0,5500646,0,7061747,0
1089,1785928990541,-22392,0,5500663,0,7061772,0
1090,1785928990553,-23170,0,5500684,0,7061633,0
1091,1785928990561,-23841,0,5500783,0,7061649,0
1092,1785928990571,-24503,0,5500891,0,7061866,0
1093,1785928990581,-24881,0,5501004,0,7061942,0
1094,1785928990591,-25224,0,5501075,0,7061993,0
1095,1785928990601,-25579,0,5501091,0,7062116,0
1096,1785928990611,-25830,0,5501180,0,7062300,0
1097,1785928990621,-26028,0,5501101,0,7062306,0
1098,1785928990631,-26320,0,5501152,0,7062204,0
1099,1785928990641,-26319,0,5501240,0,7062302,0
1100,1785928990651,-26412,0,5501056,0,7062352,0
1101,1785928990661,-26508,0,5501156,0,7062232,0
1102,1785928990673,-26345,0,5501077,0,7062169,0
1103,1785928990681,-26261,0,5501044,0,7062177,0
1104,1785928990693,-26107,0,5501023,0,7062234,0
1105,1785928990701,-25989,0,5500921,0,7061956,0
1106,1785928990711,-25749,0,5500722,0,7061866,0
1107,1785928990721,-25561,0,5500632,0,7061774,0
1108,1785928990731,-25474,0,5500631,0,7061746,0
1109,1785928990741,-25174,0,5500629,0,7061641,0
1110,1785928990752,-24919,0,5500567,0,7061549,0
1111,1785928990761,-24889,0,5500426,0,7061708,0
1112,1785928990772,-24655,0,5500588,0,7061743,0
1113,1785928990781,-24538,0,5500608,0,7061675,0
1114,1785928990792,-24496,0,5500350,0,7061468,0
1115,1785928990803,-24441,0,5500422,0,7061607,0
1116,1785928990812,-24328,0,5500361,0,7061489,0
1117,1785928990821,-24363,0,5500242,0,7061272,0
1118,1785928990833,-24133,0,5500227,0,7061533,0
1119,1785928990841,-24094,0,5500263,0,7061360,0
1120,1785928990854,-24001,0,5500208,0,7061163,0
1121,1785928990862,-23803,0,5500260,0,7061293,0
1122,1785928990872,-23662,0,5500250,0,7061244,0
1123,1785928990882,-23421,0,5500280,0,7061290,0
1124,1785928990894,-23260,0,5500284,0,7061302,0
1125,1785928990903,-22941,0,5500347,0,7061316,0
1126,1785928990912,-22819,0,5500317,0,7061359,0
1127,1785928990921,-22560,0,5500392,0,7061464,0
1128,1785928990933,-22288,0,5500366,0,7061652,0
1129,1785928990941,-21923,0,5500269,0,7061493,0
1130,1785928990952,-21702,0,5500377,0,7061619,0
1131,1785928990962,-21120,0,5500363,0,7061759,0
1132,1785928990972,-20738,0,5500456,0,7061839,0
1133,1785928990981,-20257,0,5500501,0,7061897,0
1134,1785928990993,-19928,0,5500472,0,7061925,0
1135,1785928991001,-19436,0,5500624,0,7062031,0
1136,1785928991014,-19096,0,5500747,0,7062015,0
1137,1785928991022,-18506,0,5500738,0,7062146,0
1138,1785928991032,-18047,0,5500885,0,7062226,0
1139,1785928991042,-17528,0,5500946,0,7062448,0
1140,1785928991052,-16966,0,5501088,0,7062753,0
1141,1785928991062,-16546,0,5501179,0,7062757,0
1142,1785928991072,-15872,0,5501279,0,7062973,0
1143,1785928991082,-15346,0,5501391,0,7063142,0
1144,1785928991092,-14764,0,5501457,0,7063296,0
1145,1785928991102,-14190,0,5501626,0,7063446,0
1146,1785928991114,-13557,0,5501619,0,7063401,0
1147,1785928991122,-13375,0,5501629,0,7063392,0
1148,1785928991132,-12868,0,5501715,0,7063286,0
1149,1785928991142,-12916,0,5501638,0,7063098,0
1150,1785928991153,-13244,0,5501509,0,7062802,0
1151,1785928991162,-13664,0,5501394,0,7062442,0
1152,1785928991175,-14361,0,5501304,0,7062179,0
1153,1785928991182,-15216,0,5501278,0,7061830,0
1154,1785928991192,-16196,0,5501013,0,7061394,0
1155,1785928991202,-17321,0,5500900,0,7061162,0
1156,1785928991213,-18394,0,5500788,0,7060855,0
1157,1785928991222,-19468,0,5500643,0,7060349,0
1158,1785928991233,-20497,0,5500479,0,7060178,0
1159,1785928991242,-21451,0,5500474,0,7060023,0
1160,1785928991252,-22334,0,5500453,0,7060074,0
1161,1785928991262,-23170,0,5500598,0,7059998,0
1162,1785928991273,-23846,0,5500699,0,7060178,0
1163,1785928991282,-24525,0,5500743,0,7060215,0
1164,1785928991293,-25026,0,5500882,0,7060184,0
1165,1785928991302,-25390,0,5501029,0,7060345,0
1166,1785928991314,-25787,0,5501065,0,7060524,0
1167,1785928991322,-26062,0,5500991,0,7060363,0
1168,1785928991334,-26363,0,5500950,0,7060309,0
1169,1785928991343,-26466,0,5500745,0,7060219,0
1170,1785928991353,-26593,0,5500768,0,7060094,0
1171,1785928991362,-26832,0,5500795,0,7060090,0
1172,1785928991373,-26761,0,5500749,0,7060158,0
1173,1785928991383,-26758,0,5500704,0,7060160,0
1174,1785928991393,-26596,0,5500698,0,7060148,0
1175,1785928991409,-26754,0,5500677,0,7060239,0
1176,1785928991413,-26495,0,5500431,0,7060071,0
1177,1785928991427,-26329,0,5500565,0,7059945,0
1178,1785928991433,-26170,0,5500341,0,7059941,0
1179,1785928991443,-26077,0,5500223,0,7059783,0
1180,1785928991453,-25869,0,5500117,0,7059570,0
1181,1785928991463,-25835,0,5500033,0,7059401,0
1182,1785928991474,-25761,0,5500046,0,7059461,0
1183,1785928991483,-25443,0,5500080,0,7059474,0
1184,1785928991496,-25533,0,5499912,0,7059397,0
1185,1785928991504,-25364,0,5499953,0,7059554,0
1186,1785928991513,-25390,0,5499975,0,7059438,0
1187,1785928991524,-25435,0,5499911,0,7059425,0
1188,1785928991533,-25261,0,5500085,0,7059373,0
1189,1785928991543,-25214,0,5500059,0,7059248,0
1190,1785928991553,-25145,0,5499994,0,7059347,0
1191,1785928991563,-25058,0,5500157,0,7059559,0
1192,1785928991574,-24913,0,5500230,0,7059611,0
1193,1785928991583,-24787,0,5500355,0,7059789,0
1194,1785928991593,-24744,0,5500348,0,7059805,0
1195,1785928991603,-24518,0,5500592,0,7059985,0
1196,1785928991613,-24346,0,5500587,0,7059906,0
1197,1785928991623,-24118,0,5500580,0,7060167,0
1198,1785928991634,-23785,0,5500497,0,7060014,0
1199,1785928991643,-23601,0,5500676,0,7059991,0
1200,1785928991655,-23276,0,5500535,0,7060007,0
1201,1785928991663,-22958,0,5500494,0,7060059,0
1202,1785928991677,-22601,0,5500492,0,7060127,0
1203,1785928991683,-22391,0,5500612,0,7060287,0
1204,1785928991693,-21946,0,5500632,0,7060324,0
1205,1785928991703,-21452,0,5500524,0,7060378,0
1206,1785928991714,-21028,0,5500734,0,7060434,0
1207,1785928991723,-20541,0,5500764,0,7060501,0
1208,1785928991733,-20148,0,5500845,0,7060636,0
1209,1785928991743,-19855,0,5500868,0,7060737,0
1210,1785928991754,-19239,0,5500811,0,7060725,0
1211,1785928991763,-18894,0,5500923,0,7060792,0
1212,1785928991774,-18297,0,5500831,0,7060702,0
1213,1785928991783,-17837,0,5500964,0,7060773,0
1214,1785928991794,-17303,0,5501048,0,7061086,0
1215,1785928991808,-16778,0,5501038,0,7061077,0
1216,1785928991816,-16348,0,5501194,0,7061288,0
1217,1785928991824,-15826,0,5501283,0,7061345,0
1218,1785928991834,-15242,0,5501248,0,7061460,0
1219,1785928991843,-14670,0,5501387,0,7061518,0
1220,1785928991854,-14246,0,5501363,0,7061419,0
1221,1785928991864,-13597,0,5501365,0,7061498,0
1222,1785928991874,-13189,0,5501373,0,7061419,0
1223,1785928991883,-13253,0,5501270,0,7061174,0
1224,1785928991894,-13515,0,5501229,0,7060894,0
1225,1785928991904,-13803,0,5501172,0,7060514,0
1226,1785928991914,-14484,0,5501022,0,7060201,0
1227,1785928991924,-15507,0,5501047,0,7059997,0
1228,1785928991934,-16575,0,5501046,0,7059640,0
1229,1785928991944,-17425,0,5501006,0,7059594,0
1230,1785928991955,-18624,0,5501152,0,7059455,0
1231,1785928991964,-19513,0,5501082,0,7059246,0
1232,1785928991976,-20736,0,5500979,0,7059045,0
1233,1785928991984,-21685,0,5500930,0,7058840,0
1234,1785928991995,-22698,0,5500798,0,7058801,0
1235,1785928992004,-23420,0,5500717,0,7058571,0
1236,1785928992014,-24138,0,5500684,0,7058555,0
1237,1785928992024,-24800,0,5500768,0,7058403,0
1238,1785928992034,-25292,0,5500907,0,7058586,0
1239,1785928992044,-25715,0,5500916,0,7058674,0
1240,1785928992054,-26119,0,5500975,0,7058645,0
1241,1785928992064,-26383,0,5500894,0,7058653,0
1242,1785928992075,-26565,0,5500956,0,7058745,0
1243,1785928992084,-26658,0,5500943,0,7058854,0
1244,1785928992094,-26984,0,5500999,0,7058740,0
1245,1785928992104,-26957,0,5501096,0,7058960,0
1246,1785928992115,-27012,0,5501151,0,7058873,0
1247,1785928992125,-26905,0,5501184,0,7059109,0
1248,1785928992137,-26878,0,5501141,0,7059117,0
1249,1785928992144,-26666,0,5501310,0,7059193,0
1250,1785928992154,-26476,0,5501305,0,7059175,0
1251,1785928992164,-26403,0,5501130,0,7059213,0
1252,1785928992175,-26184,0,5501105,0,7059046,0
1253,1785928992184,-26157,0,5501168,0,7059125,0
1254,1785928992195,-25975,0,5501141,0,7059003,0
1255,1785928992204,-25767,0,5500970,0,7059086,0
1256,1785928992214,-25714,0,5501058,0,7059184,0
1257,1785928992225,-25635,0,5501035,0,7059010,0
1258,1785928992238,-25481,0,5500998,0,7058980,0
1259,1785928992244,-25507,0,5501019,0,7059162,0
1260,1785928992254,-25392,0,5501086,0,7058929,0
1261,1785928992264,-25325,0,5500985,0,7058914,0
1262,1785928992276,-25302,0,5501097,0,7058954,0
1263,1785928992284,-25307,0,5501066,0,7058943,0
1264,1785928992297,-25182,0,5500996,0,7058850,0
1265,1785928992304,-25225,0,5500875,0,7058783,0
1266,1785928992315,-25169,0,5500934,0,7058693,0
1267,1785928992324,-24938,0,5500897,0,7058668,0
1268,1785928992335,-24775,0,5500933,0,7058699,0
1269,1785928992345,-24601,0,5501046,0,7058958,0
1270,1785928992355,-24284,0,5501074,0,7058816,0
1271,1785928992365,-24117,0,5501185,0,7059096,0
1272,1785928992375,-23806,0,5501180,0,7059109,0
1273,1785928992385,-23665,0,5501316,0,7059180,0
1274,1785928992395,-23257,0,5501324,0,7059280,0
1275,1785928992405,-22881,0,5501353,0,7059306,0
1276,1785928992416,-22448,0,5501459,0,7059477,0
1277,1785928992425,-22116,0,5501457,0,7059509,0
1278,1785928992438,-21685,0,5501477,0,7059629,0
1279,1785928992445,-21318,0,5501578,0,7059742,0
1280,1785928992457,-20941,0,5501542,0,7059895,0
1281,1785928992465,-20465,0,5501652,0,7059915,0
1282,1785928992476,-20000,0,5501572,0,7059754,0
1283,1785928992485,-19534,0,5501578,0,7059875,0
1284,1785928992495,-18919,0,5501664,0,7060065,0
1285,1785928992505,-18450,0,5501685,0,7059922,0
1286,1785928992517,-18020,0,5501659,0,7060001,0
1287,1785928992525,-17583,0,5501564,0,7060111,0
1288,1785928992535,-17104,0,5501572,0,7060142,0
1289,1785928992545,-16454,0,5501498,0,7060075,0
1290,1785928992555,-15972,0,5501715,0,7060208,0
1291,1785928992565,-15326,0,5501707,0,7060340,0
1292,1785928992576,-14729,0,5501832,0,7060493,0
1293,1785928992585,-14206,0,5501854,0,7060626,0
1294,1785928992596,-13660,0,5502008,0,7060782,0
1295,1785928992605,-12949,0,5502134,0,7060781,0
1296,1785928992617,-12399,0,5502182,0,7060798,0
1297,1785928992625,-11864,0,5502196,0,7060951,0
1298,1785928992636,-11363,0,5502211,0,7061014,0
1299,1785928992646,-10972,0,5502164,0,7060903,0
1300,1785928992656,-10747,0,5502180,0,7060491,0
1301,1785928992665,-10770,0,5502029,0,7060394,0
1302,1785928992676,-11185,0,5502124,0,7060257,0
1303,1785928992685,-11749,0,5501982,0,7060139,0
1304,1785928992695,-12334,0,5502184,0,7059937,0
1305,1785928992705,-13192,0,5502169,0,7059818,0
1306,1785928992716,-14212,0,5502030,0,7059508,0
1307,1785928992725,-15036,0,5502183,0,7059374,0
1308,1785928992736,-16054,0,5501997,0,7059213,0
1309,1785928992745,-17079,0,5501902,0,7058905,0
1310,1785928992756,-18027,0,5501983,0,7058892,0
1311,1785928992765,-18672,0,5502082,0,7058844,0
1312,1785928992778,-19496,0,5502051,0,7058925,0
1313,1785928992785,-19796,0,5502100,0,7058838,0
1314,1785928992796,-20489,0,5502101,0,7058769,0
1315,1785928992806,-20746,0,5502117,0,7058870,0
1316,1785928992816,-21220,0,5502299,0,7058978,0
1317,1785928992826,-21424,0,5502312,0,7059190,0
1318,1785928992836,-21474,0,5502306,0,7059323,0
1319,1785928992846,-21776,0,5502362,0,7059294,0
1320,1785928992856,-21953,0,5502279,0,7059152,0
1321,1785928992866,-21690,0,5502240,0,7059093,0
1322,1785928992876,-21680,0,5502316,0,7059068,0
1323,1785928992886,-21546,0,5502199,0,7059128,0
1324,1785928992896,-21528,0,5502392,0,7059265,0
1325,1785928992906,-21344,0,5502370,0,7059329,0
1326,1785928992917,-21042,0,5502275,0,7059276,0
1327,1785928992926,-20947,0,5502270,0,7059273,0
1328,1785928992938,-20542,0,5502209,0,7059190,0
1329,1785928992946,-20429,0,5502041,0,7059010,0
1330,1785928992957,-20237,0,5501969,0,7058939,0
1331,1785928992966,-19876,0,5502044,0,7059073,0
1332,1785928992977,-19680,0,5502110,0,7059059,0
1333,1785928992986,-19481,0,5502156,0,7058929,0
1334,1785928992996,-19287,0,5502139,0,7059050,0
1335,1785928993006,-18980,0,5502168,0,7059091,0
1336,1785928993017,-18993,0,5502283,0,7059092,0
1337,1785928993026,-18629,0,5502246,0,7059223,0
1338,1785928993037,-18544,0,5502340,0,7059203,0
1339,1785928993046,-18261,0,5502292,0,7059332,0
1340,1785928993056,-18197,0,5502411,0,7059267,0
1341,1785928993066,-18053,0,5502444,0,7059230,0
1342,1785928993078,-17974,0,5502385,0,7059212,0
1343,1785928993086,-17698,0,5502393,0,7059366,0
1344,1785928993099,-17432,0,5502407,0,7059326,0
1345,1785928993106,-17102,0,5502534,0,7059406,0
1346,1785928993117,-16863,0,5502554,0,7059493,0
1347,1785928993126,-16670,0,5502501,0,7059497,0
1348,1785928993137,-16346,0,5502588,0,7059412,0
1349,1785928993146,-15997,0,5502593,0,7059397,0
1350,1785928993157,-15495,0,5502623,0,7059592,0
1351,1785928993167,-15079,0,5502675,0,7059634,0
1352,1785928993177,-14778,0,5502620,0,7059639,0
1353,1785928993187,-14262,0,5502706,0,7059833,0
1354,1785928993197,-13848,0,5502686,0,7059742,0
1355,1785928993207,-13385,0,5502668,0,7059865,0
1356,1785928993217,-12909,0,5502723,0,7060043,0
1357,1785928993227,-12319,0,5502773,0,7059963,0
1358,1785928993238,-11788,0,5502598,0,7060033,0
1359,1785928993247,-11173,0,5502678,0,7060078,0
1360,1785928993259,-10650,0,5502781,0,7060060,0
1361,1785928993267,-10135,0,5502828,0,7060293,0
1362,1785928993277,-9429,0,5502772,0,7060136,0
1363,1785928993287,-8975,0,5502922,0,7060412,0
1364,1785928993301,-8275,0,5502914,0,7060371,0
1365,1785928993307,-7717,0,5503045,0,7060631,0
1366,1785928993321,-7000,0,5503119,0,7060744,0
1367,1785928993327,-6372,0,5503038,0,7060737,0
1368,1785928993337,-5883,0,5503076,0,7060768,0
1369,1785928993347,-5202,0,5503200,0,7060812,0
1370,1785928993357,-4553,0,5503204,0,7060741,0
1371,1785928993367,-3887,0,5503098,0,7061025,0
1372,1785928993378,-3279,0,5503119,0,7061067,0
1373,1785928993387,-2642,0,5503177,0,7061043,0
1374,1785928993398,-2066,0,5503234,0,7061130,0
1375,1785928993407,-1332,0,5503265,0,7061276,0
1376,1785928993420,-613,0,5503304,0,7061210,0
1377,1785928993431,43,0,5503316,0,7061375,0
1378,1785928993438,591,0,5503249,0,7061233,0
1379,1785928993448,1114,0,5503081,0,7061014,0
1380,1785928993457,1172,0,5503139,0,7060892,0
1381,1785928993467,1215,0,5502904,0,7060414,0
1382,1785928993478,1054,0,5502921,0,7060234,0
1383,1785928993488,457,0,5502785,0,7059902,0
1384,1785928993498,-62,0,5502626,0,7059518,0
1385,1785928993507,-774,0,5502570,0,7059325,0
1386,1785928993519,-1448,0,5502400,0,7059098,0
1387,1785928993527,-2276,0,5502338,0,7058933,0
1388,1785928993538,-2949,0,5502302,0,7058743,0
1389,1785928993552,-3752,0,5502279,0,7058470,0
1390,1785928993559,-4313,0,5502132,0,7058246,0
1391,1785928993567,-4849,0,5502213,0,7058381,0
1392,1785928993584,-5406,0,5502245,0,7058165,0
1393,1785928993588,-5676,0,5502180,0,7058321,0
1394,1785928993598,-6014,0,5502198,0,7058337,0
1395,1785928993608,-6099,0,5502371,0,7058494,0
1396,1785928993618,-6426,0,5502213,0,7058488,0
1397,1785928993628,-6349,0,5502355,0,7058492,0
1398,1785928993638,-6487,0,5502225,0,7058563,0
1399,1785928993648,-6328,0,5502309,0,7058510,0
1400,1785928993658,-6065,0,5502244,0,7058621,0
1401,1785928993668,-6105,0,5502214,0,7058443,0
1402,1785928993679,-5812,0,5502113,0,7058497,0
1403,1785928993688,-5517,0,5502171,0,7058672,0
1404,1785928993698,-5212,0,5501998,0,7058521,0
1405,1785928993708,-4925,0,5502071,0,7058572,0
1406,1785928993719,-4594,0,5502087,0,7058570,0
1407,1785928993728,-4377,0,5502077,0,7058610,0
1408,1785928993741,-3860,0,5501931,0,7058539,0
1409,1785928993748,-3597,0,5501915,0,7058376,0
1410,1785928993759,-3220,0,5501957,0,7058533,0
1411,1785928993768,-2941,0,5501918,0,7058389,0
1412,1785928993779,-2669,0,5501829,0,7058484,0
1413,1785928993788,-2388,0,5501786,0,7058292,0
1414,1785928993799,-2177,0,5501719,0,7058273,0
1415,1785928993809,-1933,0,5501717,0,7058443,0
1416,1785928993818,-1726,0,5501801,0,7058429,0
1417,1785928993828,-1514,0,5501827,0,7058392,0
1418,1785928993839,-1293,0,5501789,0,7058346,0
1419,1785928993848,-1133,0,5501788,0,7058227,0
1420,1785928993859,-888,0,5501616,0,7058214,0
1421,1785928993869,-739,0,5501668,0,7058137,0
1422,1785928993880,-599,0,5501531,0,7058080,0
1423,1785928993889,-346,0,5501516,0,7058100,0
1424,1785928993900,-35,0,5501445,0,7058158,0
1425,1785928993909,117,0,5501548,0,7058141,0
1426,1785928993919,586,0,5501453,0,7058111,0
1427,1785928993929,856,0,5501379,0,7058290,0
1428,1785928993939,1337,0,5501594,0,7058241,0
1429,1785928993949,1810,0,5501430,0,7058110,0
1430,1785928993959,2183,0,5501353,0,7058304,0
1431,1785928993969,2657,0,5501306,0,7058334,0
1432,1785928993979,3029,0,5501251,0,7058266,0
1433,1785928993989,3422,0,5501271,0,7058160,0
1434,1785928993999,3949,0,5501293,0,7058128,0
1435,1785928994009,4576,0,5501451,0,7058532,0
1436,1785928994019,5011,0,5501560,0,7058508,0
1437,1785928994029,5532,0,5501527,0,7058701,0
1438,1785928994040,6142,0,5501694,0,7058886,0
1439,1785928994049,6805,0,5501779,0,7058959,0
1440,1785928994062,7411,0,5501820,0,7059170,0
1441,1785928994069,7926,0,5502009,0,7059205,0
1442,1785928994080,8543,0,5501929,0,7059275,0
1443,1785928994089,9198,0,5502038,0,7059474,0
1444,1785928994100,9705,0,5502058,0,7059376,0
1445,1785928994109,10229,0,5502085,0,7059682,0
1446,1785928994121,10873,0,5502221,0,7059778,0
1447,1785928994129,11540,0,5502116,0,7059826,0
1448,1785928994139,12064,0,5502213,0,7059964,0
1449,1785928994149,12844,0,5502414,0,7059978,0
1450,1785928994160,13352,0,5502375,0,7060076,0
1451,1785928994169,13969,0,5502359,0,7060052,0
1452,1785928994180,14576,0,5502155,0,7059953,0
1453,1785928994190,15087,0,5502009,0,7059644,0
1454,1785928994201,15174,0,5501826,0,7059334,0
1455,1785928994209,15261,0,5501723,0,7059179,0
1456,1785928994222,15027,0,5501663,0,7058937,0
1457,1785928994229,14728,0,5501506,0,7058639,0
1458,1785928994240,14153,0,5501577,0,7058484,0
1459,1785928994250,13569,0,5501519,0,7058180,0
1460,1785928994260,12822,0,5501449,0,7058065,0
1461,1785928994269,12020,0,5501270,0,7057613,0
1462,1785928994280,11286,0,5501208,0,7057337,0
1463,1785928994289,10595,0,5501111,0,7057128,0
1464,1785928994300,10018,0,5501094,0,7057073,0
1465,1785928994310,9390,0,5501208,0,7057088,0
1466,1785928994320,8829,0,5501117,0,7056974,0
1467,1785928994330,8504,0,5501143,0,7057094,0
1468,1785928994340,8256,0,5501208,0,7057135,0
1469,1785928994350,8072,0,5501287,0,7057339,0
1470,1785928994361,7883,0,5501202,0,7057130,0
1471,1785928994370,7660,0,5501346,0,7057454,0
1472,1785928994383,7682,0,5501322,0,7057338,0
1473,1785928994390,7743,0,5501365,0,7057217,0
1474,1785928994401,7797,0,5501417,0,7057433,0
1475,1785928994410,7863,0,5501455,0,7057364,0
1476,1785928994425,8001,0,5501330,0,7057629,0
1477,1785928994432,8157,0,5501456,0,7057538,0
1478,1785928994440,8399,0,5501387,0,7057541,0
1479,1785928994450,8763,0,5501279,0,7057588,0
1480,1785928994460,8957,0,5501271,0,7057432,0
1481,1785928994470,9297,0,5501050,0,7057516,0
1482,1785928994481,9679,0,5500976,0,7057382,0
1483,1785928994490,9856,0,5501064,0,7057179,0
1484,1785928994501,10195,0,5500935,0,7057140,0
1485,1785928994515,10484,0,5500844,0,7057209,0
1486,1785928994522,10789,0,5500787,0,7057110,0
1487,1785928994530,11067,0,5500699,0,7057222,0
1488,1785928994543,11280,0,5500824,0,7057164,0
1489,1785928994550,11577,0,5500852,0,7057253,0
1490,1785928994564,11723,0,5500883,0,7057170,0
1491,1785928994570,11996,0,5500803,0,7057147,0
1492,1785928994582,12288,0,5500862,0,7057151,0
1493,1785928994590,12425,0,5500776,0,7057163,0
1494,1785928994601,12687,0,5500803,0,7057074,0
1495,1785928994611,12857,0,5500756,0,7057085,0
1496,1785928994621,13199,0,5500779,0,7057212,0
1497,1785928994631,13495,0,5500945,0,7057301,0
1498,1785928994641,13662,0,5501017,0,7057454,0
1499,1785928994652,14071,0,5501100,0,7057524,0
1500,1785928994661,14346,0,5501129,0,7057578,0
1501,1785928994671,14725,0,5501141,0,7057551,0
1502,1785928994682,14978,0,5501300,0,7057735,0
1503,1785928994691,15415,0,5501248,0,7057723,0
1504,1785928994704,15949,0,5501373,0,7057861,0
1505,1785928994711,16250,0,5501267,0,7057911,0
1506,1785928994721,17141,0,5501329,0,7058076,0
1507,1785928994731,17608,0,5501382,0,7058118,0
1508,1785928994741,18147,0,5501392,0,7058041,0
1509,1785928994751,18617,0,5501439,0,7058291,0
1510,1785928994761,19254,0,5501496,0,7058415,0
1511,1785928994771,19744,0,5501475,0,7058327,0
1512,1785928994781,20229,0,5501507,0,7058445,0
1513,1785928994791,20776,0,5501651,0,7058606,0
1514,1785928994802,21348,0,5501635,0,7058703,0
1515,1785928994815,21926,0,5501682,0,7058779,0
1516,1785928994821,22566,0,5501726,0,7058881,0
1517,1785928994831,23144,0,5501770,0,7058892,0
1518,1785928994842,23743,0,5501697,0,7059107,0
1519,1785928994851,24347,0,5501741,0,7059137,0
1520,1785928994863,24727,0,5501595,0,7059058,0
1521,1785928994871,25416,0,5501765,0,7059159,0
1522,1785928994882,25970,0,5501849,0,7059256,0
1523,1785928994891,26670,0,5501963,0,7059265,0
1524,1785928994901,27327,0,5501996,0,7059430,0
1525,1785928994911,27843,0,5502059,0,7059802,0
1526,1785928994922,28479,0,5502036,0,7059808,0
1527,1785928994931,29120,0,5502130,0,7059846,0
1528,1785928994941,29820,0,5502114,0,7059906,0
1529,1785928994951,30507,0,5502104,0,7059848,0
1530,1785928994961,31029,0,5501924,0,7059725,0
1531,1785928994971,31589,0,5501862,0,7059530,0
1532,1785928994981,32062,0,5501824,0,7059575,0
1533,1785928994991,32114,0,5501790,0,7059209,0
1534,1785928995002,32143,0,5501624,0,7059070,0
1535,1785928995012,31852,0,5501485,0,7058891,0
1536,1785928995024,31422,0,5501360,0,7058468,0
1537,1785928995032,30735,0,5501309,0,7058256,0
1538,1785928995041,30297,0,5501363,0,7057971,0
1539,1785928995051,29477,0,5501119,0,7057774,0
1540,1785928995061,28720,0,5501015,0,7057410,0
1541,1785928995071,27893,0,5501031,0,7057102,0
1542,1785928995082,27187,0,5500917,0,7056930,0
1543,1785928995091,26582,0,5500873,0,7056828,0
1544,1785928995102,25934,0,5500946,0,7056820,0
1545,1785928995111,25387,0,5500807,0,7056795,0
1546,1785928995122,24952,0,5501049,0,7056904,0
1547,1785928995131,24649,0,5501045,0,7056936,0
1548,1785928995141,24239,0,5501369,0,7057026,0
1549,1785928995151,24059,0,5501289,0,7057249,0
1550,1785928995162,23983,0,5501418,0,7057270,0
1551,1785928995171,23764,0,5501395,0,7057506,0
1552,1785928995183,23851,0,5501340,0,7057319,0
1553,1785928995191,23768,0,5501245,0,7057160,0
1554,1785928995202,23870,0,5501142,0,7057129,0
1555,1785928995213,23913,0,5501039,0,7057046,0
1556,1785928995221,23990,0,5501006,0,7057130,0
1557,1785928995231,24205,0,5500944,0,7057100,0
1558,1785928995243,24354,0,5500979,0,7057133,0
1559,1785928995251,24532,0,5500856,0,7057223,0
1560,1785928995261,24858,0,5500908,0,7057149,0
1561,1785928995271,25010,0,5500788,0,7057151,0
1562,1785928995282,25242,0,5500922,0,7057199,0
1563,1785928995291,25602,0,5500767,0,7057100,0
1564,1785928995302,25840,0,5500680,0,7057007,0
1565,1785928995311,25982,0,5500859,0,7057006,0
1566,1785928995322,26237,0,5500824,0,7057010,0
1567,1785928995331,26266,0,5500741,0,7056973,0
1568,1785928995344,26501,0,5500720,0,7057079,0
1569,1785928995351,26901,0,5500610,0,7056998,0
1570,1785928995362,26929,0,5500609,0,7056833,0
1571,1785928995371,27055,0,5500617,0,7056845,0
1572,1785928995382,27153,0,5500519,0,7056847,0
1573,1785928995391,27239,0,5500390,0,7056720,0
1574,1785928995402,27350,0,5500483,0,7056654,0
1575,1785928995418,27590,0,5500296,0,7056688,0
1576,1785928995422,27629,0,5500397,0,7056731,0
1577,1785928995431,27794,0,5500275,0,7056553,0
1578,1785928995442,28113,0,5500208,0,7056586,0
1579,1785928995451,28232,0,5500301,0,7056701,0
1580,1785928995461,28733,0,5500226,0,7056524,0
1581,1785928995471,28837,0,5500220,0,7056716,0
1582,1785928995483,29156,0,5500219,0,7056596,0
1583,1785928995491,29310,0,5500231,0,7056740,0
1584,1785928995503,29670,0,5499922,0,7056604,0
1585,1785928995511,30037,0,5500108,0,7056616,0
1586,1785928995528,30491,0,5500078,0,7056662,0
1587,1785928995531,30802,0,5500043,0,7056709,0
1588,1785928995542,31363,0,5500143,0,7056818,0
1589,1785928995552,31699,0,5500094,0,7056777,0
1590,1785928995562,32163,0,5500244,0,7057018,0
1591,1785928995571,32680,0,5500195,0,7056989,0
1592,1785928995582,33041,0,5500395,0,7057092,0
1593,1785928995592,33582,0,5500348,0,7057242,0
1594,1785928995602,34105,0,5500454,0,7057260,0
1595,1785928995612,34410,0,5500377,0,7057434,0
1596,1785928995622,34921,0,5500435,0,7057429,0
1597,1785928995632,35592,0,5500521,0,7057499,0
1598,1785928995643,36114,0,5500477,0,7057615,0
1599,1785928995652,36551,0,5500561,0,7057721,0
1600,1785928995665,37161,0,5500615,0,7057742,0
1601,1785928995672,37609,0,5500830,0,7057893,0
1602,1785928995682,38197,0,5500850,0,7058040,0
1603,1785928995692,38716,0,5500931,0,7058043,0
1604,1785928995702,39284,0,5500931,0,7058221,0
1605,1785928995712,39790,0,5500914,0,7058265,0
1606,1785928995722,40327,0,5500921,0,7058354,0
1607,1785928995732,40952,0,5500949,0,7058563,0
1608,1785928995742,41471,0,5501042,0,7058429,0
1609,1785928995752,42124,0,5501069,0,7058710,0
1610,1785928995762,42523,0,5501127,0,7058668,0
1611,1785928995772,43068,0,5501195,0,7058869,0
1612,1785928995783,43707,0,5501198,0,7058934,0
1613,1785928995792,44220,0,5501133,0,7058848,0
1614,1785928995803,44877,0,5501141,0,7058848,0
1615,1785928995812,45297,0,5501106,0,7058614,0
1616,1785928995824,45674,0,5501080,0,7058595,0
1617,1785928995832,45779,0,5500922,0,7058403,0
1618,1785928995843,45647,0,5500946,0,7058117,0
1619,1785928995852,45264,0,5500973,0,7057930,0
1620,1785928995862,44673,0,5500719,0,7057599,0
1621,1785928995872,43830,0,5500706,0,7057262,0
1622,1785928995883,43325,0,5500516,0,7057041,0
1623,1785928995892,42409,0,5500568,0,7056980,0
1624,1785928995902,41622,0,5500481,0,7056662,0
1625,1785928995912,40694,0,5500462,0,7056462,0
1626,1785928995922,39967,0,5500450,0,7056453,0
1627,1785928995933,39103,0,5500428,0,7056383,0
1628,1785928995943,38365,0,5500396,0,7056124,0
1629,1785928995952,37838,0,5500450,0,7056397,0
1630,1785928995963,37250,0,5500505,0,7056467,0
1631,1785928995972,36900,0,5500540,0,7056434,0
1632,1785928995986,36578,0,5500487,0,7056501,0
1633,1785928995992,36259,0,5500732,0,7056458,0
1634,1785928996003,36128,0,5500776,0,7056554,0
1635,1785928996013,35983,0,5500722,0,7056522,0
1636,1785928996023,35716,0,5500566,0,7056485,0
1637,1785928996033,35779,0,5500702,0,7056679,0
1638,1785928996043,35719,0,5500724,0,7056428,0
1639,1785928996053,35791,0,5500726,0,7056622,0
1640,1785928996062,35739,0,5500675,0,7056640,0
1641,1785928996073,35887,0,5500824,0,7056591,0
1642,1785928996083,36069,0,5500648,0,7056664,0
1643,1785928996093,36120,0,5500498,0,7056582,0
1644,1785928996103,36301,0,5500398,0,7056566,0
1645,1785928996113,36422,0,5500228,0,7056483,0
1646,1785928996124,36579,0,5500260,0,7056316,0
1647,1785928996133,36817,0,5500143,0,7056221,0
1648,1785928996144,36930,0,5500153,0,7056371,0
1649,1785928996153,37158,0,5500145,0,7056164,0
1650,1785928996163,37220,0,5500279,0,7056336,0
1651,1785928996173,37260,0,5500180,0,7056403,0
1652,1785928996183,37498,0,5500175,0,7056338,0
1653,1785928996193,37480,0,5500240,0,7056239,0
1654,1785928996203,37618,0,5500161,0,7056395,0
1655,1785928996213,37643,0,5500350,0,7056272,0
1656,1785928996223,37561,0,5500256,0,7056318,0
1657,1785928996233,37619,0,5500165,0,7056347,0
1658,1785928996243,37619,0,5500226,0,7056303,0
1659,1785928996253,37719,0,5500361,0,7056397,0
1660,1785928996263,37824,0,5500367,0,7056441,0
1661,1785928996274,37817,0,5500299,0,7056484,0
1662,1785928996284,38025,0,5500340,0,7056528,0
1663,1785928996293,38200,0,5500494,0,7056559,0
1664,1785928996306,38336,0,5500385,0,7056802,0
1665,1785928996314,38536,0,5500451,0,7056674,0
1666,1785928996323,38831,0,5500487,0,7056760,0
1667,1785928996333,39022,0,5500550,0,7056920,0
1668,1785928996343,39334,0,5500482,0,7056755,0
1669,1785928996358,39581,0,5500512,0,7056748,0
1670,1785928996363,39876,0,5500380,0,7056780,0
1671,1785928996373,40188,0,5500469,0,7056901,0
1672,1785928996384,40471,0,5500517,0,7056808,0
1673,1785928996393,40815,0,5500449,0,7057116,0
1674,1785928996404,41247,0,5500615,0,7057024,0
1675,1785928996413,41732,0,5500636,0,7057224,0
1676,1785928996423,42053,0,5500564,0,7057303,0
1677,1785928996433,42366,0,5500719,0,7057500,0
1678,1785928996444,42824,0,5500712,0,7057321,0
1679,1785928996453,43329,0,5500794,0,7057457,0
1680,1785928996465,43773,0,5500771,0,7057598,0
1681,1785928996473,44125,0,5500970,0,7057792,0
1682,1785928996484,44646,0,5500969,0,7057903,0
1683,1785928996494,45022,0,5500847,0,7057873,0
1684,1785928996504,45501,0,5501006,0,7057988,0
1685,1785928996514,45964,0,5501052,0,7058148,0
1686,1785928996525,46492,0,5501094,0,7058128,0
1687,1785928996533,47003,0,5501189,0,7058134,0
1688,1785928996544,47433,0,5501150,0,7058317,0
1689,1785928996554,47947,0,5501075,0,7058230,0
1690,1785928996564,48428,0,5501279,0,7058386,0
1691,1785928996575,48839,0,5501282,0,7058278,0
1692,1785928996584,49432,0,5501302,0,7058463,0
1693,1785928996594,49905,0,5501273,0,7058471,0
1694,1785928996605,50439,0,5501488,0,7058549,0
1695,1785928996614,50851,0,5501432,0,7058546,0
1696,1785928996626,51121,0,5501294,0,7058612,0
1697,1785928996634,51089,0,5501319,0,7058229,0
1698,1785928996644,50865,0,5501420,0,7058081,0
1699,1785928996654,50368,0,5501239,0,7057595,0
1700,1785928996664,49781,0,5501199,0,7057446,0
1701,1785928996674,49071,0,5501084,0,7057217,0
1702,1785928996685,48204,0,5500930,0,7057120,0
1703,1785928996694,47089,0,5500843,0,7056698,0
1704,1785928996704,46214,0,5500612,0,7056502,0
1705,1785928996714,45116,0,5500744,0,7056265,0
1706,1785928996725,44170,0,5500427,0,7056096,0
1707,1785928996734,43273,0,5500347,0,7055779,0
1708,1785928996745,42345,0,5500393,0,7055638,0
1709,1785928996754,41567,0,5500340,0,7055717,0
1710,1785928996765,41039,0,5500312,0,7055542,0
1711,1785928996774,40460,0,5500232,0,7055473,0
1712,1785928996787,39926,0,5500261,0,7055608,0
1713,1785928996794,39456,0,5500245,0,7055637,0
1714,1785928996804,39024,0,5500269,0,7055572,0
1715,1785928996814,38941,0,5500187,0,7055654,0
1716,1785928996825,38551,0,5500113,0,7055421,0
1717,1785928996834,38426,0,5499973,0,7055409,0
1718,1785928996845,38279,0,5499904,0,7055327,0
1719,1785928996854,38273,0,5499878,0,7055280,0
1720,1785928996864,38102,0,5499921,0,7055282,0
1721,1785928996874,38168,0,5499972,0,7055515,0
1722,1785928996885,38278,0,5499732,0,7055290,0
1723,1785928996894,38321,0,5499666,0,7055304,0
1724,1785928996904,38291,0,5499663,0,7055160,0
1725,1785928996914,38521,0,5499499,0,7055054,0
1726,1785928996926,38345,0,5499464,0,7055126,0
1727,1785928996935,38478,0,5499260,0,7055009,0
1728,1785928996947,38562,0,5499266,0,7055042,0
1729,1785928996954,38631,0,5499344,0,7055037,0
1730,1785928996965,38599,0,5499249,0,7054953,0
1731,1785928996974,38465,0,5499307,0,7055049,0
1732,1785928996985,38369,0,5499167,0,7054871,0
1733,1785928996995,38276,0,5499108,0,7054801,0
1734,1785928997005,38198,0,5499049,0,7054685,0
1735,1785928997014,38000,0,5498907,0,7054572,0
1736,1785928997025,38088,0,5498861,0,7054447,0
1737,1785928997034,37944,0,5498912,0,7054362,0
1738,1785928997045,37891,0,5498813,0,7054434,0
1739,1785928997054,37868,0,5498805,0,7054539,0
1740,1785928997065,37767,0,5498879,0,7054384,0
1741,1785928997075,37777,0,5498874,0,7054414,0
1742,1785928997086,37714,0,5498903,0,7054560,0
1743,1785928997095,37847,0,5498836,0,7054575,0
1744,1785928997107,37894,0,5498695,0,7054451,0
1745,1785928997114,37888,0,5498817,0,7054375,0
1746,1785928997126,38156,0,5498857,0,7054621,0
1747,1785928997135,38164,0,5498751,0,7054608,0
1748,1785928997145,38268,0,5498858,0,7054636,0
1749,1785928997155,38534,0,5498976,0,7054711,0
1750,1785928997165,38702,0,5498801,0,7054789,0
1751,1785928997175,38945,0,5498834,0,7054577,0
1752,1785928997185,39147,0,5498763,0,7054682,0
1753,1785928997195,39340,0,5498771,0,7054682,0
1754,1785928997205,39656,0,5498853,0,7054866,0
1755,1785928997215,39791,0,5498934,0,7054844,0
1756,1785928997225,40082,0,5498659,0,7054852,0
1757,1785928997235,40451,0,5498727,0,7054947,0
1758,1785928997246,40719,0,5498862,0,7054855,0
1759,1785928997255,41037,0,5498778,0,7054956,0
1760,1785928997268,41387,0,5498725,0,7054939,0
1761,1785928997276,41820,0,5498652,0,7055079,0
1762,1785928997286,42126,0,5498769,0,7054960,0
1763,1785928997295,42474,0,5498737,0,7054837,0
1764,1785928997305,42905,0,5498559,0,7054967,0
1765,1785928997315,43257,0,5498612,0,7054879,0
1766,1785928997326,43561,0,5498555,0,7054871,0
1767,1785928997335,44030,0,5498494,0,7054910,0
1768,1785928997345,44190,0,5498413,0,7054753,0
1769,1785928997355,44085,0,5498196,0,7054482,0
1770,1785928997365,43928,0,5498260,0,7054279,0
1771,1785928997375,43574,0,5498276,0,7054100,0
1772,1785928997386,42819,0,5498072,0,7053895,0
1773,1785928997395,42006,0,5497991,0,7053616,0
1774,1785928997406,40952,0,5498079,0,7053356,0
1775,1785928997415,39868,0,5497994,0,7053108,0
1776,1785928997432,38702,0,5497928,0,7052900,0
1777,1785928997436,37452,0,5497902,0,7052890,0
1778,1785928997446,36268,0,5497907,0,7052691,0
1779,1785928997455,35171,0,5497764,0,7052653,0
1780,1785928997466,34156,0,5497811,0,7052359,0
1781,1785928997475,33088,0,5497763,0,7052309,0
1782,1785928997486,32159,0,5497865,0,7052287,0
1783,1785928997495,31379,0,5497907,0,7052450,0
1784,1785928997506,30672,0,5497888,0,7052415,0
1785,1785928997517,30033,0,5497962,0,7052408,0
1786,1785928997526,29571,0,5498085,0,7052708,0
1787,1785928997535,29075,0,5497884,0,7052574,0
1788,1785928997546,28694,0,5497928,0,7052247,0
1789,1785928997555,28337,0,5497787,0,7052353,0
1790,1785928997571,27949,0,5497728,0,7052312,0
1791,1785928997576,27777,0,5497793,0,7052287,0
1792,1785928997589,27644,0,5497839,0,7052511,0
1793,1785928997596,27637,0,5497780,0,7052405,0
1794,1785928997606,27501,0,5497573,0,7052448,0
1795,1785928997621,27388,0,5497492,0,7052445,0
1796,1785928997627,27413,0,5497463,0,7052221,0
1797,1785928997637,27353,0,5497215,0,7052183,0
1798,1785928997646,27443,0,5497156,0,7051992,0
1799,1785928997656,27347,0,5496907,0,7051834,0
1800,1785928997671,27371,0,5496981,0,7051674,0
1801,1785928997676,27311,0,5496781,0,7051526,0
1802,1785928997688,27138,0,5496866,0,7051607,0
1803,1785928997696,27064,0,5496978,0,7051642,0
1804,1785928997706,26990,0,5496993,0,7051738,0
1805,1785928997721,26944,0,5497081,0,7051774,0
1806,1785928997727,26796,0,5497084,0,7051906,0
1807,1785928997737,26595,0,5497212,0,7051873,0
1808,1785928997748,26481,0,5497163,0,7051842,0
1809,1785928997757,26340,0,5497162,0,7051832,0
1810,1785928997770,26173,0,5497211,0,7051835,0
1811,1785928997776,25955,0,5497158,0,7051927,0
1812,1785928997787,25986,0,5497319,0,7051802,0
1813,1785928997796,25780,0,5497238,0,7051852,0
1814,1785928997807,25771,0,5497260,0,7051939,0
1815,1785928997820,25863,0,5497180,0,7051916,0
1816,1785928997826,25707,0,5497150,0,7051987,0
1817,1785928997838,25792,0,5497120,0,7051950,0
1818,1785928997847,25971,0,5497073,0,7051870,0
1819,1785928997856,25911,0,5496968,0,7051648,0
1820,1785928997866,25954,0,5496909,0,7051641,0
1821,1785928997876,26116,0,5496750,0,7051575,0
1822,1785928997888,26209,0,5496777,0,7051603,0
1823,1785928997897,26285,0,5496739,0,7051694,0
1824,1785928997909,26493,0,5496780,0,7051794,0
1825,1785928997920,26694,0,5496739,0,7051783,0
1826,1785928997927,26896,0,5496825,0,7051804,0
1827,1785928997936,27151,0,5496968,0,7051929,0
1828,1785928997947,27532,0,5496955,0,7052108,0
1829,1785928997957,27685,0,5496986,0,7052128,0
1830,1785928997970,27803,0,5496783,0,7051921,0
1831,1785928997977,28246,0,5496726,0,7051971,0
1832,1785928997987,28550,0,5496805,0,7052008,0
1833,1785928997997,28836,0,5496777,0,7052000,0
1834,1785928998007,29071,0,5496741,0,7051967,0
1835,1785928998022,29472,0,5496834,0,7052188,0
1836,1785928998027,29750,0,5496979,0,7052420,0
1837,1785928998037,30340,0,5496950,0,7052491,0
1838,1785928998055,30466,0,5496920,0,7052289,0
1839,1785928998057,30885,0,5496709,0,7052068,0
1840,1785928998074,31227,0,5496754,0,7052238,0
1841,1785928998077,31548,0,5496678,0,7052076,0
1842,1785928998090,31844,0,5496608,0,7052023,0
1843,1785928998097,31890,0,5496557,0,7052069,0
1844,1785928998107,31778,0,5496503,0,7051670,0
1845,1785928998121,31458,0,5496415,0,7051614,0
1846,1785928998127,30733,0,5496399,0,7051462,0
1847,1785928998138,29763,0,5496409,0,7050921,0
1848,1785928998147,28597,0,5496331,0,7050775,0
1849,1785928998157,27340,0,5496141,0,7050511,0
1850,1785928998177,25995,0,5496185,0,7050341,0
1851,1785928998177,24579,0,5496202,0,7050096,0
1852,1785928998188,23191,0,5496040,0,7049872,0
1853,1785928998197,21679,0,5495950,0,7049436,0
1854,1785928998208,20389,0,5495889,0,7049395,0
1855,1785928998222,19137,0,5496052,0,7049141,0
1856,1785928998230,18001,0,5495747,0,7048860,0
1857,1785928998237,16930,0,5495774,0,7048921,0
1858,1785928998254,15919,0,5495781,0,7049076,0
1859,1785928998257,15074,0,5495773,0,7049055,0
1860,1785928998273,14357,0,5495788,0,7049035,0
1861,1785928998278,13688,0,5495851,0,7048990,0
1862,1785928998289,12873,0,5495581,0,7048774,0
1863,1785928998298,12500,0,5495503,0,7048651,0
1864,1785928998308,11998,0,5495526,0,7048754,0
1865,1785928998322,11631,0,5495433,0,7048615,0
1866,1785928998328,11177,0,5495324,0,7048632,0
1867,1785928998338,10880,0,5495294,0,7048387,0
1868,1785928998348,10585,0,5495034,0,7048316,0
1869,1785928998358,10331,0,5494875,0,7048099,0
1870,1785928998370,10159,0,5494774,0,7047997,0
1871,1785928998377,9921,0,5494485,0,7047820,0
1872,1785928998390,9791,0,5494456,0,7047590,0
1873,1785928998398,9697,0,5494293,0,7047533,0
1874,1785928998423,9619,0,5494179,0,7047506,0
1875,1785928998423,9406,0,5494054,0,7047484,0
1876,1785928998428,9123,0,5494213,0,7047487,0
1877,1785928998438,9181,0,5494071,0,7047438,0
1878,1785928998448,8945,0,5493993,0,7047468,0
1879,1785928998458,8749,0,5494137,0,7047267,0
1880,1785928998468,8478,0,5494163,0,7047359,0
1881,1785928998478,8181,0,5494161,0,7047418,0
1882,1785928998489,8016,0,5494047,0,7047326,0
1883,1785928998499,7726,0,5494108,0,7047259,0
1884,1785928998508,7369,0,5494061,0,7047432,0
1885,1785928998518,7193,0,5493975,0,7047189,0
1886,1785928998529,6947,0,5493848,0,7047077,0
1887,1785928998538,6598,0,5493793,0,7046884,0
1888,1785928998551,6523,0,5493695,0,7046941,0
1889,1785928998558,6346,0,5493739,0,7047022,0
1890,1785928998569,6294,0,5493755,0,7046936,0
1891,1785928998578,6028,0,5493902,0,7046885,0
1892,1785928998589,6015,0,5493830,0,7046908,0
1893,1785928998598,5920,0,5493861,0,7046995,0
1894,1785928998609,5925,0,5493813,0,7047018,0
1895,1785928998620,5967,0,5493730,0,7046971,0
1896,1785928998630,5971,0,5493854,0,7047123,0
1897,1785928998638,6066,0,5493610,0,7047031,0
1898,1785928998649,6050,0,5493733,0,7046964,0
1899,1785928998660,6295,0,5493733,0,7047047,0
1900,1785928998669,6384,0,5493735,0,7047041,0
1901,1785928998679,6485,0,5493792,0,7047107,0
1902,1785928998690,6800,0,5493745,0,7047128,0
1903,1785928998703,6904,0,5493804,0,7047349,0
1904,1785928998710,7146,0,5493834,0,7047104,0
1905,1785928998719,7462,0,5493880,0,7047301,0
1906,1785928998729,7697,0,5493902,0,7047455,0
1907,1785928998739,7904,0,5494024,0,7047541,0
1908,1785928998749,8201,0,5493953,0,7047594,0
1909,1785928998759,8454,0,5493987,0,7047547,0
1910,1785928998769,8872,0,5494014,0,7047801,0
1911,1785928998779,9049,0,5493972,0,7047602,0
1912,1785928998789,9451,0,5493922,0,7047898,0
1913,1785928998801,9777,0,5493897,0,7047722,0
1914,1785928998809,9918,0,5493835,0,7047716,0
1915,1785928998819,10292,0,5493820,0,7047633,0
1916,1785928998829,10146,0,5493714,0,7047332,0
1917,1785928998839,9863,0,5493506,0,7047007,0
1918,1785928998850,9347,0,5493372,0,7046732,0
1919,1785928998859,8405,0,5493204,0,7046200,0
1920,1785928998872,7159,0,5492984,0,7045861,0
1921,1785928998879,5945,0,5492755,0,7045439,0
1922,1785928998890,4593,0,5492642,0,7044960,0
1923,1785928998899,3032,0,5492463,0,7044795,0
1924,1785928998909,1489,0,5492405,0,7044451,0
1925,1785928998919,-70,0,5492257,0,7044240,0
1926,1785928998929,-1532,0,5492161,0,7043829,0
1927,1785928998939,-2957,0,5492075,0,7043800,0
1928,1785928998949,-4245,0,5492038,0,7043511,0
1929,1785928998959,-5499,0,5491809,0,7043401,0
1930,1785928998970,-6468,0,5491865,0,7043364,0
1931,1785928998979,-7696,0,5491864,0,7043333,0
1932,1785928998990,-8466,0,5491693,0,7043141,0
1933,1785928998999,-9180,0,5491665,0,7043130,0
1934,1785928999010,-9912,0,5491433,0,7042988,0
1935,1785928999019,-10698,0,5491507,0,7042997,0
1936,1785928999031,-11219,0,5491440,0,7042857,0
1937,1785928999039,-11739,0,5491308,0,7042738,0
1938,1785928999050,-12132,0,5491269,0,7042782,0
1939,1785928999059,-12395,0,5491078,0,7042517,0
1940,1785928999070,-12871,0,5490960,0,7042576,0
1941,1785928999079,-13100,0,5490926,0,7042538,0
1942,1785928999090,-13470,0,5490830,0,7042409,0
1943,1785928999100,-13567,0,5490743,0,7042358,0
1944,1785928999110,-13744,0,5490732,0,7042419,0
1945,1785928999120,-13866,0,5490655,0,7042492,0
1946,1785928999135,-13976,0,5490591,0,7042243,0
1947,1785928999140,-14230,0,5490569,0,7042045,0
1948,1785928999150,-14384,0,5490506,0,7042070,0
1949,1785928999160,-14563,0,5490550,0,7042070,0
1950,1785928999171,-14819,0,5490469,0,7042036,0
1951,1785928999180,-14985,0,5490460,0,7042042,0
1952,1785928999193,-15185,0,5490579,0,7042099,0
1953,1785928999200,-15372,0,5490416,0,7042061,0
1954,1785928999210,-15638,0,5490444,0,7042034,0
1955,1785928999220,-16006,0,5490499,0,7042083,0
1956,1785928999230,-16216,0,5490578,0,7041858,0
1957,1785928999240,-16576,0,5490341,0,7041652,0
1958,1785928999250,-16757,0,5490157,0,7041592,0
1959,1785928999260,-17152,0,5490111,0,7041438,0
1960,1785928999270,-17194,0,5490068,0,7041574,0
1961,1785928999280,-17494,0,5490073,0,7041449,0
1962,1785928999291,-17588,0,5490087,0,7041337,0
1963,1785928999301,-17730,0,5489991,0,7041299,0
1964,1785928999310,-17730,0,5490056,0,7041509,0
1965,1785928999320,-17771,0,5490006,0,7041467,0
1966,1785928999338,-17823,0,5490078,0,7041434,0
1967,1785928999342,-17845,0,5489972,0,7041545,0
1968,1785928999356,-17842,0,5490083,0,7041563,0
1969,1785928999360,-17768,0,5490084,0,7041451,0
1970,1785928999370,-17734,0,5490153,0,7041664,0
1971,1785928999380,-17585,0,5490069,0,7041789,0
1972,1785928999391,-17491,0,5490127,0,7041697,0
1973,1785928999400,-17299,0,5490078,0,7041740,0
1974,1785928999411,-17131,0,5490133,0,7041886,0
1975,1785928999420,-16897,0,5490259,0,7041891,0
1976,1785928999431,-16605,0,5490268,0,7041985,0
1977,1785928999440,-16371,0,5490316,0,7042050,0
1978,1785928999451,-16110,0,5490181,0,7042106,0
1979,1785928999460,-15831,0,5490133,0,7042021,0
1980,1785928999471,-15602,0,5490154,0,7041999,0
1981,1785928999481,-15252,0,5490171,0,7042060,0
1982,1785928999492,-14987,0,5489958,0,7041853,0
1983,1785928999501,-14683,0,5489987,0,7041839,0
1984,1785928999514,-14479,0,5489842,0,7041669,0
1985,1785928999521,-14400,0,5489802,0,7041618,0
1986,1785928999531,-14543,0,5489543,0,7041089,0
1987,1785928999541,-14881,0,5489407,0,7040920,0
1988,1785928999551,-15646,0,5489221,0,7040530,0
1989,1785928999561,-16597,0,5489103,0,7040259,0
1990,1785928999571,-17852,0,5489001,0,7039670,0
1991,1785928999581,-19139,0,5488916,0,7039466,0
1992,1785928999592,-20678,0,5488703,0,7039049,0
1993,1785928999601,-22273,0,5488466,0,7038706,0
1994,1785928999612,-23717,0,5488443,0,7038370,0
1995,1785928999622,-25329,0,5488202,0,7038137,0
1996,1785928999632,-26685,0,5488001,0,7037889,0
1997,1785928999641,-28153,0,5488024,0,7037781,0
1998,1785928999653,-29405,0,5487927,0,7037513,0
1999,1785928999661,-30534,0,5488116,0,7037617,0
2000,1785928999673,-31565,0,5488041,0,7037676,0
2001,1785928999681,-32501,0,5488116,0,7037764,0
2002,1785928999692,-33915,0,5488066,0,7037651,0
2003,1785928999702,-34536,0,5488045,0,7037472,0
2004,1785928999712,-35219,0,5487822,0,7037064,0
2005,1785928999721,-35595,0,5487927,0,7037266,0
2006,1785928999732,-36061,0,5487734,0,7037078,0
2007,1785928999742,-36405,0,5487565,0,7036976,0
2008,1785928999752,-36778,0,5487565,0,7037181,0
2009,1785928999761,-36976,0,5487416,0,7036775,0
2010,1785928999772,-37367,0,5487187,0,7036654,0
2011,1785928999782,-37446,0,5487067,0,7036513,0
2012,1785928999792,-37519,0,5486874,0,7036537,0
2013,1785928999802,-37710,0,5486859,0,7036278,0
2014,1785928999814,-37741,0,5486786,0,7036264,0
2015,1785928999823,-38016,0,5486749,0,7036132,0
2016,1785928999834,-38171,0,5486743,0,7036093,0
2017,1785928999842,-38501,0,5486634,0,7035969,0
2018,1785928999852,-38665,0,5486568,0,7035984,0
2019,1785928999861,-38912,0,5486544,0,7035974,0
2020,1785928999872,-39214,0,5486333,0,7035783,0
2021,1785928999881,-39624,0,5486137,0,7035472,0
2022,1785928999892,-39723,0,5486144,0,7035288,0
2023,1785928999902,-40069,0,5486016,0,7035230,0
2024,1785928999912,-40484,0,5485825,0,7034987,0
2025,1785928999922,-40751,0,5485823,0,7035033,0
2026,1785928999932,-40972,0,5485826,0,7035063,0
2027,1785928999941,-41311,0,5485839,0,7035101,0
2028,1785928999952,-41407,0,5485750,0,7034993,0
2029,1785928999961,-41688,0,5485626,0,7034959,0
2030,1785928999973,-41890,0,5485682,0,7034873,0
2031,1785928999982,-41900,0,5485503,0,7034727,0
2032,1785928999994,-42119,0,5485577,0,7034655,0
2033,1785929000001,-42208,0,5485557,0,7034686,0
2034,1785929000012,-42275,0,5485386,0,7034697,0
2035,1785929000022,-42126,0,5485367,0,7034483,0
2036,1785929000032,-42398,0,5485429,0,7034588,0
2037,1785929000042,-42133,0,5485350,0,7034444,0
2038,1785929000052,-42145,0,5485393,0,7034631,0
2039,1785929000062,-42010,0,5485301,0,7034649,0
2040,1785929000072,-41775,0,5485423,0,7034746,0
2041,1785929000081,-41548,0,5485413,0,7034868,0
2042,1785929000092,-41423,0,5485497,0,7034928,0
2043,1785929000101,-41114,0,5485615,0,7035031,0
2044,1785929000112,-41089,0,5485593,0,7034946,0
2045,1785929000121,-40784,0,5485371,0,7034843,0
2046,1785929000134,-40461,0,5485431,0,7034968,0
2047,1785929000143,-40143,0,5485330,0,7034794,0
2048,1785929000154,-39979,0,5485192,0,7034644,0
2049,1785929000162,-39788,0,5485208,0,7034435,0
2050,1785929000172,-40023,0,5485133,0,7034332,0
2051,1785929000182,-40379,0,5485093,0,7034124,0
2052,1785929000192,-40900,0,5485025,0,7034028,0
2053,1785929000202,-41951,0,5484907,0,7033549,0
2054,1785929000212,-43050,0,5484732,0,7033168,0
2055,1785929000223,-44364,0,5484627,0,7032878,0
2056,1785929000233,-45771,0,5484520,0,7032753,0
2057,1785929000242,-47439,0,5484422,0,7032449,0
2058,1785929000252,-48825,0,5484221,0,7031898,0
2059,1785929000262,-50195,0,5483944,0,7031653,0
2060,1785929000272,-51779,0,5483928,0,7031362,0
2061,1785929000282,-53091,0,5483887,0,7031332,0
2062,1785929000293,-54189,0,5483808,0,7031104,0
2063,1785929000302,-55590,0,5483931,0,7031124,0
2064,1785929000314,-56392,0,5483905,0,7031086,0
2065,1785929000322,-57290,0,5483860,0,7031030,0
2066,1785929000332,-58101,0,5483907,0,7031081,0
2067,1785929000342,-58774,0,5483926,0,7031046,0
2068,1785929000353,-59509,0,5483949,0,7030916,0
2069,1785929000362,-59860,0,5483838,0,7030935,0
2070,1785929000372,-60429,0,5483733,0,7030707,0
2071,1785929000382,-60863,0,5483552,0,7030703,0
2072,1785929000393,-61074,0,5483585,0,7030557,0
2073,1785929000402,-61344,0,5483462,0,7030640,0
2074,1785929000412,-61515,0,5483424,0,7030655,0
2075,1785929000423,-61620,0,5483343,0,7030570,0
2076,1785929000432,-61698,0,5483393,0,7030451,0
2077,1785929000442,-61816,0,5483241,0,7030470,0
2078,1785929000453,-61960,0,5483196,0,7030136,0
2079,1785929000462,-61927,0,5483062,0,7030251,0
2080,1785929000475,-62116,0,5482944,0,7030061,0
2081,1785929000482,-62178,0,5482853,0,7029967,0
2082,1785929000493,-62238,0,5482713,0,7029806,0
2083,1785929000502,-62525,0,5482601,0,7029663,0
2084,1785929000513,-62692,0,5482507,0,7029486,0
2085,1785929000522,-62946,0,5482552,0,7029541,0
2086,1785929000533,-63006,0,5482463,0,7029382,0
2087,1785929000542,-63382,0,5482610,0,7029315,0
2088,1785929000553,-63526,0,5482434,0,7029291,0
2089,1785929000568,-63748,0,5482490,0,7029205,0
2090,1785929000574,-63861,0,5482551,0,7029214,0
2091,1785929000582,-64155,0,5482258,0,7029190,0
2092,1785929000593,-64244,0,5482452,0,7029023,0
2093,1785929000602,-64360,0,5482324,0,7029051,0
2094,1785929000613,-64500,0,5482207,0,7029010,0
2095,1785929000622,-64504,0,5482179,0,7028863,0
2096,1785929000634,-64522,0,5482086,0,7028907,0
2097,1785929000642,-64676,0,5481987,0,7028698,0
2098,1785929000653,-64569,0,5482067,0,7028730,0
2099,1785929000662,-64579,0,5481960,0,7028706,0
2100,1785929000672,-64309,0,5481936,0,7028651,0
2101,1785929000682,-64155,0,5481952,0,7028653,0
2102,1785929000693,-64019,0,5481971,0,7028673,0
2103,1785929000702,-63964,0,5481975,0,7028711,0
2104,1785929000713,-63685,0,5482010,0,7028861,0
2105,1785929000722,-63611,0,5482028,0,7028965,0
2106,1785929000733,-63294,0,5482039,0,7028898,0
2107,1785929000743,-62926,0,5482283,0,7029120,0
2108,1785929000753,-62627,0,5482285,0,7029319,0
2109,1785929000762,-62227,0,5482371,0,7029510,0
2110,1785929000774,-61924,0,5482456,0,7029339,0
2111,1785929000782,-61631,0,5482544,0,7029420,0
2112,1785929000795,-61306,0,5482488,0,7029503,0
2113,1785929000802,-60970,0,5482502,0,7029469,0
2114,1785929000813,-60488,0,5482369,0,7029663,0
2115,1785929000823,-60077,0,5482556,0,7029485,0
2116,1785929000833,-59816,0,5482452,0,7029426,0
2117,1785929000845,-59856,0,5482392,0,7029228,0
2118,1785929000853,-59955,0,5482263,0,7028992,0
2119,1785929000863,-60469,0,5482267,0,7028780,0
2120,1785929000873,-61296,0,5482182,0,7028330,0
2121,1785929000883,-62471,0,5481978,0,7028013,0
2122,1785929000893,-63722,0,5481673,0,7027685,0
2123,1785929000903,-65128,0,5481495,0,7027117,0
2124,1785929000913,-66607,0,5481523,0,7026830,0
2125,1785929000923,-68332,0,5481412,0,7026576,0
2126,1785929000934,-69873,0,5481275,0,7026271,0
2127,1785929000943,-71232,0,5481083,0,7026010,0
2128,1785929000955,-72693,0,5481083,0,7025709,0
2129,1785929000963,-74164,0,5481092,0,7025540,0
2130,1785929000973,-75465,0,5481096,0,7025443,0
2131,1785929000983,-76649,0,5481007,0,7025433,0
2132,1785929000994,-77620,0,5480876,0,7025126,0
2133,1785929001003,-78532,0,5480827,0,7025109,0
2134,1785929001014,-79375,0,5480805,0,7024993,0
2135,1785929001023,-80157,0,5480767,0,7024886,0
2136,1785929001033,-80827,0,5480551,0,7024795,0
2137,1785929001043,-81480,0,5480697,0,7024730,0
2138,1785929001053,-81850,0,5480530,0,7024672,0
2139,1785929001063,-82402,0,5480487,0,7024609,0
2140,1785929001073,-82736,0,5480448,0,7024612,0
2141,1785929001083,-83015,0,5480488,0,7024605,0
2142,1785929001095,-83214,0,5480403,0,7024237,0
2143,1785929001103,-83494,0,5480190,0,7024270,0
2144,1785929001116,-83615,0,5479954,0,7024041,0
2145,1785929001123,-83734,0,5479922,0,7023943,0
2146,1785929001134,-83866,0,5479815,0,7023888,0
2147,1785929001143,-83899,0,5479821,0,7023829,0
2148,1785929001153,-83924,0,5479782,0,7023795,0
2149,1785929001164,-84096,0,5479727,0,7023777,0
2150,1785929001174,-84133,0,5479759,0,7023563,0
2151,1785929001183,-84140,0,5479863,0,7023839,0
2152,1785929001194,-84321,0,5479624,0,7023715,0
2153,1785929001204,-84711,0,5479796,0,7023624,0
2154,1785929001214,-84738,0,5479721,0,7023573,0
2155,1785929001223,-85007,0,5479727,0,7023507,0
2156,1785929001234,-85278,0,5479719,0,7023504,0
2157,1785929001244,-85297,0,5479741,0,7023382,0
2158,1785929001255,-85516,0,5479649,0,7023268,0
2159,1785929001264,-85764,0,5479760,0,7023271,0
2160,1785929001277,-85828,0,5479571,0,7023287,0
2161,1785929001284,-86024,0,5479698,0,7023198,0
2162,1785929001294,-86046,0,5479779,0,7023052,0
2163,1785929001304,-85971,0,5479724,0,7023152,0
2164,1785929001314,-86119,0,5479613,0,7023190,0
2165,1785929001324,-86104,0,5479681,0,7023095,0
2166,1785929001334,-85971,0,5479669,0,7023074,0
2167,1785929001344,-86026,0,5479662,0,7023057,0
2168,1785929001354,-85751,0,5479577,0,7023112,0
2169,1785929001364,-85709,0,5479678,0,7023084,0
2170,1785929001374,-85399,0,5479527,0,7023080,0
2171,1785929001384,-85090,0,5479568,0,7023029,0
2172,1785929001395,-84934,0,5479530,0,7023239,0
2173,1785929001404,-84688,0,5479678,0,7023193,0
2174,1785929001415,-84329,0,5479898,0,7023488,0
2175,1785929001424,-84035,0,5479734,0,7023263,0
2176,1785929001437,-83822,0,5479712,0,7023384,0
2177,1785929001445,-83350,0,5479967,0,7023487,0
2178,1785929001454,-82941,0,5480041,0,7023561,0
2179,1785929001464,-82523,0,5480056,0,7023810,0
2180,1785929001474,-82134,0,5480133,0,7023909,0
2181,1785929001484,-81598,0,5480211,0,7023867,0
2182,1785929001495,-81200,0,5480208,0,7023914,0
2183,1785929001504,-80669,0,5480195,0,7023865,0
2184,1785929001514,-80414,0,5480195,0,7023958,0
2185,1785929001524,-79914,0,5480073,0,7023796,0
2186,1785929001534,-79558,0,5480084,0,7023799,0
2187,1785929001544,-79428,0,5479959,0,7023400,0
2188,1785929001554,-79719,0,5479827,0,7023285,0
2189,1785929001564,-80158,0,5479766,0,7022999,0
2190,1785929001575,-80790,0,5479709,0,7022779,0
2191,1785929001584,-81886,0,5479636,0,7022387,0
2192,1785929001596,-83070,0,5479464,0,7022060,0
2193,1785929001605,-84248,0,5479471,0,7021692,0
2194,1785929001615,-85836,0,5479446,0,7021351,0
2195,1785929001624,-87188,0,5479442,0,7021234,0
2196,1785929001634,-88596,0,5479181,0,7021044,0
2197,1785929001644,-89967,0,5479039,0,7020721,0
2198,1785929001655,-91226,0,5479067,0,7020486,0
2199,1785929001665,-92432,0,5479062,0,7020331,0
2200,1785929001675,-93474,0,5479162,0,7020207,0
2201,1785929001684,-94561,0,5479124,0,7020243,0
2202,1785929001695,-95546,0,5479080,0,7020118,0
2203,1785929001706,-96155,0,5478960,0,7020046,0
2204,1785929001715,-96850,0,5479108,0,7019935,0
2205,1785929001725,-97464,0,5479066,0,7019708,0
2206,1785929001736,-97924,0,5478847,0,7019724,0
2207,1785929001745,-98294,0,5478663,0,7019521,0
2208,1785929001757,-98824,0,5478697,0,7019425,0
2209,1785929001765,-99139,0,5478586,0,7019370,0
2210,1785929001775,-99406,0,5478557,0,7019286,0
2211,1785929001785,-99563,0,5478500,0,7019157,0
2212,1785929001795,-99647,0,5478504,0,7019146,0
2213,1785929001805,-99725,0,5478418,0,7019116,0
2214,1785929001815,-99622,0,5478289,0,7019200,0
2215,1785929001825,-99656,0,5478228,0,7019022,0
2216,1785929001835,-99633,0,5478390,0,7019029,0
2217,1785929001845,-99724,0,5478171,0,7019026,0
2218,1785929001855,-99521,0,5478347,0,7019056,0
2219,1785929001865,-99530,0,5478257,0,7018972,0
2220,1785929001875,-99570,0,5478355,0,7019052,0
2221,1785929001885,-99482,0,5478229,0,7018974,0
2222,1785929001896,-99538,0,5478393,0,7018926,0
2223,1785929001905,-99479,0,5478421,0,7018934,0
2224,1785929001917,-99610,0,5478278,0,7018770,0
2225,1785929001925,-99725,0,5478181,0,7018774,0
2226,1785929001935,-99650,0,5478214,0,7018785,0
2227,1785929001945,-99625,0,5478158,0,7018571,0
2228,1785929001955,-99694,0,5478326,0,7018719,0
2229,1785929001965,-99705,0,5478160,0,7018521,0
2230,1785929001976,-99617,0,5478159,0,7018403,0
2231,1785929001985,-99609,0,5478099,0,7018471,0
2232,1785929001996,-99499,0,5478247,0,7018604,0
2233,1785929002005,-99509,0,5478208,0,7018591,0
2234,1785929002016,-99362,0,5478134,0,7018606,0
2235,1785929002026,-99227,0,5478154,0,7018492,0
2236,1785929002035,-99039,0,5478247,0,7018688,0
2237,1785929002045,-98805,0,5478203,0,7018572,0
2238,1785929002056,-98557,0,5478288,0,7018712,0
2239,1785929002065,-98109,0,5478358,0,7018769,0
2240,1785929002078,-97849,0,5478135,0,7018773,0
2241,1785929002085,-97510,0,5478413,0,7018825,0
2242,1785929002096,-97063,0,5478309,0,7018900,0
2243,1785929002105,-96631,0,5478527,0,7019098,0
2244,1785929002115,-96145,0,5478515,0,7019056,0
2245,1785929002125,-95598,0,5478716,0,7019265,0
2246,1785929002136,-95146,0,5478860,0,7019452,0
2247,1785929002145,-94588,0,5478918,0,7019561,0
2248,1785929002156,-94104,0,5478916,0,7019597,0
2249,1785929002165,-93585,0,5479101,0,7019781,0
2250,1785929002176,-93124,0,5479332,0,7019930,0
2251,1785929002185,-92353,0,5479325,0,7020080,0
2252,1785929002196,-91736,0,5479445,0,7020209,0
2253,1785929002206,-91388,0,5479578,0,7020417,0
2254,1785929002217,-90780,0,5479740,0,7020608,0
2255,1785929002226,-90214,0,5479733,0,7020723,0
2256,1785929002237,-89492,0,5479785,0,7020626,0
2257,1785929002246,-88947,0,5479886,0,7020898,0
2258,1785929002256,-88179,0,5479884,0,7020846,0
2259,1785929002266,-87663,0,5479912,0,7020643,0
2260,1785929002277,-87097,0,5479876,0,7020902,0
2261,1785929002286,-86475,0,5479929,0,7020894,0
2262,1785929002297,-85917,0,5480017,0,7021034,0
2263,1785929002306,-85415,0,5480026,0,7020893,0
2264,1785929002316,-85068,0,5480025,0,7020863,0
2265,1785929002326,-85093,0,5480087,0,7020529,0
2266,1785929002336,-85372,0,5480151,0,7020475,0
2267,1785929002347,-85991,0,5480179,0,7020253,0
2268,1785929002358,-86781,0,5480061,0,7019897,0
2269,1785929002366,-87785,0,5480169,0,7019802,0
2270,1785929002377,-88890,0,5479967,0,7019608,0
2271,1785929002386,-90177,0,5480036,0,7019278,0
2272,1785929002399,-91318,0,5479768,0,7018897,0
2273,1785929002406,-92507,0,5479826,0,7018559,0
2274,1785929002417,-93687,0,5479616,0,7018411,0
2275,1785929002426,-94779,0,5479444,0,7018191,0
2276,1785929002437,-95675,0,5479451,0,7018081,0
2277,1785929002446,-96465,0,5479582,0,7018143,0
2278,1785929002457,-97381,0,5479514,0,7017981,0
2279,1785929002466,-97783,0,5479502,0,7017984,0
2280,1785929002476,-98116,0,5479580,0,7018006,0
2281,1785929002486,-98484,0,5479553,0,7017990,0
2282,1785929002497,-98933,0,5479615,0,7017967,0
2283,1785929002506,-99192,0,5479743,0,7018146,0
2284,1785929002517,-99368,0,5479735,0,7017953,0
2285,1785929002526,-99488,0,5479657,0,7017919,0
2286,1785929002537,-99484,0,5479613,0,7017945,0
2287,1785929002546,-99509,0,5479606,0,7017956,0
2288,1785929002558,-99416,0,5479586,0,7017899,0
2289,1785929002566,-99379,0,5479520,0,7017923,0
2290,1785929002577,-99180,0,5479470,0,7017940,0
2291,1785929002586,-98898,0,5479390,0,7017786,0
2292,1785929002597,-98867,0,5479351,0,7017679,0
2293,1785929002606,-98545,0,5479406,0,7017618,0
2294,1785929002617,-98166,0,5479494,0,7017680,0
2295,1785929002627,-98177,0,5479382,0,7017626,0
2296,1785929002637,-97965,0,5479660,0,7017918,0
2297,1785929002646,-97750,0,5479579,0,7017763,0
2298,1785929002657,-97692,0,5479588,0,7017737,0
2299,1785929002667,-97461,0,5479614,0,7017570,0
2300,1785929002677,-97543,0,5479644,0,7017704,0
2301,1785929002687,-97403,0,5479593,0,7017562,0
2302,1785929002698,-97421,0,5479679,0,7017631,0
2303,1785929002707,-97408,0,5479490,0,7017548,0
2304,1785929002720,-97167,0,5479628,0,7017571,0
2305,1785929002727,-97225,0,5479730,0,7017542,0
2306,1785929002737,-97161,0,5479669,0,7017502,0
2307,1785929002747,-97049,0,5479557,0,7017484,0
2308,1785929002757,-96813,0,5479480,0,7017308,0
2309,1785929002767,-96523,0,5479632,0,7017351,0
2310,1785929002777,-96409,0,5479587,0,7017438,0
2311,1785929002787,-96076,0,5479546,0,7017401,0
2312,1785929002798,-95904,0,5479500,0,7017419,0
2313,1785929002807,-95560,0,5479497,0,7017206,0
2314,1785929002817,-95226,0,5479493,0,7017393,0
2315,1785929002827,-94941,0,5479491,0,7017381,0
2316,1785929002837,-94591,0,5479605,0,7017415,0
2317,1785929002847,-94118,0,5479543,0,7017467,0
2318,1785929002858,-93702,0,5479479,0,7017436,0
2319,1785929002867,-93123,0,5479610,0,7017583,0
2320,1785929002880,-92724,0,5479535,0,7017649,0
2321,1785929002887,-92204,0,5479494,0,7017689,0
2322,1785929002898,-91690,0,5479568,0,7017638,0
2323,1785929002911,-91019,0,5479564,0,7017659,0
2324,1785929002918,-90521,0,5479590,0,7017680,0
2325,1785929002927,-90005,0,5479518,0,7017757,0
2326,1785929002943,-89507,0,5479664,0,7017780,0
2327,1785929002948,-88946,0,5479638,0,7017709,0
2328,1785929002965,-88354,0,5479608,0,7017754,0
2329,1785929002967,-87739,0,5479683,0,7017947,0
2330,1785929002978,-87209,0,5479694,0,7017916,0
2331,1785929002987,-86515,0,5479628,0,7017877,0
2332,1785929002998,-85763,0,5479709,0,7018062,0
2333,1785929003007,-85275,0,5479791,0,7018115,0
2334,1785929003018,-84608,0,5479689,0,7018206,0
2335,1785929003027,-84032,0,5479821,0,7018179,0
2336,1785929003040,-83515,0,5479891,0,7018214,0
2337,1785929003047,-83245,0,5479931,0,7018061,0
2338,1785929003058,-83310,0,5479801,0,7018046,0
2339,1785929003068,-83518,0,5479855,0,7017769,0
2340,1785929003078,-83991,0,5479817,0,7017465,0
2341,1785929003088,-84640,0,5479784,0,7017382,0
2342,1785929003098,-85605,0,5479805,0,7017031,0
2343,1785929003108,-86490,0,5479696,0,7016844,0
2344,1785929003118,-87495,0,5479789,0,7016578,0
2345,1785929003128,-88523,0,5479640,0,7016413,0
2346,1785929003140,-89305,0,5479689,0,7016216,0
2347,1785929003148,-90418,0,5479646,0,7016173,0
2348,1785929003158,-91034,0,5479707,0,7016114,0
2349,1785929003168,-91808,0,5479634,0,7016180,0
2350,1785929003179,-92392,0,5479807,0,7016022,0
2351,1785929003188,-92989,0,5479829,0,7016072,0
2352,1785929003200,-93279,0,5479904,0,7016155,0
2353,1785929003208,-93566,0,5479815,0,7016257,0
2354,1785929003218,-93792,0,5479935,0,7016216,0
2355,1785929003228,-94007,0,5479514,0,7015954,0
2356,1785929003238,-94103,0,5479680,0,7016006,0
2357,1785929003248,-94020,0,5479713,0,7015973,0
2358,1785929003258,-93876,0,5479619,0,7015845,0
2359,1785929003268,-93782,0,5479739,0,7015924,0
2360,1785929003279,-93639,0,5479580,0,7015951,0
2361,1785929003288,-93396,0,5479649,0,7015919,0
2362,1785929003299,-92914,0,5479531,0,7015987,0
2363,1785929003309,-92662,0,5479482,0,7015900,0
2364,1785929003319,-92296,0,5479458,0,7015845,0
2365,1785929003328,-91942,0,5479442,0,7015875,0
2366,1785929003339,-91651,0,5479391,0,7015717,0
2367,1785929003348,-91193,0,5479458,0,7015812,0
2368,1785929003361,-91130,0,5479408,0,7015898,0
2369,1785929003369,-90717,0,5479422,0,7015835,0
2370,1785929003379,-90609,0,5479551,0,7015799,0
2371,1785929003388,-90407,0,5479396,0,7015892,0
2372,1785929003399,-90171,0,5479380,0,7015794,0
2373,1785929003409,-90060,0,5479404,0,7015689,0
2374,1785929003419,-89959,0,5479347,0,7015607,0
2375,1785929003429,-89810,0,5479274,0,7015570,0
2376,1785929003439,-89539,0,5479252,0,7015340,0
2377,1785929003449,-89484,0,5479248,0,7015563,0
2378,1785929003459,-89240,0,5479306,0,7015337,0
2379,1785929003469,-89019,0,5479280,0,7015362,0
2380,1785929003479,-88694,0,5479280,0,7015528,0
2381,1785929003489,-88408,0,5479361,0,7015620,0
2382,1785929003500,-88223,0,5479279,0,7015580,0
2383,1785929003509,-87814,0,5479478,0,7015759,0
2384,1785929003521,-87276,0,5479456,0,7015766,0
2385,1785929003529,-87017,0,5479472,0,7015775,0
2386,1785929003539,-86724,0,5479409,0,7015760,0
2387,1785929003549,-86180,0,5479529,0,7015711,0
2388,1785929003559,-85716,0,5479527,0,7015571,0
2389,1785929003570,-85136,0,5479458,0,7015926,0
2390,1785929003579,-84589,0,5479505,0,7015973,0
2391,1785929003589,-84062,0,5479481,0,7015956,0
2392,1785929003600,-83551,0,5479746,0,7016102,0
2393,1785929003609,-82991,0,5479856,0,7016322,0
2394,1785929003619,-82463,0,5479820,0,7016517,0
2395,1785929003629,-81775,0,5479939,0,7016658,0
2396,1785929003640,-81070,0,5479985,0,7016653,0
2397,1785929003649,-80612,0,5479945,0,7016720,0
2398,1785929003660,-79787,0,5480116,0,7016883,0
2399,1785929003670,-79330,0,5480202,0,7016861,0
2400,1785929003682,-78497,0,5480345,0,7017105,0
2401,1785929003689,-77806,0,5480240,0,7017194,0
2402,1785929003700,-77191,0,5480288,0,7017131,0
2403,1785929003710,-76442,0,5480371,0,7017460,0
2404,1785929003720,-75863,0,5480337,0,7017354,0
2405,1785929003729,-75112,0,5480395,0,7017331,0
2406,1785929003740,-74496,0,5480325,0,7017223,0
2407,1785929003749,-74045,0,5480307,0,7017150,0
2408,1785929003760,-73673,0,5480261,0,7016915,0
2409,1785929003769,-73593,0,5480127,0,7016613,0
2410,1785929003780,-73917,0,5480023,0,7016346,0
2411,1785929003789,-74336,0,5479875,0,7016233,0
2412,1785929003800,-75110,0,5479868,0,7015764,0
2413,1785929003809,-75878,0,5479791,0,7015550,0
2414,1785929003821,-76846,0,5479856,0,7015305,0
2415,1785929003830,-77935,0,5479671,0,7015183,0
2416,1785929003842,-78809,0,5479663,0,7014890,0
2417,1785929003850,-79829,0,5479604,0,7014618,0
2418,1785929003860,-80871,0,5479452,0,7014551,0
2419,1785929003870,-81795,0,5479530,0,7014382,0
2420,1785929003880,-82455,0,5479557,0,7014305,0
2421,1785929003890,-83355,0,5479475,0,7014184,0
2422,1785929003901,-83781,0,5479478,0,7014192,0
2423,1785929003910,-84268,0,5479433,0,7014081,0
2424,1785929003920,-84728,0,5479421,0,7014182,0
2425,1785929003930,-85117,0,5479419,0,7014148,0
2426,1785929003941,-85214,0,5479443,0,7014064,0
2427,1785929003950,-85562,0,5479361,0,7013973,0
2428,1785929003961,-85627,0,5479401,0,7014064,0
2429,1785929003970,-85687,0,5479236,0,7014116,0
2430,1785929003981,-85529,0,5479229,0,7013875,0
2431,1785929003990,-85425,0,5479242,0,7013983,0
2432,1785929004003,-85368,0,5479165,0,7013979,0
2433,1785929004010,-85119,0,5479048,0,7013782,0
2434,1785929004021,-84979,0,5479053,0,7013742,0
2435,1785929004030,-84823,0,5478808,0,7013507,0
2436,1785929004040,-84419,0,5478852,0,7013621,0
2437,1785929004051,-84296,0,5478731,0,7013401,0
2438,1785929004061,-83870,0,5478547,0,7013397,0
2439,1785929004071,-83690,0,5478743,0,7013486,0
2440,1785929004081,-83315,0,5478667,0,7013477,0
2441,1785929004091,-83191,0,5478718,0,7013531,0
2442,1785929004107,-82977,0,5478918,0,7013629,0
2443,1785929004110,-82663,0,5478891,0,7013663,0
2444,1785929004122,-82575,0,5478981,0,7013694,0
2445,1785929004131,-82394,0,5479010,0,7013741,0
2446,1785929004142,-82226,0,5479047,0,7013789,0
2447,1785929004156,-82056,0,5479026,0,7013697,0
2448,1785929004163,-81986,0,5478969,0,7013661,0
2449,1785929004170,-81622,0,5478933,0,7013694,0
2450,1785929004181,-81542,0,5478881,0,7013586,0
2451,1785929004191,-81265,0,5478858,0,7013451,0
2452,1785929004201,-81051,0,5478799,0,7013558,0
2453,1785929004211,-80735,0,5478860,0,7013615,0
2454,1785929004221,-80495,0,5478752,0,7013632,0
2455,1785929004231,-80184,0,5478737,0,7013569,0
2456,1785929004241,-79770,0,5478788,0,7013634,0
2457,1785929004251,-79460,0,5478790,0,7013625,0
2458,1785929004261,-78958,0,5478701,0,7013513,0
2459,1785929004271,-78505,0,5478609,0,7013562,0
2460,1785929004281,-78012,0,5478504,0,7013429,0
2461,1785929004291,-77565,0,5478491,0,7013406,0
2462,1785929004303,-77039,0,5478288,0,7013483,0
2463,1785929004311,-76415,0,5478490,0,7013547,0
2464,1785929004324,-75932,0,5478554,0,7013707,0
2465,1785929004331,-75350,0,5478426,0,7013719,0
2466,1785929004341,-74751,0,5478665,0,7013993,0
2467,1785929004351,-74181,0,5478656,0,7013976,0
2468,1785929004361,-73576,0,5478797,0,7014119,0
2469,1785929004372,-72866,0,5478714,0,7014140,0
2470,1785929004382,-72257,0,5478913,0,7014248,0
2471,1785929004392,-71579,0,5479024,0,7014446,0
2472,1785929004402,-70985,0,5479001,0,7014406,0
2473,1785929004412,-70189,0,5478884,0,7014621,0
2474,1785929004422,-69614,0,5478917,0,7014499,0
2475,1785929004432,-68952,0,5478968,0,7014642,0
2476,1785929004443,-68246,0,5478841,0,7014759,0
2477,1785929004452,-67528,0,5479028,0,7014740,0
2478,1785929004467,-66878,0,5479091,0,7014760,0
2479,1785929004472,-66533,0,5479004,0,7014529,0
2480,1785929004484,-66166,0,5478910,0,7014426,0
2481,1785929004492,-66527,0,5479071,0,7014086,0
2482,1785929004502,-66878,0,5478952,0,7013948,0
2483,1785929004512,-67607,0,5479023,0,7013893,0
2484,1785929004522,-68448,0,5479133,0,7013638,0
2485,1785929004533,-69389,0,5479087,0,7013453,0
2486,1785929004543,-70387,0,5478990,0,7013172,0
2487,1785929004552,-71343,0,5478848,0,7013064,0
2488,1785929004562,-72291,0,5478724,0,7012627,0
2489,1785929004572,-73157,0,5478561,0,7012295,0
2490,1785929004582,-74017,0,5478629,0,7012154,0
2491,1785929004592,-74713,0,5478618,0,7012153,0
2492,1785929004602,-75370,0,5478631,0,7012210,0
2493,1785929004612,-75840,0,5478762,0,7012322,0
2494,1785929004623,-76112,0,5478931,0,7012535,0
2495,1785929004632,-76611,0,5479027,0,7012558,0
2496,1785929004645,-76785,0,5479125,0,7012660,0
2497,1785929004652,-76952,0,5479001,0,7012724,0
2498,1785929004662,-77008,0,5478908,0,7012703,0
2499,1785929004672,-77147,0,5478947,0,7012323,0
2500,1785929004682,-77272,0,5478769,0,7012389,0
2501,1785929004692,-77177,0,5478583,0,7012192,0
2502,1785929004703,-77021,0,5478634,0,7012268,0
2503,1785929004712,-76832,0,5478576,0,7012115,0
2504,1785929004722,-76716,0,5478591,0,7012111,0
2505,1785929004732,-76526,0,5478470,0,7012130,0
2506,1785929004742,-76236,0,5478507,0,7012213,0
2507,1785929004752,-75825,0,5478377,0,7012004,0
2508,1785929004762,-75602,0,5478367,0,7012122,0
2509,1785929004772,-75255,0,5478333,0,7012036,0
2510,1785929004783,-75038,0,5478325,0,7012107,0
2511,1785929004792,-74604,0,5478454,0,7012171,0
2512,1785929004804,-74458,0,5478337,0,7012195,0
2513,1785929004812,-74113,0,5478438,0,7012251,0
2514,1785929004822,-73845,0,5478397,0,7012436,0
2515,1785929004832,-73590,0,5478311,0,7012320,0
2516,1785929004842,-73289,0,5478489,0,7012318,0
2517,1785929004852,-72940,0,5478540,0,7012334,0
2518,1785929004863,-72834,0,5478299,0,7012113,0
2519,1785929004872,-72502,0,5478222,0,7012027,0
2520,1785929004882,-72333,0,5478242,0,7011781,0
2521,1785929004892,-72106,0,5478215,0,7012099,0
2522,1785929004903,-71860,0,5478370,0,7012202,0
2523,1785929004912,-71568,0,5478346,0,7012238,0
2524,1785929004923,-71272,0,5478386,0,7012364,0
2525,1785929004932,-70973,0,5478296,0,7012281,0
2526,1785929004943,-70552,0,5478246,0,7012348,0
2527,1785929004952,-70182,0,5478150,0,7012142,0
2528,1785929004965,-69769,0,5478018,0,7012015,0
2529,1785929004972,-69273,0,5478095,0,7011838,0
2530,1785929004983,-68879,0,5477981,0,7012022,0
2531,1785929004992,-68321,0,5478079,0,7012176,0
2532,1785929005003,-67823,0,5478190,0,7012502,0
2533,1785929005012,-67332,0,5478372,0,7012780,0
2534,1785929005023,-66717,0,5478330,0,7012877,0
2535,1785929005032,-66139,0,5478490,0,7012894,0
2536,1785929005043,-65528,0,5478570,0,7013048,0
2537,1785929005055,-64779,0,5478592,0,7013059,0
2538,1785929005063,-64085,0,5478788,0,7013173,0
2539,1785929005072,-63495,0,5478722,0,7013125,0
2540,1785929005082,-62683,0,5478815,0,7013307,0
2541,1785929005092,-62215,0,5478968,0,7013731,0
2542,1785929005104,-61503,0,5479069,0,7013867,0
2543,1785929005112,-60797,0,5479254,0,7013937,0
2544,1785929005124,-60001,0,5479261,0,7014136,0
2545,1785929005132,-59362,0,5479099,0,7014207,0
2546,1785929005143,-58688,0,5479046,0,7014086,0
2547,1785929005152,-58034,0,5478917,0,7014007,0
2548,1785929005163,-57424,0,5478816,0,7014060,0
2549,1785929005172,-56696,0,5478678,0,7013811,0
2550,1785929005183,-56254,0,5478751,0,7013546,0
2551,1785929005193,-55935,0,5478525,0,7013340,0
2552,1785929005203,-56031,0,5478480,0,7013106,0
2553,1785929005214,-56434,0,5478286,0,7012801,0
2554,1785929005226,-56858,0,5478401,0,7012825,0
2555,1785929005232,-57599,0,5478508,0,7012609,0
2556,1785929005247,-58347,0,5478566,0,7012450,0
2557,1785929005252,-59307,0,5478612,0,7012211,0
2558,1785929005265,-60041,0,5478524,0,7011902,0
2559,1785929005272,-60898,0,5478390,0,7011790,0
2560,1785929005285,-61773,0,5478448,0,7011485,0
2561,1785929005294,-62563,0,5478419,0,7011520,0
2562,1785929005303,-63174,0,5478390,0,7011524,0
2563,1785929005312,-63876,0,5478505,0,7011704,0
2564,1785929005323,-64428,0,5478612,0,7011791,0
2565,1785929005332,-64644,0,5478708,0,7011942,0
2566,1785929005344,-65079,0,5478690,0,7011991,0
2567,1785929005352,-65362,0,5478761,0,7011985,0
2568,1785929005363,-65383,0,5478981,0,7012099,0
2569,1785929005372,-65345,0,5478843,0,7012016,0
2570,1785929005383,-65397,0,5478946,0,7012193,0
2571,1785929005392,-65409,0,5479087,0,7012233,0
2572,1785929005403,-65137,0,5479195,0,7012296,0
2573,1785929005413,-65021,0,5479211,0,7012366,0
2574,1785929005424,-64809,0,5479340,0,7012713,0
2575,1785929005435,-64552,0,5479393,0,7012623,0
2576,1785929005446,-64273,0,5479443,0,7012978,0
2577,1785929005453,-63992,0,5479471,0,7012943,0
2578,1785929005463,-63598,0,5479522,0,7013035,0
2579,1785929005473,-63287,0,5479561,0,7013240,0
2580,1785929005483,-63020,0,5479510,0,7013219,0
2581,1785929005493,-62507,0,5479619,0,7013236,0
2582,1785929005503,-62316,0,5479574,0,7013294,0
2583,1785929005513,-61941,0,5479721,0,7013542,0
2584,1785929005523,-61491,0,5479856,0,7013435,0
2585,1785929005533,-61368,0,5479940,0,7013884,0
2586,1785929005546,-60999,0,5479962,0,7013946,0
2587,1785929005553,-60755,0,5480198,0,7014058,0
2588,1785929005564,-60362,0,5480011,0,7013982,0
2589,1785929005573,-60295,0,5479983,0,7013868,0
2590,1785929005584,-59927,0,5479893,0,7013470,0
2591,1785929005593,-59554,0,5479814,0,7013509,0
2592,1785929005606,-59307,0,5479815,0,7013410,0
2593,1785929005613,-58985,0,5479853,0,7013590,0
2594,1785929005623,-58701,0,5480065,0,7013878,0
2595,1785929005633,-58261,0,5480392,0,7014318,0
2596,1785929005643,-57865,0,5480496,0,7014549,0
2597,1785929005653,-57397,0,5480678,0,7014817,0
2598,1785929005663,-56936,0,5480729,0,7014805,0
2599,1785929005673,-56569,0,5480545,0,7014844,0
2600,1785929005683,-55977,0,5480467,0,7014577,0
2601,1785929005693,-55528,0,5480401,0,7014464,0
2602,1785929005704,-54812,0,5480300,0,7014376,0
2603,1785929005713,-54355,0,5480156,0,7014221,0
2604,1785929005723,-53934,0,5480083,0,7014220,0
2605,1785929005733,-53084,0,5480187,0,7014260,0
2606,1785929005745,-52392,0,5480322,0,7014474,0
2607,1785929005753,-51802,0,5480402,0,7014530,0
2608,1785929005766,-51247,0,5480430,0,7014563,0
2609,1785929005774,-50379,0,5480380,0,7014679,0
2610,1785929005784,-49793,0,5480414,0,7014766,0
2611,1785929005793,-49162,0,5480568,0,7014826,0
2612,1785929005804,-48444,0,5480553,0,7014824,0
2613,1785929005814,-47844,0,5480612,0,7015040,0
2614,1785929005824,-47119,0,5480829,0,7015181,0
2615,1785929005833,-46389,0,5480866,0,7015272,0
2616,1785929005844,-45886,0,5480966,0,7015476,0
2617,1785929005854,-44969,0,5481023,0,7015557,0
2618,1785929005864,-44310,0,5480896,0,7015730,0
2619,1785929005873,-43588,0,5480933,0,7015458,0
2620,1785929005884,-43219,0,5480851,0,7015169,0
2621,1785929005894,-42735,0,5480785,0,7015145,0
2622,1785929005905,-42478,0,5480813,0,7014988,0
2623,1785929005914,-42537,0,5480760,0,7014898,0
2624,1785929005926,-42829,0,5480716,0,7014635,0
2625,1785929005934,-43371,0,5480728,0,7014441,0
2626,1785929005944,-43982,0,5480580,0,7014168,0
2627,1785929005954,-44751,0,5480609,0,7013998,0
2628,1785929005964,-45656,0,5480529,0,7013789,0
2629,1785929005974,-46224,0,5480545,0,7013631,0
2630,1785929005984,-47089,0,5480592,0,7013618,0
2631,1785929005994,-47909,0,5480554,0,7013567,0
2632,1785929006005,-48460,0,5480763,0,7013560,0
2633,1785929006014,-49064,0,5480646,0,7013595,0
2634,1785929006024,-49546,0,5480558,0,7013658,0
2635,1785929006034,-49798,0,5480643,0,7013662,0
2636,1785929006044,-50133,0,5480790,0,7013708,0
2637,1785929006054,-50281,0,5480804,0,7013791,0
2638,1785929006065,-50548,0,5480799,0,7013735,0
2639,1785929006074,-50552,0,5480797,0,7013673,0
2640,1785929006087,-50437,0,5480605,0,7013766,0
2641,1785929006094,-50177,0,5480588,0,7013618,0
2642,1785929006105,-49922,0,5480524,0,7013603,0
2643,1785929006114,-49931,0,5480481,0,7013559,0
2644,1785929006125,-49464,0,5480655,0,7013794,0
2645,1785929006134,-49184,0,5480746,0,7014018,0
2646,1785929006146,-48800,0,5480728,0,7014041,0
2647,1785929006154,-48290,0,5480813,0,7013926,0
2648,1785929006164,-47907,0,5480833,0,7014095,0
2649,1785929006174,-47431,0,5480847,0,7014375,0
2650,1785929006185,-47130,0,5480901,0,7014215,0
2651,1785929006194,-46707,0,5480788,0,7014300,0
2652,1785929006205,-46402,0,5480742,0,7014141,0
2653,1785929006214,-46156,0,5480666,0,7014228,0
2654,1785929006226,-45756,0,5480768,0,7014240,0
2655,1785929006234,-45601,0,5480735,0,7014247,0
2656,1785929006247,-45230,0,5480526,0,7014155,0
2657,1785929006255,-45178,0,5480398,0,7013884,0
2658,1785929006265,-44851,0,5480339,0,7013656,0
2659,1785929006275,-44625,0,5480345,0,7013587,0
2660,1785929006285,-44326,0,5480295,0,7013605,0
2661,1785929006295,-44176,0,5480365,0,7013696,0
2662,1785929006305,-43742,0,5480441,0,7013796,0
2663,1785929006315,-43664,0,5480461,0,7013819,0
2664,1785929006325,-43223,0,5480382,0,7013955,0
2665,1785929006335,-42837,0,5480378,0,7013857,0
2666,1785929006345,-42611,0,5480346,0,7013741,0
2667,1785929006355,-42185,0,5480410,0,7013864,0
2668,1785929006365,-41903,0,5480366,0,7014018,0
2669,1785929006375,-41413,0,5480337,0,7014019,0
2670,1785929006386,-40978,0,5480474,0,7014155,0
2671,1785929006395,-40420,0,5480457,0,7014322,0
2672,1785929006407,-40067,0,5480358,0,7014156,0
2673,1785929006415,-39524,0,5480409,0,7014273,0
2674,1785929006427,-38972,0,5480220,0,7014310,0
2675,1785929006435,-38544,0,5480394,0,7014165,0
2676,1785929006445,-37908,0,5480420,0,7014413,0
2677,1785929006455,-37505,0,5480421,0,7014480,0
2678,1785929006465,-36793,0,5480544,0,7014728,0
2679,1785929006475,-36150,0,5480482,0,7014697,0
2680,1785929006485,-35624,0,5480332,0,7014564,0
2681,1785929006495,-34958,0,5480340,0,7014637,0
2682,1785929006506,-34434,0,5480228,0,7014423,0
2683,1785929006515,-33661,0,5480052,0,7014502,0
2684,1785929006525,-33104,0,5480182,0,7014475,0
2685,1785929006535,-32480,0,5480210,0,7014506,0
2686,1785929006559,-31983,0,5480061,0,7014432,0
2687,1785929006559,-31715,0,5479966,0,7014368,0
2688,1785929006568,-31674,0,5479955,0,7014033,0
2689,1785929006580,-31808,0,5479887,0,7013604,0
2690,1785929006586,-32357,0,5479721,0,7013543,0
2691,1785929006595,-32924,0,5479563,0,7013218,0
2692,1785929006606,-33665,0,5479503,0,7012865,0
2693,1785929006615,-34443,0,5479416,0,7012707,0
2694,1785929006626,-35390,0,5479272,0,7012389,0
2695,1785929006636,-36359,0,5479250,0,7012171,0
2696,1785929006646,-37217,0,5479237,0,7012041,0
2697,1785929006655,-38051,0,5479088,0,7011783,0
2698,1785929006666,-38845,0,5479120,0,7011724,0
2699,1785929006675,-39589,0,5479126,0,7011814,0
2700,1785929006686,-40159,0,5479231,0,7011798,0
2701,1785929006696,-40565,0,5479329,0,7012076,0
2702,1785929006707,-41123,0,5479538,0,7012094,0
2703,1785929006715,-41363,0,5479453,0,7012083,0
2704,1785929006730,-41645,0,5479368,0,7012179,0
2705,1785929006737,-41826,0,5479386,0,7011988,0
2706,1785929006746,-41883,0,5479299,0,7011991,0
2707,1785929006756,-42028,0,5479248,0,7011766,0
2708,1785929006766,-41920,0,5479153,0,7011936,0
2709,1785929006776,-41860,0,5479023,0,7011781,0
2710,1785929006786,-41772,0,5479159,0,7011867,0
2711,1785929006796,-41752,0,5479048,0,7011800,0
2712,1785929006806,-41428,0,5478924,0,7011780,0
2713,1785929006816,-41064,0,5478855,0,7011671,0
2714,1785929006826,-40819,0,5478677,0,7011802,0
2715,1785929006836,-40613,0,5478595,0,7011540,0
2716,1785929006846,-40314,0,5478586,0,7011597,0
2717,1785929006856,-39984,0,5478561,0,7011623,0
2718,1785929006867,-39765,0,5478518,0,7011552,0
2719,1785929006876,-39432,0,5478651,0,7011537,0
2720,1785929006889,-39125,0,5478745,0,7011572,0
2721,1785929006896,-38890,0,5478525,0,7011556,0
2722,1785929006907,-38741,0,5478587,0,7011676,0
2723,1785929006916,-38452,0,5478755,0,7011606,0
2724,1785929006926,-38402,0,5478644,0,7011561,0
2725,1785929006936,-38166,0,5478600,0,7011594,0
2726,1785929006947,-38011,0,5478597,0,7011682,0
2727,1785929006956,-37746,0,5478647,0,7011792,0
2728,1785929006967,-37565,0,5478609,0,7011584,0
2729,1785929006976,-37489,0,5478724,0,7011591,0
2730,1785929006987,-37203,0,5478660,0,7011668,0
2731,1785929006996,-36881,0,5478728,0,7011733,0
2732,1785929007007,-36698,0,5478713,0,7011785,0
2733,1785929007016,-36063,0,5478803,0,7011878,0
2734,1785929007028,-35891,0,5478798,0,7011968,0
2735,1785929007036,-35574,0,5478902,0,7011897,0
2736,1785929007048,-35135,0,5478839,0,7011996,0
2737,1785929007056,-34714,0,5479003,0,7012177,0
2738,1785929007067,-34446,0,5478886,0,7012198,0
2739,1785929007077,-33882,0,5479075,0,7012352,0
2740,1785929007087,-33547,0,5478948,0,7012514,0
2741,1785929007097,-32876,0,5479176,0,7012638,0
2742,1785929007108,-32287,0,5479249,0,7012874,0
2743,1785929007117,-31924,0,5479235,0,7012960,0
2744,1785929007127,-31315,0,5479307,0,7013039,0
2745,1785929007136,-30654,0,5479255,0,7012991,0
2746,1785929007147,-30072,0,5479164,0,7012962,0
2747,1785929007157,-29557,0,5479173,0,7012992,0
2748,1785929007167,-28850,0,5479315,0,7013145,0
2749,1785929007177,-28354,0,5479270,0,7013215,0
2750,1785929007188,-27815,0,5479340,0,7013190,0
2751,1785929007197,-27347,0,5479323,0,7013305,0
2752,1785929007210,-27016,0,5479418,0,7013199,0
2753,1785929007217,-27016,0,5479341,0,7013054,0
2754,1785929007227,-27398,0,5479159,0,7012697,0
2755,1785929007237,-28006,0,5479112,0,7012517,0
2756,1785929007247,-28596,0,5479014,0,7012073,0
2757,1785929007257,-29517,0,5478985,0,7012041,0
2758,1785929007268,-30401,0,5478775,0,7011747,0
2759,1785929007277,-31626,0,5478729,0,7011370,0
2760,1785929007287,-32596,0,5478580,0,7011117,0
2761,1785929007297,-33651,0,5478534,0,7011007,0
2762,1785929007308,-34621,0,5478495,0,7010537,0
2763,1785929007317,-35637,0,5478569,0,7010593,0
2764,1785929007328,-36365,0,5478622,0,7010648,0
2765,1785929007337,-37060,0,5478681,0,7010628,0
2766,1785929007348,-37780,0,5478880,0,7010699,0
2767,1785929007357,-38284,0,5478868,0,7010962,0
2768,1785929007369,-38823,0,5478886,0,7010839,0
2769,1785929007377,-39111,0,5478857,0,7010726,0
2770,1785929007388,-39459,0,5478968,0,7010913,0
2771,1785929007398,-39711,0,5478817,0,7010806,0
2772,1785929007408,-39962,0,5478821,0,7010704,0
2773,1785929007417,-40086,0,5478694,0,7010664,0
2774,1785929007428,-40288,0,5478586,0,7010639,0
2775,1785929007440,-40221,0,5478570,0,7010566,0
2776,1785929007448,-40163,0,5478359,0,7010355,0
2777,1785929007457,-40253,0,5478232,0,7010299,0
2778,1785929007468,-40015,0,5477973,0,7010181,0
2779,1785929007478,-40067,0,5477838,0,7009945,0
2780,1785929007488,-39683,0,5477806,0,7010082,0
2781,1785929007497,-39480,0,5477738,0,7009958,0
2782,1785929007509,-39200,0,5477696,0,7009950,0
2783,1785929007518,-39149,0,5477820,0,7010206,0
2784,1785929007530,-38936,0,5477635,0,7010028,0
2785,1785929007538,-38662,0,5477617,0,7009938,0
2786,1785929007548,-38450,0,5477601,0,7009822,0
2787,1785929007558,-38357,0,5477475,0,7009650,0
2788,1785929007568,-38359,0,5477472,0,7009756,0
2789,1785929007578,-38191,0,5477382,0,7009654,0
2790,1785929007588,-38056,0,5477567,0,7009743,0
2791,1785929007598,-37864,0,5477622,0,7009956,0
2792,1785929007609,-37859,0,5477615,0,7009772,0
2793,1785929007618,-37694,0,5477470,0,7009769,0
2794,1785929007629,-37665,0,5477478,0,7009753,0
2795,1785929007638,-37382,0,5477372,0,7009745,0
2796,1785929007649,-37179,0,5477481,0,7009715,0
2797,1785929007658,-36893,0,5477555,0,7009825,0
2798,1785929007669,-36681,0,5477558,0,7009962,0
2799,1785929007678,-36330,0,5477679,0,7010091,0
2800,1785929007691,-36099,0,5477583,0,7010055,0
2801,1785929007699,-35693,0,5477788,0,7010172,0
2802,1785929007709,-35429,0,5477768,0,7010364,0
2803,1785929007719,-34947,0,5477911,0,7010537,0
2804,1785929007729,-34548,0,5477914,0,7010664,0
2805,1785929007739,-34173,0,5477968,0,7010746,0
2806,1785929007749,-33780,0,5478087,0,7010785,0
2807,1785929007758,-33147,0,5478079,0,7010924,0
2808,1785929007769,-32731,0,5478067,0,7010824,0
2809,1785929007778,-32221,0,5478222,0,7010935,0
2810,1785929007789,-31752,0,5478201,0,7010996,0
2811,1785929007799,-31225,0,5478249,0,7011321,0
2812,1785929007809,-30713,0,5478356,0,7011377,0
2813,1785929007819,-30143,0,5478342,0,7011560,0
2814,1785929007829,-29546,0,5478375,0,7011548,0
2815,1785929007839,-29007,0,5478216,0,7011403,0
2816,1785929007851,-28429,0,5478102,0,7011438,0
2817,1785929007859,-27938,0,5478072,0,7011187,0
2818,1785929007869,-27450,0,5477912,0,7011023,0
2819,1785929007879,-27263,0,5477929,0,7010855,0
2820,1785929007889,-27478,0,5477941,0,7010683,0
2821,1785929007899,-27766,0,5477966,0,7010623,0
2822,1785929007909,-28431,0,5478003,0,7010452,0
2823,1785929007919,-29182,0,5477865,0,7010139,0
2824,1785929007929,-30167,0,5477840,0,7009971,0
2825,1785929007939,-31290,0,5477653,0,7009554,0
2826,1785929007949,-32405,0,5477444,0,7009221,0
2827,1785929007959,-33495,0,5477367,0,7008871,0
2828,1785929007969,-34671,0,5477332,0,7008856,0
2829,1785929007979,-35700,0,5477386,0,7008826,0
2830,1785929007990,-36637,0,5477436,0,7008584,0
2831,1785929007999,-37595,0,5477424,0,7008790,0
2832,1785929008011,-38335,0,5477682,0,7008973,0
2833,1785929008019,-38955,0,5477701,0,7009040,0
2834,1785929008030,-39652,0,5477640,0,7008875,0
2835,1785929008039,-40150,0,5477814,0,7009032,0
2836,1785929008049,-40510,0,5477747,0,7009045,0
2837,1785929008059,-40721,0,5477823,0,7009072,0
2838,1785929008070,-41135,0,5477679,0,7008927,0
2839,1785929008079,-41253,0,5477719,0,7009026,0
2840,1785929008090,-41378,0,5477862,0,7009051,0
2841,1785929008099,-41487,0,5477770,0,7009166,0
2842,1785929008110,-41488,0,5477810,0,7009185,0
2843,1785929008119,-41481,0,5477693,0,7009239,0
2844,1785929008130,-41395,0,5477656,0,7009147,0
2845,1785929008140,-41357,0,5477621,0,7009135,0
2846,1785929008150,-41073,0,5477381,0,7008943,0
2847,1785929008160,-40948,0,5477291,0,7008846,0
2848,1785929008173,-40820,0,5477129,0,7008616,0
2849,1785929008180,-40535,0,5477097,0,7008730,0
2850,1785929008190,-40365,0,5477053,0,7008741,0
2851,1785929008200,-40216,0,5477065,0,7008658,0
2852,1785929008210,-40068,0,5476994,0,7008819,0
2853,1785929008220,-39871,0,5476914,0,7008678,0
2854,1785929008230,-39682,0,5477077,0,7008765,0
2855,1785929008240,-39602,0,5477121,0,7008677,0
2856,1785929008250,-39421,0,5477073,0,7008618,0
2857,1785929008260,-39295,0,5477041,0,7008628,0
2858,1785929008270,-39321,0,5477058,0,7008784,0
2859,1785929008280,-39176,0,5477008,0,7008654,0
2860,1785929008290,-39046,0,5477054,0,7008704,0
2861,1785929008300,-38929,0,5477036,0,7008800,0
2862,1785929008311,-38827,0,5477055,0,7008798,0
2863,1785929008320,-38591,0,5477152,0,7008886,0
2864,1785929008332,-38291,0,5477141,0,7008841,0
2865,1785929008340,-38112,0,5477167,0,7008992,0
2866,1785929008350,-37947,0,5477103,0,7008986,0
2867,1785929008360,-37507,0,5477108,0,7009135,0
2868,1785929008370,-37153,0,5477200,0,7008974,0
2869,1785929008380,-36997,0,5477085,0,7009067,0
2870,1785929008390,-36548,0,5477199,0,7009265,0
2871,1785929008400,-36212,0,5477214,0,7009251,0
2872,1785929008411,-35722,0,5477237,0,7009301,0
2873,1785929008420,-35332,0,5477296,0,7009520,0
2874,1785929008431,-34888,0,5477498,0,7009703,0
2875,1785929008440,-34266,0,5477472,0,7009713,0
2876,1785929008451,-33681,0,5477624,0,7009975,0
2877,1785929008460,-33251,0,5477667,0,7009920,0
2878,1785929008471,-32673,0,5477731,0,7010156,0
2879,1785929008480,-32183,0,5477789,0,7010213,0
2880,1785929008493,-31528,0,5477732,0,7010314,0
2881,1785929008500,-31036,0,5477584,0,7010236,0
2882,1785929008511,-30388,0,5477534,0,7010342,0
2883,1785929008521,-29936,0,5477513,0,7010337,0
2884,1785929008531,-29354,0,5477373,0,7010105,0
2885,1785929008543,-28749,0,5477375,0,7010017,0
2886,1785929008551,-28310,0,5477238,0,7009926,0
2887,1785929008561,-27892,0,5477222,0,7009797,0
2888,1785929008571,-27866,0,5477198,0,7009751,0
2889,1785929008581,-27883,0,5477140,0,7009585,0
2890,1785929008591,-28234,0,5477259,0,7009382,0
2891,1785929008601,-28976,0,5477228,0,7009236,0
2892,1785929008611,-29741,0,5477317,0,7009114,0
2893,1785929008621,-30735,0,5477415,0,7009046,0
2894,1785929008632,-31851,0,5477239,0,7008897,0
2895,1785929008641,-32941,0,5477249,0,7008663,0
2896,1785929008653,-34068,0,5477337,0,7008426,0
2897,1785929008661,-35070,0,5477154,0,7008296,0
2898,1785929008671,-36141,0,5477237,0,7008258,0
2899,1785929008681,-36984,0,5477116,0,7008030,0
2900,1785929008691,-37827,0,5477126,0,7007951,0
2901,1785929008701,-38473,0,5477318,0,7008212,0
2902,1785929008712,-39046,0,5477426,0,7008294,0
2903,1785929008721,-39502,0,5477470,0,7008369,0
2904,1785929008731,-39942,0,5477457,0,7008365,0
2905,1785929008744,-40156,0,5477400,0,7008317,0
2906,1785929008752,-40389,0,5477399,0,7008268,0
2907,1785929008761,-40478,0,5477343,0,7008301,0
2908,1785929008771,-40703,0,5477311,0,7008261,0
2909,1785929008781,-40628,0,5477332,0,7008234,0
2910,1785929008792,-40576,0,5477244,0,7008241,0
2911,1785929008801,-40626,0,5477100,0,7008259,0
2912,1785929008814,-40318,0,5477174,0,7008339,0
2913,1785929008821,-40275,0,5477046,0,7008252,0
2914,1785929008832,-40064,0,5476927,0,7007975,0
2915,1785929008841,-39741,0,5476753,0,7008014,0
2916,1785929008852,-39598,0,5476724,0,7007925,0
2917,1785929008861,-39412,0,5476575,0,7007962,0
2918,1785929008872,-39271,0,5476571,0,7007706,0
2919,1785929008881,-38987,0,5476456,0,7007706,0
2920,1785929008892,-38955,0,5476470,0,7007582,0
2921,1785929008902,-38768,0,5476363,0,7007634,0
2922,1785929008913,-38536,0,5476380,0,7007735,0
2923,1785929008922,-38382,0,5476342,0,7007681,0
2924,1785929008932,-38270,0,5476347,0,7007658,0
2925,1785929008942,-38216,0,5476231,0,7007605,0
2926,1785929008953,-38121,0,5476211,0,7007536,0
2927,1785929008962,-38125,0,5476206,0,7007423,0
2928,1785929008974,-37966,0,5476245,0,7007383,0
2929,1785929008982,-38013,0,5476249,0,7007375,0
2930,1785929008993,-37822,0,5476299,0,7007521,0
2931,1785929009002,-37537,0,5476339,0,7007590,0
2932,1785929009013,-37199,0,5476378,0,7007532,0
2933,1785929009022,-36936,0,5476227,0,7007488,0
2934,1785929009033,-36649,0,5476247,0,7007633,0
2935,1785929009042,-36494,0,5476275,0,7007442,0
2936,1785929009052,-36139,0,5476173,0,7007550,0
2937,1785929009062,-35783,0,5476132,0,7007674,0
2938,1785929009073,-35330,0,5476217,0,7007754,0
2939,1785929009082,-35035,0,5476177,0,7007684,0
2940,1785929009093,-34533,0,5476266,0,7007746,0
2941,1785929009102,-34089,0,5476202,0,7007908,0
2942,1785929009113,-33644,0,5476274,0,7008031,0
2943,1785929009130,-33199,0,5476142,0,7007915,0
2944,1785929009135,-32796,0,5476247,0,7007981,0
2945,1785929009142,-32287,0,5476287,0,7007986,0
2946,1785929009159,-31872,0,5476167,0,7008036,0
2947,1785929009162,-31292,0,5476135,0,7008116,0
2948,1785929009177,-30690,0,5476108,0,7008136,0
2949,1785929009182,-30314,0,5476077,0,7008268,0
2950,1785929009193,-29845,0,5476059,0,7008207,0
2951,1785929009202,-29198,0,5475966,0,7008268,0
2952,1785929009213,-28668,0,5475928,0,7008185,0
2953,1785929009223,-28192,0,5476006,0,7008157,0
2954,1785929009233,-27588,0,5475935,0,7008124,0
2955,1785929009242,-27507,0,5476001,0,7007964,0
2956,1785929009252,-27426,0,5475899,0,7007764,0
2957,1785929009262,-27891,0,5475979,0,7007725,0
2958,1785929009273,-28211,0,5475895,0,7007336,0
2959,1785929009282,-28976,0,5475862,0,7007308,0
2960,1785929009294,-29876,0,5475800,0,7006993,0
2961,1785929009302,-30974,0,5475607,0,7006811,0
2962,1785929009313,-31946,0,5475590,0,7006540,0
2963,1785929009322,-32923,0,5475391,0,7006271,0
2964,1785929009332,-34117,0,5475214,0,7006070,0
2965,1785929009342,-35129,0,5475137,0,7005787,0
2966,1785929009354,-35896,0,5475042,0,7005606,0
2967,1785929009362,-36741,0,5475048,0,7005459,0
2968,1785929009373,-37350,0,5475059,0,7005516,0
2969,1785929009382,-38055,0,5475158,0,7005564,0
