sample_index,timestamp,green,green_status,red,red_status,infrared,infrared_status
0,1786358406487,0,0,0,-1,699040,0
1,1786358406497,0,0,655350,0,699040,0
2,1786358406507,130037,0,533133,0,500670,0
3,1786358406518,130066,0,533032,0,500493,0
4,1786358406527,129916,0,532961,0,500404,0
5,1786358406538,129867,0,532927,0,500328,0
6,1786358406547,129772,0,532924,0,500240,0
7,1786358406565,129747,0,532897,0,500216,0
8,1786358406567,129720,0,532804,0,500183,0
9,1786358406578,129705,0,532773,0,500094,0
10,1786358406587,129709,0,532689,0,500066,0
11,1786358406599,129695,0,532636,0,499972,0
12,1786358406615,129720,0,532666,0,499986,0
13,1786358406617,129681,0,532584,0,499959,0
14,1786358406627,129754,0,532579,0,499922,0
15,1786358406638,129686,0,532546,0,499899,0
16,1786358406647,129791,0,532514,0,499844,0
17,1786358406665,129782,0,532482,0,499817,0
18,1786358406667,129788,0,532493,0,499795,0
19,1786358406682,129760,0,532417,0,499744,0
20,1786358406687,129789,0,532380,0,499709,0
21,1786358406698,129791,0,532274,0,499659,0
22,1786358406710,129746,0,532222,0,499571,0
23,1786358406720,129731,0,532122,0,499534,0
24,1786358406731,129711,0,532045,0,499454,0
25,1786358406738,129679,0,575697,0,499411,0
26,1786358406748,129679,0,556527,0,499358,0
27,1786358406765,109113,0,556463,0,700926,0
28,1786358406767,109102,0,556425,0,700848,0
29,1786358406780,109114,0,556409,0,700753,0
30,1786358406787,109088,0,556368,0,700694,0
31,1786358406798,109107,0,556369,0,700646,0
32,1786358406809,109115,0,556364,0,700609,0
33,1786358406818,109075,0,556355,0,700600,0
34,1786358406828,109128,0,556305,0,700584,0
35,1786358406838,109174,0,556299,0,700555,0
36,1786358406848,109212,0,556299,0,700531,0
37,1786358406859,109241,0,556268,0,700522,0
38,1786358406868,109282,0,556203,0,700414,0
39,1786358406880,109378,0,975653,0,1408192,0
40,1786358406888,109353,0,1073945,0,1408137,0
41,1786358406898,34309,0,1073866,0,1401164,0
42,1786358406908,34357,0,1073766,0,1401114,0
43,1786358406918,34549,0,1073697,0,1401080,0
44,1786358406928,34740,0,1073663,0,1401027,0
45,1786358406938,34837,0,1073613,0,1400941,0
46,1786358406948,35050,0,1073517,0,1400886,0
47,1786358406959,35201,0,1073430,0,1400783,0
48,1786358406968,35369,0,1073296,0,1400712,0
49,1786358406978,35456,0,1073182,0,1400551,0
50,1786358406988,35673,0,1073078,0,1400470,0
51,1786358406998,35743,0,1072942,0,1400348,0
52,1786358407009,35915,0,1072783,0,1400218,0
53,1786358407019,36036,0,5328200,0,6983816,0
54,1786358407028,36222,0,5340313,0,6983684,0
55,1786358407041,33191,0,5335311,0,6990349,0
56,1786358407048,33915,0,5334679,0,6989701,0
57,1786358407059,34614,0,5333903,0,6989212,0
58,1786358407068,35258,0,5333258,0,6988594,0
59,1786358407079,36045,0,5332671,0,6987740,0
60,1786358407089,36616,0,5331829,0,6987120,0
61,1786358407099,37265,0,5331129,0,6986379,0
62,1786358407108,37671,0,5330490,0,6985641,0
63,1786358407119,37871,0,5329832,0,6984769,0
64,1786358407129,37652,0,5329058,0,6983985,0
65,1786358407139,36752,0,5328293,0,6982951,0
66,1786358407149,35269,0,5327602,0,6982137,0
67,1786358407159,33548,0,5283285,0,6937247,0
68,1786358407168,31158,0,5282501,0,6936197,0
69,1786358407179,28785,0,5319980,0,6973297,0
70,1786358407189,26052,0,5319264,0,6972238,0
71,1786358407201,23369,0,5318450,0,6971111,0
72,1786358407212,20692,0,5317571,0,6969743,0
73,1786358407219,18015,0,5316807,0,6968711,0
74,1786358407229,15717,0,5316146,0,6967509,0
75,1786358407239,13447,0,5315303,0,6966481,0
76,1786358407251,11385,0,5314581,0,6965337,0
77,1786358407259,9591,0,5313860,0,6964148,0
78,1786358407269,7840,0,5313002,0,6963063,0
79,1786358407279,6527,0,5312331,0,6962021,0
80,1786358407289,5261,0,5311567,0,6960889,0
81,1786358407299,4089,0,5310898,0,6959760,0
82,1786358407309,3419,0,5310323,0,6958837,0
83,1786358407322,2583,0,5309873,0,6958109,0
84,1786358407331,2014,0,5309483,0,6957219,0
85,1786358407347,1556,0,5308937,0,6956597,0
86,1786358407351,1353,0,5308486,0,6956025,0
87,1786358407362,1321,0,5307843,0,6955400,0
88,1786358407369,1492,0,5307298,0,6954637,0
89,1786358407379,1900,0,5306598,0,6954011,0
90,1786358407389,2335,0,5306178,0,6953617,0
91,1786358407401,2813,0,5305774,0,6953108,0
92,1786358407409,3428,0,5305543,0,6952951,0
93,1786358407419,3907,0,5305274,0,6952876,0
94,1786358407429,4412,0,5304859,0,6952608,0
95,1786358407440,4678,0,5304339,0,6952221,0
96,1786358407449,5082,0,5303833,0,6951846,0
97,1786358407460,5305,0,5303451,0,6951368,0
98,1786358407469,5398,0,5303041,0,6951112,0
99,1786358407480,5633,0,5302842,0,6950740,0
100,1786358407489,5616,0,5302591,0,6950330,0
101,1786358407500,5421,0,5302472,0,6950062,0
102,1786358407509,5218,0,5302131,0,6949483,0
103,1786358407522,5293,0,5301855,0,6949023,0
104,1786358407529,5287,0,5301550,0,6948696,0
105,1786358407540,5245,0,5301057,0,6947923,0
106,1786358407549,5376,0,5300739,0,6947357,0
107,1786358407560,5567,0,5300313,0,6946997,0
108,1786358407570,5832,0,5299778,0,6946401,0
109,1786358407581,6296,0,5299275,0,6945932,0
110,1786358407590,6660,0,5298816,0,6945468,0
111,1786358407600,7189,0,5298145,0,6945076,0
112,1786358407610,7904,0,5297849,0,6944591,0
113,1786358407620,8599,0,5297323,0,6944154,0
114,1786358407630,9336,0,5297046,0,6943779,0
115,1786358407640,10127,0,5296710,0,6943739,0
116,1786358407650,10848,0,5296433,0,6943240,0
117,1786358407662,11613,0,5296268,0,6943122,0
118,1786358407670,12673,0,5295909,0,6942836,0
119,1786358407683,13368,0,5295626,0,6942325,0
120,1786358407690,14049,0,5295261,0,6942052,0
121,1786358407700,14923,0,5295011,0,6941582,0
122,1786358407710,15821,0,5294609,0,6941267,0
123,1786358407720,16689,0,5294391,0,6940978,0
124,1786358407730,17718,0,5293953,0,6940565,0
125,1786358407740,18611,0,5293467,0,6940180,0
126,1786358407750,19482,0,5292984,0,6939643,0
127,1786358407761,20341,0,5292443,0,6939220,0
128,1786358407770,21260,0,5292044,0,6938766,0
129,1786358407780,22011,0,5291453,0,6938228,0
130,1786358407790,22941,0,5291321,0,6937951,0
131,1786358407801,23883,0,5291010,0,6937886,0
132,1786358407810,24662,0,5290526,0,6937496,0
133,1786358407821,25603,0,5290500,0,6937155,0
134,1786358407830,26379,0,5290215,0,6936990,0
135,1786358407843,27145,0,5289936,0,6936698,0
136,1786358407850,27998,0,5289515,0,6936222,0
137,1786358407861,28913,0,5289316,0,6936042,0
138,1786358407870,29925,0,5289148,0,6935889,0
139,1786358407881,30676,0,5288856,0,6935357,0
140,1786358407891,31408,0,5288556,0,6935129,0
141,1786358407901,31749,0,5288336,0,6934678,0
142,1786358407910,31773,0,5287926,0,6933988,0
143,1786358407921,31280,0,5287522,0,6933252,0
144,1786358407930,30088,0,5287233,0,6932638,0
145,1786358407941,28710,0,5286684,0,6931798,0
146,1786358407950,26638,0,5286349,0,6931116,0
147,1786358407962,24440,0,5285903,0,6930090,0
148,1786358407971,21756,0,5285603,0,6929286,0
149,1786358407982,19308,0,5285110,0,6928361,0
150,1786358407991,16746,0,5284685,0,6927330,0
151,1786358408004,14055,0,5284360,0,6926572,0
152,1786358408012,11721,0,5284102,0,6925721,0
153,1786358408021,9402,0,5284070,0,6925395,0
154,1786358408031,7370,0,5283918,0,6924812,0
155,1786358408042,5852,0,5283660,0,6924226,0
156,1786358408051,4354,0,5283474,0,6923843,0
157,1786358408062,3154,0,5283165,0,6923140,0
158,1786358408071,2146,0,5282704,0,6922317,0
159,1786358408082,1368,0,5282215,0,6921480,0
160,1786358408091,793,0,5281906,0,6921010,0
161,1786358408102,170,0,5281223,0,6920126,0
162,1786358408111,-194,0,5280653,0,6919228,0
163,1786358408125,-429,0,5280082,0,6918714,0
164,1786358408133,-460,0,5279472,0,6917832,0
165,1786358408142,-439,0,5279130,0,6917310,0
166,1786358408151,-309,0,5278460,0,6916770,0
167,1786358408164,-174,0,5277832,0,6916054,0
168,1786358408171,-71,0,5277152,0,6915109,0
169,1786358408181,131,0,5276262,0,6914173,0
170,1786358408193,394,0,5275721,0,6913551,0
171,1786358408201,562,0,5275125,0,6912736,0
172,1786358408211,646,0,5274576,0,6912321,0
173,1786358408221,863,0,5274180,0,6911856,0
174,1786358408231,928,0,5273727,0,6911244,0
175,1786358408242,932,0,5273188,0,6910615,0
176,1786358408251,1038,0,5272656,0,6909971,0
177,1786358408262,967,0,5272017,0,6909208,0
178,1786358408271,767,0,5271407,0,6908325,0
179,1786358408282,667,0,5270879,0,6907773,0
180,1786358408292,490,0,5270461,0,6907094,0
181,1786358408303,443,0,5269970,0,6906409,0
182,1786358408311,275,0,5269665,0,6906187,0
183,1786358408325,182,0,5269294,0,6905566,0
184,1786358408331,160,0,5268797,0,6905159,0
185,1786358408341,188,0,5268439,0,6904530,0
186,1786358408351,226,0,5268076,0,6904245,0
187,1786358408363,188,0,5267476,0,6903453,0
188,1786358408371,501,0,5267098,0,6903123,0
189,1786358408382,528,0,5266616,0,6902505,0
190,1786358408391,777,0,5266260,0,6902210,0
191,1786358408405,1207,0,5265977,0,6901839,0
192,1786358408411,1319,0,5265494,0,6901341,0
193,1786358408422,1625,0,5264840,0,6900574,0
194,1786358408431,2030,0,5264239,0,6899915,0
195,1786358408442,2494,0,5263718,0,6899398,0
196,1786358408451,2982,0,5263177,0,6898965,0
197,1786358408462,3537,0,5262588,0,6898302,0
198,1786358408475,4079,0,5261997,0,6897722,0
199,1786358408483,4685,0,5261637,0,6897238,0
200,1786358408491,5268,0,5260959,0,6896572,0
201,1786358408502,5973,0,5260270,0,6895988,0
202,1786358408511,6462,0,5259554,0,6895259,0
203,1786358408524,6994,0,5258777,0,6894333,0
204,1786358408531,7754,0,5258066,0,6893727,0
205,1786358408542,8313,0,5257541,0,6893001,0
206,1786358408551,8894,0,5256940,0,6892364,0
207,1786358408562,9529,0,5256236,0,6891632,0
208,1786358408576,9971,0,5255547,0,6890652,0
209,1786358408582,10622,0,5254786,0,6889814,0
210,1786358408592,11291,0,5254058,0,6889105,0
211,1786358408607,11805,0,5253456,0,6888279,0
212,1786358408612,12401,0,5252818,0,6887631,0
213,1786358408626,12978,0,5252376,0,6887000,0
214,1786358408631,13736,0,5251978,0,6886683,0
215,1786358408645,14468,0,5251554,0,6886149,0
216,1786358408659,15220,0,5251248,0,6885839,0
217,1786358408662,15740,0,5250819,0,6885510,0
218,1786358408677,16635,0,5250248,0,6884922,0
219,1786358408682,17264,0,5249824,0,6884480,0
220,1786358408691,17883,0,5249076,0,6883740,0
221,1786358408708,18334,0,5248382,0,6882931,0
222,1786358408711,18972,0,5247683,0,6882167,0
223,1786358408726,19133,0,5247082,0,6881207,0
224,1786358408732,19151,0,5246647,0,6880480,0
225,1786358408742,18611,0,5246077,0,6879771,0
226,1786358408758,17165,0,5245688,0,6878875,0
227,1786358408762,15788,0,5245430,0,6878125,0
228,1786358408777,13653,0,5245068,0,6877533,0
229,1786358408782,11340,0,5244699,0,6876667,0
230,1786358408793,8670,0,5244187,0,6875760,0
231,1786358408806,5936,0,5243926,0,6875014,0
232,1786358408813,3135,0,5243408,0,6874059,0
233,1786358408823,423,0,5242908,0,6873335,0
234,1786358408832,-2013,0,5242191,0,6872236,0
235,1786358408844,-4331,0,5241422,0,6871046,0
236,1786358408856,-6730,0,5240522,0,6869992,0
237,1786358408862,-8728,0,5239585,0,6868604,0
238,1786358408875,-10374,0,5238678,0,6867298,0
239,1786358408883,-11938,0,5237919,0,6866189,0
240,1786358408892,-13173,0,5237086,0,6865016,0
241,1786358408910,-14354,0,5236221,0,6863979,0
242,1786358408913,-15426,0,5235445,0,6862867,0
243,1786358408924,-16150,0,5234631,0,6861711,0
244,1786358408932,-17010,0,5233635,0,6860720,0
245,1786358408943,-17588,0,5233071,0,6859412,0
246,1786358408959,-17868,0,5232357,0,6858460,0
247,1786358408965,-18116,0,5231487,0,6857547,0
248,1786358408975,-18263,0,5230413,0,6856236,0
249,1786358408983,-18286,0,5229248,0,6854796,0
250,1786358408992,-18056,0,5228013,0,6853411,0
251,1786358409007,-17786,0,5226956,0,6852083,0
252,1786358409012,-17897,0,5225921,0,6850901,0
253,1786358409026,-17616,0,5225049,0,6849713,0
254,1786358409032,-17177,0,5224045,0,6848642,0
255,1786358409043,-17193,0,5223094,0,6847451,0
256,1786358409057,-16983,0,5222291,0,6846180,0
257,1786358409063,-17056,0,5221473,0,6845177,0
258,1786358409072,-17224,0,5220306,0,6843793,0
259,1786358409083,-17553,0,5219456,0,6842756,0
260,1786358409092,-17771,0,5218481,0,6841322,0
261,1786358409109,-18294,0,5217323,0,6839775,0
262,1786358409112,-18423,0,5216275,0,6838529,0
263,1786358409126,-18904,0,5215269,0,6837050,0
264,1786358409134,-19155,0,5214477,0,6835849,0
265,1786358409142,-19384,0,5213664,0,6834797,0
266,1786358409159,-19387,0,5212876,0,6833808,0
267,1786358409164,-19596,0,5212103,0,6832771,0
268,1786358409175,-19367,0,5211178,0,6831767,0
269,1786358409183,-19532,0,5210242,0,6830402,0
270,1786358409192,-19431,0,5209188,0,6829271,0
271,1786358409203,-19310,0,5208285,0,6828015,0
272,1786358409212,-18852,0,5207288,0,6826707,0
273,1786358409223,-18747,0,5206422,0,6825551,0
274,1786358409232,-18445,0,5205860,0,6824783,0
275,1786358409243,-17954,0,5205063,0,6823770,0
276,1786358409255,-17672,0,5204266,0,6822757,0
277,1786358409264,-17100,0,5203221,0,6821724,0
278,1786358409273,-16702,0,5202154,0,6820255,0
279,1786358409289,-16195,0,5200917,0,6818823,0
280,1786358409292,-15814,0,5200002,0,6817565,0
281,1786358409308,-15136,0,5199156,0,6816431,0
282,1786358409312,-14439,0,5198257,0,6815485,0
283,1786358409323,-13837,0,5197404,0,6814471,0
284,1786358409333,-13087,0,5196764,0,6813392,0
285,1786358409343,-12409,0,5195890,0,6812492,0
286,1786358409357,-11861,0,5195085,0,6811440,0
287,1786358409364,-11274,0,5194122,0,6810249,0
288,1786358409417,-10655,0,5193349,0,6809277,0
289,1786358409418,-10206,0,5192445,0,6808223,0
290,1786358409418,-9549,0,5191766,0,6807364,0
291,1786358409419,-8919,0,5190971,0,6806544,0
292,1786358409419,-8468,0,5190196,0,6805483,0
293,1786358409424,-7776,0,5189234,0,6804412,0
294,1786358409433,-7333,0,5188493,0,6803507,0
295,1786358409445,-6532,0,5187819,0,6802781,0
296,1786358409456,-5911,0,5187066,0,6801757,0
297,1786358409463,-5278,0,5186275,0,6800950,0
298,1786358409473,-4537,0,5185690,0,6800330,0
299,1786358409490,-3801,0,5185105,0,6799529,0
300,1786358409493,-3305,0,5184264,0,6798650,0
301,1786358409505,-2662,0,5183471,0,6797618,0
302,1786358409513,-2048,0,5182595,0,6796726,0
303,1786358409525,-1345,0,5181837,0,6795910,0
304,1786358409540,-636,0,5181199,0,6794874,0
305,1786358409543,35,0,5180546,0,6794324,0
306,1786358409556,809,0,5179993,0,6793572,0
307,1786358409564,1444,0,5179359,0,6792902,0
308,1786358409573,2301,0,5178698,0,6792185,0
309,1786358409587,2797,0,5178192,0,6791388,0
310,1786358409593,3184,0,5177527,0,6790548,0
311,1786358409606,3380,0,5176810,0,6789758,0
312,1786358409613,2832,0,5175923,0,6788519,0
313,1786358409624,1960,0,5175121,0,6787136,0
314,1786358409636,530,0,5174280,0,6785986,0
315,1786358409644,-1333,0,5173362,0,6784758,0
316,1786358409653,-3561,0,5172680,0,6783519,0
317,1786358409665,-6036,0,5172099,0,6782387,0
318,1786358409673,-8536,0,5171376,0,6781178,0
319,1786358409684,-11079,0,5170951,0,6780385,0
320,1786358409693,-13946,0,5169973,0,6779005,0
321,1786358409704,-16310,0,5169231,0,6777616,0
322,1786358409713,-18555,0,5168262,0,6776356,0
323,1786358409724,-20700,0,5167432,0,6774971,0
324,1786358409733,-22547,0,5166599,0,6773826,0
325,1786358409744,-24246,0,5165642,0,6772577,0
326,1786358409753,-25476,0,5164897,0,6771516,0
327,1786358409767,-26710,0,5164210,0,6770567,0
328,1786358409774,-27613,0,5163302,0,6769482,0
329,1786358409784,-28479,0,5162145,0,6767860,0
330,1786358409794,-29058,0,5161369,0,6766668,0
331,1786358409804,-29596,0,5160478,0,6765686,0
332,1786358409814,-29915,0,5159539,0,6764344,0
333,1786358409824,-30177,0,5158574,0,6763297,0
334,1786358409834,-30080,0,5157531,0,6761826,0
335,1786358409846,-30190,0,5156556,0,6760562,0
336,1786358409855,-30068,0,5155377,0,6758962,0
337,1786358409865,-29917,0,5154084,0,6757488,0
338,1786358409874,-29932,0,5152735,0,6755705,0
339,1786358409884,-29814,0,5151722,0,6754529,0
340,1786358409894,-29637,0,5150652,0,6752987,0
341,1786358409905,-29664,0,5149431,0,6751592,0
342,1786358409914,-29593,0,5148337,0,6749886,0
343,1786358409927,-29685,0,5147034,0,6748335,0
344,1786358409934,-29940,0,5145561,0,6746481,0
345,1786358409944,-30271,0,5143938,0,6744542,0
346,1786358409954,-30577,0,5142559,0,6742466,0
347,1786358409965,-30936,0,5141003,0,6740590,0
348,1786358409974,-31334,0,5139822,0,6738962,0
349,1786358409984,-31618,0,5138474,0,6737094,0
350,1786358409994,-31773,0,5137377,0,6735429,0
351,1786358410005,-32173,0,5136077,0,6733987,0
352,1786358410014,-32487,0,5134786,0,6732177,0
353,1786358410025,-32707,0,5133443,0,6730358,0
354,1786358410034,-33058,0,5132475,0,6729013,0
355,1786358410044,-33224,0,5131483,0,6727595,0
356,1786358410054,-33419,0,5130431,0,6726154,0
357,1786358410066,-33532,0,5129392,0,6724797,0
358,1786358410074,-33288,0,5128345,0,6723243,0
359,1786358410086,-33336,0,5127135,0,6721843,0
360,1786358410094,-33439,0,5125856,0,6720053,0
361,1786358410104,-33141,0,5124764,0,6718611,0
362,1786358410114,-32673,0,5123689,0,6717318,0
363,1786358410125,-32201,0,5122452,0,6715828,0
364,1786358410134,-31767,0,5121439,0,6714593,0
365,1786358410145,-31186,0,5120332,0,6713404,0
366,1786358410154,-30654,0,5119269,0,6712267,0
367,1786358410165,-30005,0,5118300,0,6710937,0
368,1786358410174,-29148,0,5117172,0,6709749,0
369,1786358410185,-28601,0,5116220,0,6708566,0
370,1786358410194,-27958,0,5115222,0,6707601,0
371,1786358410206,-27368,0,5114146,0,6706640,0
372,1786358410215,-26719,0,5113218,0,6705616,0
373,1786358410227,-26304,0,5112130,0,6704579,0
374,1786358410238,-25639,0,5111221,0,6703467,0
375,1786358410248,-25108,0,5110048,0,6702430,0
376,1786358410254,-24671,0,5108872,0,6701077,0
377,1786358410265,-24249,0,5107831,0,6699986,0
378,1786358410275,-23730,0,5106845,0,6698938,0
379,1786358410285,-23023,0,5106071,0,6697991,0
380,1786358410295,-22590,0,5105165,0,6697043,0
381,1786358410305,-21957,0,5104350,0,6696139,0
382,1786358410315,-21110,0,5103635,0,6695380,0
383,1786358410326,-20430,0,5102882,0,6694450,0
384,1786358410335,-19839,0,5101987,0,6693530,0
385,1786358410345,-19226,0,5101087,0,6692464,0
386,1786358410355,-18431,0,5100271,0,6691545,0
387,1786358410366,-17716,0,5099594,0,6690897,0
388,1786358410375,-17025,0,5098871,0,6690155,0
389,1786358410386,-16557,0,5098252,0,6689178,0
390,1786358410395,-16385,0,5097542,0,6688469,0
391,1786358410408,-16686,0,5096774,0,6687537,0
392,1786358410416,-17410,0,5095920,0,6686442,0
393,1786358410425,-18459,0,5095133,0,6685363,0
394,1786358410435,-19923,0,5094590,0,6684512,0
395,1786358410446,-21591,0,5094142,0,6683767,0
396,1786358410455,-23421,0,5093649,0,6682958,0
397,1786358410466,-25415,0,5093204,0,6682111,0
398,1786358410475,-27571,0,5092504,0,6681085,0
399,1786358410486,-29358,0,5091835,0,6680091,0
400,1786358410495,-31354,0,5091082,0,6679118,0
401,1786358410506,-32904,0,5090141,0,6677934,0
402,1786358410515,-34377,0,5089277,0,6676560,0
403,1786358410526,-35653,0,5088514,0,6675573,0
404,1786358410535,-36528,0,5087850,0,6674773,0
405,1786358410546,-37184,0,5087012,0,6673864,0
406,1786358410555,-37547,0,5086396,0,6672943,0
407,1786358410569,-37990,0,5085232,0,6671538,0
408,1786358410575,-38077,0,5084267,0,6670510,0
409,1786358410586,-38120,0,5083171,0,6669275,0
410,1786358410595,-38050,0,5082048,0,6667912,0
411,1786358410606,-37672,0,5081108,0,6666940,0
412,1786358410616,-37421,0,5080105,0,6665795,0
413,1786358410626,-36717,0,5079204,0,6664839,0
414,1786358410635,-36329,0,5078224,0,6663719,0
415,1786358410646,-35822,0,5076992,0,6662573,0
416,1786358410655,-35301,0,5076034,0,6661402,0
417,1786358410666,-34798,0,5075097,0,6660301,0
418,1786358410675,-34179,0,5074129,0,6659334,0
419,1786358410686,-33966,0,5073378,0,6658421,0
420,1786358410696,-33601,0,5072380,0,6657406,0
421,1786358410706,-33445,0,5071342,0,6656242,0
422,1786358410716,-33472,0,5070717,0,6655297,0
423,1786358410728,-33345,0,5069909,0,6654536,0
424,1786358410736,-33459,0,5069009,0,6653471,0
425,1786358410746,-33581,0,5067760,0,6652136,0
426,1786358410756,-33660,0,5066513,0,6650655,0
427,1786358410766,-33687,0,5065285,0,6649288,0
428,1786358410776,-33661,0,5063788,0,6647651,0
429,1786358410786,-33564,0,5062419,0,6645990,0
430,1786358410796,-33420,0,5061170,0,6644583,0
431,1786358410807,-33338,0,5060068,0,6643165,0
432,1786358410816,-33188,0,5058792,0,6641768,0
433,1786358410826,-33063,0,5057497,0,6640222,0
434,1786358410836,-32907,0,5056337,0,6638750,0
435,1786358410846,-32737,0,5055130,0,6637416,0
436,1786358410856,-32669,0,5054195,0,6636298,0
437,1786358410867,-32518,0,5053414,0,6635268,0
438,1786358410876,-32227,0,5052715,0,6634455,0
439,1786358410889,-32073,0,5052099,0,6633482,0
440,1786358410896,-31650,0,5051385,0,6632859,0
441,1786358410906,-31345,0,5050535,0,6631954,0
442,1786358410916,-30830,0,5049832,0,6631027,0
443,1786358410927,-30509,0,5048932,0,6630232,0
444,1786358410938,-29953,0,5048083,0,6629328,0
445,1786358410947,-29545,0,5047091,0,6628322,0
446,1786358410956,-28746,0,5046272,0,6627373,0
447,1786358410967,-28020,0,5045480,0,6626450,0
448,1786358410976,-27445,0,5044646,0,6625632,0
449,1786358410987,-26818,0,5043565,0,6624753,0
450,1786358410996,-26269,0,5042788,0,6623553,0
451,1786358411008,-25616,0,5041913,0,6622738,0
452,1786358411016,-25246,0,5041048,0,6621880,0
453,1786358411027,-24622,0,5040387,0,6621151,0
454,1786358411037,-23951,0,5039777,0,6620594,0
455,1786358411049,-23425,0,5039180,0,6619794,0
456,1786358411057,-22723,0,5038674,0,6619304,0
457,1786358411067,-22029,0,5038111,0,6618979,0
458,1786358411083,-21589,0,5037725,0,6618611,0
459,1786358411087,-20941,0,5036928,0,6617718,0
460,1786358411101,-20673,0,5036144,0,6616936,0
461,1786358411107,-20307,0,5035476,0,6616111,0
462,1786358411119,-20615,0,5034661,0,6615274,0
463,1786358411137,-21044,0,5033988,0,6614477,0
464,1786358411137,-22069,0,5033241,0,6613399,0
465,1786358411147,-23385,0,5032824,0,6612671,0
466,1786358411157,-24873,0,5032296,0,6612007,0
467,1786358411168,-26507,0,5031801,0,6611118,0
468,1786358411177,-28460,0,5030751,0,6609872,0
469,1786358411188,-30551,0,5029917,0,6608520,0
470,1786358411197,-32516,0,5029176,0,6607543,0
471,1786358411215,-34310,0,5028323,0,6606444,0
472,1786358411217,-36257,0,5027298,0,6605085,0
473,1786358411227,-37749,0,5026400,0,6603916,0
474,1786358411237,-39130,0,5025655,0,6602813,0
475,1786358411247,-40392,0,5024759,0,6601732,0
476,1786358411257,-41331,0,5023724,0,6600535,0
477,1786358411268,-42143,0,5023045,0,6599408,0
478,1786358411277,-42908,0,5022430,0,6598564,0
479,1786358411288,-43416,0,5021831,0,6598001,0
480,1786358411297,-43727,0,5021032,0,6597193,0
481,1786358411307,-44102,0,5020126,0,6596058,0
482,1786358411317,-44229,0,5019510,0,6595332,0
483,1786358411328,-44140,0,5018762,0,6594502,0
484,1786358411341,-44044,0,5017959,0,6593716,0
485,1786358411348,-43697,0,5017138,0,6592562,0
486,1786358411357,-43220,0,5016526,0,6592029,0
487,1786358411372,-42793,0,5016002,0,6591329,0
488,1786358411378,-42320,0,5015501,0,6590863,0
489,1786358411388,-41846,0,5015085,0,6590714,0
490,1786358411397,-41583,0,5015047,0,6590536,0
491,1786358411413,-41093,0,5014869,0,6590449,0
492,1786358411417,-40971,0,5014610,0,6590374,0
493,1786358411430,-40887,0,5014122,0,6589725,0
494,1786358411437,-40876,0,5013728,0,6589410,0
495,1786358411448,-40966,0,5013190,0,6588812,0
496,1786358411457,-41274,0,5012548,0,6587953,0
497,1786358411468,-41352,0,5011924,0,6587259,0
498,1786358411479,-41612,0,5011341,0,6586564,0
499,1786358411488,-41778,0,5010825,0,6585979,0
500,1786358411498,-42064,0,5010562,0,6585829,0
501,1786358411508,-41996,0,5010301,0,6585542,0
502,1786358411518,-41881,0,5010256,0,6585463,0
503,1786358411532,-41984,0,5010246,0,6585471,0
504,1786358411538,-41872,0,5010088,0,6585442,0
505,1786358411548,-41620,0,5010029,0,6585308,0
506,1786358411558,-41458,0,5009998,0,6585491,0
507,1786358411569,-40988,0,5009892,0,6585433,0
508,1786358411578,-40533,0,5009591,0,6585182,0
509,1786358411589,-40190,0,5009118,0,6584669,0
510,1786358411598,-39664,0,5008628,0,6584344,0
511,1786358411608,-39042,0,5008454,0,6584036,0
512,1786358411618,-38469,0,5007940,0,6583720,0
513,1786358411628,-37884,0,5007704,0,6583476,0
514,1786358411638,-37176,0,5007542,0,6583375,0
515,1786358411648,-36344,0,5007692,0,6583617,0
516,1786358411658,-35528,0,5007422,0,6583728,0
517,1786358411670,-34721,0,5007251,0,6583441,0
518,1786358411678,-34047,0,5007048,0,6583359,0
519,1786358411690,-33314,0,5007048,0,6583536,0
520,1786358411698,-32432,0,5007011,0,6583574,0
521,1786358411709,-31639,0,5006923,0,6583503,0
522,1786358411718,-30954,0,5006627,0,6583517,0
523,1786358411729,-30265,0,5006531,0,6583394,0
524,1786358411739,-29366,0,5006220,0,6583293,0
525,1786358411749,-28612,0,5005996,0,6583242,0
526,1786358411758,-27886,0,5006007,0,6583247,0
527,1786358411770,-26915,0,5006049,0,6583424,0
528,1786358411778,-26074,0,5006120,0,6583648,0
529,1786358411788,-25284,0,5005821,0,6583443,0
530,1786358411799,-24654,0,5005518,0,6583256,0
531,1786358411810,-24298,0,5005290,0,6582926,0
532,1786358411818,-24569,0,5005222,0,6582855,0
533,1786358411830,-25174,0,5005240,0,6582840,0
534,1786358411839,-26199,0,5005187,0,6582675,0
535,1786358411852,-27548,0,5005035,0,6582378,0
536,1786358411858,-29330,0,5004760,0,6581978,0
537,1786358411869,-31142,0,5004496,0,6581182,0
538,1786358411878,-33242,0,5004200,0,6580981,0
539,1786358411889,-35169,0,5004005,0,6580444,0
540,1786358411900,-37204,0,5003596,0,6579824,0
541,1786358411909,-39179,0,5002899,0,6578886,0
542,1786358411919,-41011,0,5002301,0,6578168,0
543,1786358411929,-42776,0,5002227,0,6577647,0
544,1786358411939,-43974,0,5001957,0,6577442,0
545,1786358411949,-45105,0,5001667,0,6577033,0
546,1786358411959,-46143,0,5001279,0,6576576,0
547,1786358411969,-46870,0,5001255,0,6576473,0
548,1786358411981,-47400,0,5000984,0,6576108,0
549,1786358411990,-48048,0,5000414,0,6575542,0
550,1786358412000,-48442,0,4999963,0,6574847,0
551,1786358412011,-48787,0,4999591,0,6574523,0
552,1786358412019,-48829,0,4999478,0,6574225,0
553,1786358412029,-48824,0,4999139,0,6573951,0
554,1786358412039,-48567,0,4999019,0,6573822,0
555,1786358412049,-48301,0,4998960,0,6573942,0
556,1786358412059,-47828,0,4999085,0,6574065,0
557,1786358412070,-47159,0,4999153,0,6574377,0
558,1786358412080,-46765,0,4999182,0,6574565,0
559,1786358412089,-46140,0,4999239,0,6574749,0
560,1786358412099,-45583,0,4999305,0,6575134,0
561,1786358412111,-45240,0,4999203,0,6575045,0
562,1786358412119,-44717,0,4998554,0,6574499,0
563,1786358412130,-44569,0,4997842,0,6573708,0
564,1786358412139,-44452,0,4997071,0,6572841,0
565,1786358412150,-44330,0,4996430,0,6572285,0
566,1786358412159,-44239,0,4995796,0,6571558,0
567,1786358412173,-44142,0,4995347,0,6571042,0
568,1786358412179,-44152,0,4995390,0,6571126,0
569,1786358412191,-43925,0,4995104,0,6570948,0
570,1786358412200,-43922,0,4994802,0,6570529,0
571,1786358412210,-43900,0,4994338,0,6569783,0
572,1786358412221,-43834,0,4993986,0,6569448,0
573,1786358412231,-43897,0,4993778,0,6569286,0
574,1786358412239,-43702,0,4993800,0,6569262,0
575,1786358412250,-43386,0,4993993,0,6569489,0
576,1786358412260,-43137,0,4993937,0,6569727,0
577,1786358412270,-42754,0,4993993,0,6569719,0
578,1786358412279,-42144,0,4993960,0,6569776,0
579,1786358412290,-41432,0,4993919,0,6569909,0
580,1786358412300,-40903,0,4993785,0,6570025,0
581,1786358412311,-39929,0,4993903,0,6570131,0
582,1786358412320,-38956,0,4993824,0,6570211,0
583,1786358412332,-38120,0,4993345,0,6569926,0
584,1786358412340,-37162,0,4992621,0,6569242,0
585,1786358412350,-36301,0,4991937,0,6568435,0
586,1786358412360,-35408,0,4991433,0,6567968,0
587,1786358412371,-34406,0,4991395,0,6568173,0
588,1786358412380,-33376,0,4991726,0,6568392,0
589,1786358412391,-32247,0,4992229,0,6568968,0
590,1786358412401,-31272,0,4992375,0,6569495,0
591,1786358412411,-30220,0,4992728,0,6569948,0
592,1786358412420,-29168,0,4992678,0,6570238,0
593,1786358412431,-28204,0,4992701,0,6570477,0
594,1786358412443,-27275,0,4992356,0,6570399,0
595,1786358412450,-26296,0,4992082,0,6570174,0
596,1786358412462,-25286,0,4991571,0,6569902,0
597,1786358412478,-24185,0,4991117,0,6569515,0
598,1786358412480,-23221,0,4990575,0,6568984,0
599,1786358412495,-22258,0,4990226,0,6568671,0
600,1786358412500,-21456,0,4989894,0,6568426,0
601,1786358412512,-20777,0,4989771,0,6568156,0
602,1786358412520,-20315,0,4989903,0,6568351,0
603,1786358412531,-20234,0,4990115,0,6568543,0
604,1786358412557,-20748,0,4990120,0,6568523,0
605,1786358412557,-21664,0,4990105,0,6568379,0
606,1786358412560,-22756,0,4989961,0,6568214,0
607,1786358412571,-24276,0,4989870,0,6568046,0
608,1786358412581,-26130,0,4989540,0,6567457,0
609,1786358412594,-28105,0,4988996,0,6566784,0
610,1786358412600,-29882,0,4988614,0,6565840,0
611,1786358412612,-31908,0,4988066,0,6565151,0
612,1786358412621,-33536,0,4987421,0,6564344,0
613,1786358412632,-35344,0,4986718,0,6563446,0
614,1786358412640,-36874,0,4985853,0,6562521,0
615,1786358412653,-38158,0,4985410,0,6561766,0
616,1786358412661,-39310,0,4984736,0,6560990,0
617,1786358412672,-40432,0,4984235,0,6560310,0
618,1786358412682,-41276,0,4983696,0,6559667,0
619,1786358412691,-41949,0,4983355,0,6559239,0
620,1786358412701,-42661,0,4983115,0,6558776,0
621,1786358412711,-43191,0,4982491,0,6558254,0
622,1786358412721,-43798,0,4982083,0,6557783,0
623,1786358412731,-44169,0,4981449,0,6557186,0
624,1786358412741,-44550,0,4980803,0,6556410,0
625,1786358412751,-44593,0,4980255,0,6555670,0
626,1786358412761,-44667,0,4979721,0,6555207,0
627,1786358412773,-44694,0,4979323,0,6554727,0
628,1786358412781,-44353,0,4978955,0,6554369,0
629,1786358412792,-44032,0,4978634,0,6554172,0
630,1786358412801,-43606,0,4978330,0,6554062,0
631,1786358412814,-43122,0,4977860,0,6553566,0
632,1786358412821,-42905,0,4977690,0,6553459,0
633,1786358412832,-42451,0,4977656,0,6553546,0
634,1786358412841,-41972,0,4977538,0,6553811,0
635,1786358412853,-41659,0,4977221,0,6553333,0
636,1786358412862,-41461,0,4976860,0,6553109,0
637,1786358412872,-41289,0,4976734,0,6553001,0
638,1786358412881,-41147,0,4975949,0,6552436,0
639,1786358412892,-41138,0,4975018,0,6551323,0
640,1786358412901,-41211,0,4974471,0,6550741,0
641,1786358412912,-41148,0,4973818,0,6550099,0
642,1786358412922,-41179,0,4972823,0,6549203,0
643,1786358412935,-41051,0,4972618,0,6548657,0
644,1786358412941,-40921,0,4972261,0,6548480,0
645,1786358412952,-40759,0,4971863,0,6548116,0
646,1786358412962,-40489,0,4971347,0,6547511,0
647,1786358412974,-40299,0,4971030,0,6547190,0
648,1786358412982,-39871,0,4970806,0,6547214,0
649,1786358412992,-39652,0,4970522,0,6546986,0
650,1786358413001,-39077,0,4970126,0,6546749,0
651,1786358413012,-38674,0,4969444,0,6546178,0
652,1786358413023,-38252,0,4968939,0,6545499,0
653,1786358413033,-37480,0,4968372,0,6545023,0
654,1786358413043,-37109,0,4967968,0,6544577,0
655,1786358413053,-36475,0,4967553,0,6544422,0
656,1786358413061,-35645,0,4967242,0,6544085,0
657,1786358413073,-34870,0,4967163,0,6544032,0
658,1786358413081,-34132,0,4966989,0,6543780,0
659,1786358413092,-33462,0,4966881,0,6543729,0
660,1786358413101,-32606,0,4966874,0,6543918,0
661,1786358413113,-31909,0,4966926,0,6544137,0
662,1786358413121,-31220,0,4966476,0,6543700,0
663,1786358413134,-30520,0,4966109,0,6543395,0
664,1786358413142,-29820,0,4965795,0,6543236,0
665,1786358413153,-29069,0,4965592,0,6542961,0
666,1786358413162,-28286,0,4965441,0,6542888,0
667,1786358413173,-27670,0,4965138,0,6542782,0
668,1786358413181,-26840,0,4965089,0,6542827,0
669,1786358413192,-25990,0,4965108,0,6542845,0
670,1786358413202,-25214,0,4964754,0,6542571,0
671,1786358413212,-24494,0,4964688,0,6542440,0
672,1786358413225,-23617,0,4964648,0,6542580,0
673,1786358413232,-22925,0,4964649,0,6542683,0
674,1786358413242,-22209,0,4964770,0,6542944,0
675,1786358413252,-21640,0,4964545,0,6542835,0
676,1786358413261,-20935,0,4964098,0,6542382,0
677,1786358413273,-20271,0,4963962,0,6542107,0
678,1786358413281,-19864,0,4963593,0,6541726,0
679,1786358413293,-19603,0,4963274,0,6541562,0
680,1786358413301,-19528,0,4963063,0,6541231,0
681,1786358413312,-20040,0,4962672,0,6540827,0
682,1786358413322,-20844,0,4962379,0,6540364,0
683,1786358413333,-21943,0,4962158,0,6539941,0
684,1786358413342,-23204,0,4962089,0,6539768,0
685,1786358413352,-24845,0,4962058,0,6539605,0
686,1786358413361,-26699,0,4961853,0,6539203,0
687,1786358413372,-28565,0,4961358,0,6538387,0
688,1786358413382,-30568,0,4960818,0,6537871,0
689,1786358413392,-32355,0,4960376,0,6537187,0
690,1786358413402,-34096,0,4959809,0,6536590,0
691,1786358413412,-35771,0,4959475,0,6535961,0
692,1786358413422,-36976,0,4959040,0,6535373,0
693,1786358413433,-38375,0,4958470,0,6534818,0
694,1786358413442,-39475,0,4957719,0,6533892,0
695,1786358413455,-40322,0,4956965,0,6533109,0
696,1786358413462,-41038,0,4956582,0,6532585,0
697,1786358413472,-41788,0,4956043,0,6532114,0
698,1786358413482,-42255,0,4955542,0,6531242,0
699,1786358413493,-42903,0,4955116,0,6530927,0
700,1786358413502,-43355,0,4954690,0,6530403,0
701,1786358413512,-43637,0,4954299,0,6530100,0
702,1786358413523,-43884,0,4954034,0,6529795,0
703,1786358413533,-43934,0,4953568,0,6529405,0
704,1786358413545,-43874,0,4953130,0,6528972,0
705,1786358413552,-43833,0,4952782,0,6528784,0
706,1786358413562,-43641,0,4952501,0,6528503,0
707,1786358413573,-43605,0,4952025,0,6528203,0
708,1786358413582,-43513,0,4951661,0,6527899,0
709,1786358413593,-43190,0,4951259,0,6527594,0
710,1786358413602,-43159,0,4950767,0,6527232,0
711,1786358413614,-42935,0,4950224,0,6526487,0
712,1786358413622,-43094,0,4949798,0,6526179,0
713,1786358413632,-42806,0,4949588,0,6526049,0
714,1786358413642,-42840,0,4949314,0,6525665,0
715,1786358413652,-42892,0,4948801,0,6525413,0
716,1786358413662,-43013,0,4948366,0,6524826,0
717,1786358413673,-43016,0,4948049,0,6524414,0
718,1786358413682,-43126,0,4947549,0,6523953,0
719,1786358413693,-43193,0,4946970,0,6523505,0
720,1786358413702,-43144,0,4946620,0,6523126,0
721,1786358413712,-43086,0,4946409,0,6522737,0
722,1786358413723,-42780,0,4946223,0,6522735,0
723,1786358413732,-42799,0,4945708,0,6522192,0
724,1786358413742,-42477,0,4945344,0,6521992,0
725,1786358413753,-42078,0,4944996,0,6521590,0
726,1786358413763,-41656,0,4944619,0,6521324,0
727,1786358413775,-41469,0,4944347,0,6521080,0
728,1786358413782,-40995,0,4943753,0,6520439,0
729,1786358413792,-40481,0,4943261,0,6519916,0
730,1786358413802,-39936,0,4942814,0,6519456,0
731,1786358413814,-39438,0,4942606,0,6519377,0
732,1786358413823,-38841,0,4942390,0,6519209,0
733,1786358413832,-38132,0,4942083,0,6518821,0
734,1786358413843,-37403,0,4941836,0,6518508,0
735,1786358413854,-36848,0,4941485,0,6518446,0
736,1786358413862,-36137,0,4941259,0,6518292,0
737,1786358413874,-35363,0,4941112,0,6518043,0
738,1786358413882,-34587,0,4941022,0,6518031,0
739,1786358413893,-33592,0,4940886,0,6517932,0
740,1786358413903,-32951,0,4940823,0,6517953,0
741,1786358413913,-31941,0,4940665,0,6517997,0
742,1786358413922,-31220,0,4940700,0,6517910,0
743,1786358413934,-30234,0,4940452,0,6518106,0
744,1786358413942,-29180,0,4940385,0,6518026,0
745,1786358413953,-28292,0,4939948,0,6517668,0
746,1786358413962,-27431,0,4939707,0,6517537,0
747,1786358413973,-26491,0,4939662,0,6517597,0
748,1786358413983,-25616,0,4939489,0,6517395,0
749,1786358413993,-24675,0,4939383,0,6517356,0
750,1786358414003,-24057,0,4939228,0,6517389,0
751,1786358414013,-23004,0,4939054,0,6517114,0
752,1786358414023,-22400,0,4938760,0,6517088,0
753,1786358414033,-21478,0,4938563,0,6516944,0
754,1786358414042,-20657,0,4938367,0,6516852,0
755,1786358414053,-19901,0,4938137,0,6516845,0
756,1786358414063,-19246,0,4938070,0,6516661,0
757,1786358414074,-18388,0,4937903,0,6516654,0
758,1786358414083,-17658,0,4937737,0,6516303,0
759,1786358414096,-16901,0,4937469,0,6516143,0
760,1786358414103,-16151,0,4937214,0,6516151,0
761,1786358414113,-15384,0,4936997,0,6515914,0
762,1786358414123,-14628,0,4936654,0,6515525,0
763,1786358414133,-14151,0,4936198,0,6515208,0
764,1786358414143,-13457,0,4935985,0,6515010,0
765,1786358414153,-12986,0,4935904,0,6514900,0
766,1786358414163,-12836,0,4935927,0,6514880,0
767,1786358414174,-13251,0,4935792,0,6514762,0
768,1786358414183,-14036,0,4935622,0,6514416,0
769,1786358414193,-15103,0,4935433,0,6514167,0
770,1786358414203,-16672,0,4935002,0,6513536,0
771,1786358414213,-18390,0,4934567,0,6512648,0
772,1786358414223,-20099,0,4934072,0,6511870,0
773,1786358414234,-21986,0,4933489,0,6511172,0
774,1786358414244,-23579,0,4932808,0,6510235,0
775,1786358414255,-25257,0,4932172,0,6509232,0
776,1786358414263,-26837,0,4931450,0,6508445,0
777,1786358414274,-28155,0,4930927,0,6507536,0
778,1786358414283,-29391,0,4930491,0,6506982,0
779,1786358414294,-30325,0,4930156,0,6506459,0
780,1786358414303,-31188,0,4929801,0,6506009,0
781,1786358414313,-32003,0,4929555,0,6505575,0
782,1786358414323,-32605,0,4929146,0,6505132,0
783,1786358414334,-33323,0,4928623,0,6504387,0
784,1786358414343,-33744,0,4928141,0,6503891,0
785,1786358414355,-34295,0,4927864,0,6503449,0
786,1786358414365,-34673,0,4927304,0,6502870,0
787,1786358414376,-34849,0,4926946,0,6502371,0
788,1786358414383,-34781,0,4926394,0,6501939,0
789,1786358414396,-34847,0,4925963,0,6501419,0
790,1786358414404,-34746,0,4925604,0,6501128,0
791,1786358414420,-34396,0,4925385,0,6500819,0
792,1786358414424,-34055,0,4925177,0,6500797,0
793,1786358414435,-33763,0,4924993,0,6500654,0
794,1786358414444,-33371,0,4924834,0,6500509,0
795,1786358414454,-33088,0,4924758,0,6500408,0
796,1786358414464,-32590,0,4924350,0,6500182,0
797,1786358414474,-32580,0,4924117,0,6499719,0
798,1786358414484,-32565,0,4923612,0,6499336,0
799,1786358414494,-32615,0,4923100,0,6498714,0
800,1786358414504,-32647,0,4922688,0,6498224,0
801,1786358414514,-32815,0,4922228,0,6497491,0
802,1786358414524,-32847,0,4921667,0,6496878,0
803,1786358414534,-32847,0,4921281,0,6496246,0
804,1786358414544,-32721,0,4920990,0,6495976,0
805,1786358414555,-32615,0,4920776,0,6495832,0
806,1786358414564,-32473,0,4920723,0,6495691,0
807,1786358414576,-32245,0,4920273,0,6495442,0
808,1786358414584,-32003,0,4920198,0,6495147,0
809,1786358414594,-31779,0,4920028,0,6494934,0
810,1786358414604,-31528,0,4919817,0,6494931,0
811,1786358414614,-31049,0,4919755,0,6494968,0
812,1786358414624,-30683,0,4919658,0,6494645,0
813,1786358414634,-30060,0,4919299,0,6494392,0
814,1786358414647,-29761,0,4918820,0,6494019,0
815,1786358414655,-29053,0,4918479,0,6493681,0
816,1786358414664,-28440,0,4918328,0,6493635,0
817,1786358414675,-27911,0,4917852,0,6493265,0
818,1786358414684,-27296,0,4917251,0,6492580,0
819,1786358414694,-26661,0,4916703,0,6492039,0
820,1786358414704,-26191,0,4916083,0,6491310,0
821,1786358414715,-25635,0,4915813,0,6490891,0
822,1786358414724,-25175,0,4915581,0,6490553,0
823,1786358414737,-24599,0,4915500,0,6490440,0
824,1786358414744,-23918,0,4915194,0,6490276,0
825,1786358414754,-23328,0,4914933,0,6490076,0
826,1786358414764,-22837,0,4914868,0,6490016,0
827,1786358414775,-22085,0,4914814,0,6490043,0
828,1786358414785,-21405,0,4914469,0,6489603,0
829,1786358414795,-20692,0,4914142,0,6489431,0
830,1786358414805,-20115,0,4913613,0,6488992,0
831,1786358414815,-19464,0,4913349,0,6488669,0
832,1786358414824,-18791,0,4913188,0,6488681,0
833,1786358414835,-18052,0,4912987,0,6488394,0
834,1786358414844,-17346,0,4912836,0,6488433,0
835,1786358414855,-16645,0,4913001,0,6488442,0
836,1786358414865,-15873,0,4913007,0,6488424,0
837,1786358414876,-15211,0,4913208,0,6488740,0
838,1786358414885,-14757,0,4913348,0,6488949,0
839,1786358414897,-14251,0,4913647,0,6489391,0
840,1786358414905,-13744,0,4913869,0,6489642,0
841,1786358414915,-13126,0,4913967,0,6489903,0
842,1786358414925,-12496,0,4914037,0,6490027,0
843,1786358414935,-11910,0,4914067,0,6490340,0
844,1786358414945,-11296,0,4913995,0,6490486,0
845,1786358414955,-10652,0,4914091,0,6490528,0
846,1786358414965,-9931,0,4914233,0,6490812,0
847,1786358414976,-9154,0,4914299,0,6490962,0
848,1786358414985,-8398,0,4914617,0,6491364,0
849,1786358414995,-7792,0,4915011,0,6491874,0
850,1786358415006,-7111,0,4915691,0,6492646,0
851,1786358415016,-6379,0,4916219,0,6493388,0
852,1786358415025,-5777,0,4916692,0,6494045,0
853,1786358415036,-5247,0,4916971,0,6494687,0
854,1786358415045,-4936,0,4917317,0,6495067,0
855,1786358415058,-4799,0,4917550,0,6495388,0
856,1786358415065,-5087,0,4917616,0,6495543,0
857,1786358415076,-5981,0,4917650,0,6495466,0
858,1786358415085,-6897,0,4917625,0,6495513,0
859,1786358415095,-8121,0,4917353,0,6495254,0
860,1786358415105,-9582,0,4917158,0,6494650,0
861,1786358415115,-11058,0,4917001,0,6494352,0
862,1786358415125,-12594,0,4916880,0,6494021,0
863,1786358415136,-14216,0,4916995,0,6493742,0
864,1786358415145,-15556,0,4917085,0,6493826,0
865,1786358415156,-16850,0,4917030,0,6493548,0
866,1786358415166,-17832,0,4916688,0,6493273,0
867,1786358415177,-18771,0,4916563,0,6493049,0
868,1786358415186,-19457,0,4916634,0,6493003,0
869,1786358415196,-19985,0,4916714,0,6492811,0
870,1786358415205,-20293,0,4916779,0,6492877,0
871,1786358415218,-20500,0,4916752,0,6492870,0
872,1786358415225,-20609,0,4916514,0,6492718,0
873,1786358415235,-20617,0,4916583,0,6492586,0
874,1786358415245,-20624,0,4916592,0,6492624,0
875,1786358415256,-20324,0,4916725,0,6492700,0
876,1786358415266,-19887,0,4916736,0,6492936,0
877,1786358415276,-19526,0,4916698,0,6492871,0
878,1786358415285,-19082,0,4916516,0,6492715,0
879,1786358415296,-18772,0,4916117,0,6492407,0
880,1786358415305,-18221,0,4915789,0,6491996,0
881,1786358415316,-17757,0,4915668,0,6491778,0
882,1786358415325,-17156,0,4915332,0,6491284,0
883,1786358415337,-16851,0,4915091,0,6491208,0
884,1786358415347,-16343,0,4914953,0,6490942,0
885,1786358415357,-15877,0,4914846,0,6490798,0
886,1786358415366,-15546,0,4914688,0,6490682,0
887,1786358415379,-15372,0,4914446,0,6490272,0
888,1786358415386,-15303,0,4914231,0,6489946,0
889,1786358415396,-15132,0,4913994,0,6489637,0
890,1786358415407,-15235,0,4913920,0,6489429,0
891,1786358415417,-15081,0,4913987,0,6489253,0
892,1786358415426,-15083,0,4913938,0,6489533,0
893,1786358415437,-14843,0,4914004,0,6489540,0
894,1786358415449,-14700,0,4913842,0,6489414,0
895,1786358415456,-14424,0,4914016,0,6489461,0
896,1786358415466,-14037,0,4913940,0,6489355,0
897,1786358415476,-13692,0,4913991,0,6489499,0
898,1786358415486,-13164,0,4914049,0,6489678,0
899,1786358415496,-12672,0,4914319,0,6489934,0
900,1786358415506,-12126,0,4914370,0,6490049,0
901,1786358415517,-11205,0,4914382,0,6490219,0
902,1786358415528,-10537,0,4914332,0,6490220,0
903,1786358415538,-9775,0,4914350,0,6490065,0
904,1786358415547,-8727,0,4914480,0,6490341,0
905,1786358415557,-7884,0,4914716,0,6490720,0
906,1786358415566,-7000,0,4914896,0,6491074,0
907,1786358415582,-6124,0,4915184,0,6491503,0
908,1786358415586,-5340,0,4915479,0,6491850,0
909,1786358415600,-4395,0,4915628,0,6491872,0
910,1786358415606,-3555,0,4915522,0,6491955,0
911,1786358415618,-2782,0,4915658,0,6492056,0
912,1786358415627,-1917,0,4915847,0,6492341,0
913,1786358415636,-883,0,4916000,0,6492773,0
914,1786358415646,138,0,4916264,0,6493108,0
915,1786358415657,1044,0,4916290,0,6493442,0
916,1786358415666,2105,0,4916599,0,6493531,0
917,1786358415678,3259,0,4916747,0,6494063,0
918,1786358415686,4371,0,4917058,0,6494379,0
919,1786358415699,5537,0,4917461,0,6494996,0
920,1786358415706,6457,0,4917475,0,6495292,0
921,1786358415717,7452,0,4917514,0,6495190,0
922,1786358415726,8363,0,4917501,0,6495305,0
923,1786358415737,9169,0,4917527,0,6495401,0
924,1786358415747,10306,0,4917765,0,6495658,0
925,1786358415757,10938,0,4917842,0,6495895,0
926,1786358415767,11914,0,4917866,0,6495970,0
927,1786358415777,12479,0,4917801,0,6496128,0
928,1786358415787,13399,0,4917951,0,6496204,0
929,1786358415797,14318,0,4918101,0,6496351,0
930,1786358415806,15209,0,4918090,0,6496425,0
931,1786358415818,15826,0,4918186,0,6496640,0
932,1786358415826,16873,0,4918402,0,6496765,0
933,1786358415837,17828,0,4918695,0,6497300,0
934,1786358415847,18937,0,4918910,0,6497634,0
935,1786358415859,19742,0,4919082,0,6497895,0
936,1786358415867,20849,0,4919295,0,6498300,0
937,1786358415882,21864,0,4919519,0,6498631,0
938,1786358415888,22805,0,4919761,0,6499222,0
939,1786358415901,23936,0,4920284,0,6499536,0
940,1786358415907,24883,0,4920415,0,6500029,0
941,1786358415918,25790,0,4920805,0,6500597,0
942,1786358415927,26148,0,4921070,0,6500872,0
943,1786358415937,26432,0,4921451,0,6501229,0
944,1786358415947,26518,0,4921790,0,6501703,0
945,1786358415957,26134,0,4922245,0,6502115,0
946,1786358415967,25703,0,4922713,0,6502281,0
947,1786358415978,25046,0,4922835,0,6502570,0
948,1786358415987,24545,0,4923079,0,6502701,0
949,1786358415998,23573,0,4923061,0,6502691,0
950,1786358416007,22896,0,4922908,0,6502316,0
951,1786358416021,22092,0,4922657,0,6501761,0
952,1786358416027,21501,0,4922394,0,6501832,0
953,1786358416037,21075,0,4922491,0,6501511,0
954,1786358416047,20774,0,4922602,0,6501750,0
955,1786358416057,20644,0,4922815,0,6501817,0
956,1786358416067,20640,0,4922735,0,6501744,0
957,1786358416078,20769,0,4922502,0,6501691,0
958,1786358416087,20905,0,4922451,0,6501353,0
959,1786358416098,21157,0,4922388,0,6501233,0
960,1786358416107,21202,0,4922381,0,6501203,0
961,1786358416117,21801,0,4922518,0,6501376,0
962,1786358416127,22263,0,4922451,0,6501398,0
963,1786358416138,22899,0,4922582,0,6501587,0
964,1786358416149,23816,0,4922836,0,6501817,0
965,1786358416158,24471,0,4923147,0,6502160,0
966,1786358416168,25429,0,4923480,0,6502700,0
967,1786358416180,26352,0,4923743,0,6503127,0
968,1786358416187,27252,0,4924020,0,6503517,0
969,1786358416198,27969,0,4924183,0,6503813,0
970,1786358416207,28777,0,4924504,0,6504149,0
971,1786358416218,29449,0,4924448,0,6504093,0
972,1786358416227,29888,0,4924344,0,6504197,0
973,1786358416238,30385,0,4924429,0,6504004,0
974,1786358416248,30929,0,4924355,0,6504127,0
975,1786358416258,31073,0,4924425,0,6504103,0
976,1786358416267,31428,0,4924135,0,6503816,0
977,1786358416279,31720,0,4924033,0,6503945,0
978,1786358416288,32090,0,4924229,0,6504006,0
979,1786358416299,32368,0,4924419,0,6504016,0
980,1786358416309,32674,0,4924560,0,6504243,0
981,1786358416320,33011,0,4924502,0,6504242,0
982,1786358416328,33357,0,4924406,0,6504186,0
983,1786358416341,33858,0,4924195,0,6503966,0
984,1786358416348,34226,0,4924121,0,6503825,0
985,1786358416358,34571,0,4924132,0,6503809,0
986,1786358416368,35222,0,4924109,0,6503984,0
987,1786358416379,35743,0,4924107,0,6503962,0
988,1786358416388,36530,0,4924318,0,6504235,0
989,1786358416398,37127,0,4924526,0,6504259,0
990,1786358416408,37889,0,4924587,0,6504449,0
991,1786358416418,38678,0,4924594,0,6504608,0
992,1786358416428,39441,0,4924868,0,6505095,0
993,1786358416438,40231,0,4925290,0,6505412,0
994,1786358416448,41161,0,4925724,0,6506059,0
995,1786358416459,42208,0,4925833,0,6506486,0
996,1786358416468,43228,0,4925916,0,6506736,0
997,1786358416479,44144,0,4926125,0,6506988,0
998,1786358416488,45021,0,4926399,0,6507284,0
999,1786358416500,46114,0,4926481,0,6507522,0
1000,1786358416508,47138,0,4926678,0,6507875,0
1001,1786358416519,48185,0,4926800,0,6507933,0
1002,1786358416528,49113,0,4926849,0,6508094,0
1003,1786358416539,50009,0,4926869,0,6508182,0
1004,1786358416549,50754,0,4927055,0,6508538,0
1005,1786358416558,51991,0,4927140,0,6508700,0
1006,1786358416568,52820,0,4927253,0,6508927,0
1007,1786358416580,53627,0,4927436,0,6509174,0
1008,1786358416588,54701,0,4927715,0,6509616,0
1009,1786358416599,55724,0,4928004,0,6509898,0
1010,1786358416609,56635,0,4928242,0,6510179,0
1011,1786358416619,57476,0,4928324,0,6510529,0
1012,1786358416629,58427,0,4928390,0,6510785,0
1013,1786358416639,59298,0,4928568,0,6510971,0
1014,1786358416649,60210,0,4928587,0,6511085,0
1015,1786358416662,61054,0,4928633,0,6511246,0
1016,1786358416669,62114,0,4928789,0,6511291,0
1017,1786358416679,62965,0,4928863,0,6511484,0
1018,1786358416689,63895,0,4928822,0,6511588,0
1019,1786358416700,64861,0,4929080,0,6511894,0
1020,1786358416709,65673,0,4929266,0,6512102,0
1021,1786358416719,66545,0,4929301,0,6512277,0
1022,1786358416729,67234,0,4929374,0,6512384,0
1023,1786358416739,68328,0,4929600,0,6512745,0
1024,1786358416749,69209,0,4929760,0,6513104,0
1025,1786358416759,69951,0,4929746,0,6513159,0
1026,1786358416769,70471,0,4929861,0,6513396,0
1027,1786358416780,70922,0,4929828,0,6513194,0
1028,1786358416789,70921,0,4929820,0,6513304,0
1029,1786358416800,70561,0,4930046,0,6513262,0
1030,1786358416809,70148,0,4930375,0,6513482,0
1031,1786358416821,69342,0,4930485,0,6513500,0
1032,1786358416829,68295,0,4930437,0,6513036,0
1033,1786358416839,67145,0,4930064,0,6512430,0
1034,1786358416849,65745,0,4929913,0,6512206,0
1035,1786358416859,64525,0,4930077,0,6512003,0
1036,1786358416869,63278,0,4930019,0,6511878,0
1037,1786358416880,62119,0,4929890,0,6511488,0
1038,1786358416889,61145,0,4929879,0,6511362,0
1039,1786358416900,60213,0,4929938,0,6511204,0
1040,1786358416909,59451,0,4929748,0,6510955,0
1041,1786358416920,58879,0,4929725,0,6510766,0
1042,1786358416929,58384,0,4929656,0,6510731,0
1043,1786358416940,58107,0,4929702,0,6510820,0
1044,1786358416949,57787,0,4929679,0,6510671,0
1045,1786358416960,57754,0,4929499,0,6510581,0
1046,1786358416970,57605,0,4929242,0,6510230,0
1047,1786358416983,57707,0,4929235,0,6510204,0
1048,1786358416990,57830,0,4929366,0,6510336,0
1049,1786358417000,58024,0,4929061,0,6509903,0
1050,1786358417009,58178,0,4929050,0,6509766,0
1051,1786358417021,58256,0,4928763,0,6509629,0
1052,1786358417030,58698,0,4928623,0,6509296,0
1053,1786358417040,59081,0,4928563,0,6509253,0
1054,1786358417050,59285,0,4928670,0,6509214,0
1055,1786358417060,59564,0,4928700,0,6509509,0
1056,1786358417070,59875,0,4928799,0,6509463,0
1057,1786358417080,59998,0,4928604,0,6509139,0
1058,1786358417090,60089,0,4928648,0,6509118,0
1059,1786358417100,60143,0,4928789,0,6509284,0
1060,1786358417111,60180,0,4928681,0,6509315,0
1061,1786358417121,60377,0,4928679,0,6509221,0
1062,1786358417130,60310,0,4928711,0,6509283,0
1063,1786358417142,60283,0,4928570,0,6509033,0
1064,1786358417150,60392,0,4928353,0,6508634,0
1065,1786358417160,60489,0,4928344,0,6508633,0
1066,1786358417170,60570,0,4928282,0,6508722,0
1067,1786358417181,60638,0,4928447,0,6508845,0
1068,1786358417190,60948,0,4928366,0,6508704,0
1069,1786358417200,61214,0,4928553,0,6508929,0
1070,1786358417210,61317,0,4928449,0,6508929,0
1071,1786358417221,61412,0,4928444,0,6508846,0
1072,1786358417230,61677,0,4928333,0,6508763,0
1073,1786358417240,62007,0,4928184,0,6508828,0
1074,1786358417250,62241,0,4928198,0,6508706,0
1075,1786358417261,62618,0,4928183,0,6508874,0
1076,1786358417270,63156,0,4928286,0,6508900,0
1077,1786358417282,63712,0,4928478,0,6509255,0
1078,1786358417291,64417,0,4928593,0,6509379,0
1079,1786358417304,65035,0,4928817,0,6509670,0
1080,1786358417311,65597,0,4929022,0,6509830,0
1081,1786358417320,66361,0,4929171,0,6510173,0
1082,1786358417331,67113,0,4929405,0,6510341,0
1083,1786358417345,67862,0,4929484,0,6510552,0
1084,1786358417351,68601,0,4929665,0,6510712,0
1085,1786358417361,69319,0,4929658,0,6510971,0
1086,1786358417371,70117,0,4929785,0,6511061,0
1087,1786358417390,70859,0,4929689,0,6511059,0
1088,1786358417406,71577,0,4929853,0,6511311,0
1089,1786358417406,72341,0,4929959,0,6511480,0
1090,1786358417413,73086,0,4930192,0,6511710,0
1091,1786358417421,74067,0,4930236,0,6511771,0
1092,1786358417431,74952,0,4930433,0,6512023,0
1093,1786358417445,75658,0,4930402,0,6512149,0
1094,1786358417451,76436,0,4930456,0,6512423,0
1095,1786358417464,77251,0,4930628,0,6512391,0
1096,1786358417471,78099,0,4930831,0,6512658,0
1097,1786358417482,78909,0,4930891,0,6512835,0
1098,1786358417495,79633,0,4930810,0,6512774,0
1099,1786358417501,80350,0,4930818,0,6512663,0
1100,1786358417513,81059,0,4930780,0,6512869,0
1101,1786358417522,81974,0,4930727,0,6512705,0
1102,1786358417533,82544,0,4930779,0,6512809,0
1103,1786358417542,83445,0,4930840,0,6512902,0
1104,1786358417552,84146,0,4931080,0,6513315,0
1105,1786358417562,85054,0,4931536,0,6513829,0
1106,1786358417571,85864,0,4931717,0,6514093,0
1107,1786358417582,86774,0,4931733,0,6514232,0
1108,1786358417592,87455,0,4931852,0,6514183,0
1109,1786358417594,88158,0,4932117,0,6514655,0
1110,1786358417602,88363,0,4932454,0,6515050,0
1111,1786358417615,88379,0,4932620,0,6515265,0
1112,1786358417622,88136,0,4932597,0,6515242,0
1113,1786358417632,87513,0,4932547,0,6515115,0
1114,1786358417645,86554,0,4932646,0,6514853,0
1115,1786358417653,85258,0,4932398,0,6514415,0
1116,1786358417664,83849,0,4932244,0,6514068,0
1117,1786358417672,82337,0,4932062,0,6513395,0
1118,1786358417685,80875,0,4931956,0,6513129,0
1119,1786358417693,79256,0,4931795,0,6512708,0
1120,1786358417702,77867,0,4931722,0,6512342,0
1121,1786358417712,76634,0,4931751,0,6511944,0
1122,1786358417722,75425,0,4931827,0,6512028,0
1123,1786358417732,74385,0,4931967,0,6511804,0
1124,1786358417742,73515,0,4931905,0,6511793,0
1125,1786358417753,72695,0,4931734,0,6511422,0
1126,1786358417762,71765,0,4931491,0,6511084,0
1127,1786358417775,71127,0,4931462,0,6510750,0
1128,1786358417782,70562,0,4931305,0,6510515,0
1129,1786358417792,70172,0,4931249,0,6510338,0
1130,1786358417802,69850,0,4931311,0,6510378,0
1131,1786358417813,69531,0,4931220,0,6510184,0
1132,1786358417822,69387,0,4930925,0,6509879,0
1133,1786358417833,69305,0,4930770,0,6509459,0
1134,1786358417842,69273,0,4930529,0,6509303,0
1135,1786358417852,69509,0,4930370,0,6509114,0
1136,1786358417862,69478,0,4930407,0,6508929,0
1137,1786358417873,69554,0,4930425,0,6509032,0
1138,1786358417882,69948,0,4930349,0,6508888,0
1139,1786358417893,70044,0,4930354,0,6509000,0
1140,1786358417903,70159,0,4930305,0,6508740,0
1141,1786358417913,70400,0,4930472,0,6508817,0
1142,1786358417923,70538,0,4930392,0,6508824,0
1143,1786358417935,70431,0,4930233,0,6508471,0
1144,1786358417944,70527,0,4930010,0,6508240,0
1145,1786358417953,70280,0,4929900,0,6507999,0
1146,1786358417963,70252,0,4929695,0,6507939,0
1147,1786358417973,70273,0,4929677,0,6507516,0
1148,1786358417982,70087,0,4929458,0,6507465,0
1149,1786358417993,70097,0,4929305,0,6507155,0
1150,1786358418002,69948,0,4929316,0,6507097,0
1151,1786358418013,69703,0,4929121,0,6506774,0
1152,1786358418023,69702,0,4928920,0,6506444,0
1153,1786358418033,69603,0,4928913,0,6506405,0
1154,1786358418043,69521,0,4928912,0,6506255,0
1155,1786358418053,69767,0,4928869,0,6506296,0
1156,1786358418063,69873,0,4928616,0,6505943,0
1157,1786358418075,69951,0,4928296,0,6505600,0
1158,1786358418084,70092,0,4928180,0,6505310,0
1159,1786358418096,70259,0,4928045,0,6505000,0
1160,1786358418103,70629,0,4927990,0,6505139,0
1161,1786358418113,71032,0,4927947,0,6505010,0
1162,1786358418123,71570,0,4928091,0,6505207,0
1163,1786358418133,71848,0,4927904,0,6505127,0
1164,1786358418143,72471,0,4928117,0,6505295,0
1165,1786358418153,72995,0,4927926,0,6505198,0
1166,1786358418163,73529,0,4928127,0,6505291,0
1167,1786358418174,73949,0,4928121,0,6505251,0
1168,1786358418183,74568,0,4928019,0,6505118,0
1169,1786358418193,75105,0,4927909,0,6505117,0
1170,1786358418203,75724,0,4927878,0,6504992,0
1171,1786358418213,76250,0,4927919,0,6504928,0
1172,1786358418225,76690,0,4928029,0,6505127,0
1173,1786358418234,77466,0,4928163,0,6505432,0
1174,1786358418243,77925,0,4928262,0,6505435,0
1175,1786358418257,78591,0,4928266,0,6505561,0
1176,1786358418263,79303,0,4928406,0,6505683,0
1177,1786358418274,80029,0,4928405,0,6505832,0
1178,1786358418283,80479,0,4928437,0,6505794,0
1179,1786358418294,81179,0,4928543,0,6505820,0
1180,1786358418303,81922,0,4928432,0,6506001,0
1181,1786358418314,82563,0,4928516,0,6506044,0
1182,1786358418323,83265,0,4928582,0,6506207,0
1183,1786358418334,83953,0,4928730,0,6506462,0
1184,1786358418343,84615,0,4928798,0,6506475,0
1185,1786358418354,85235,0,4928652,0,6506609,0
1186,1786358418364,86032,0,4928729,0,6506486,0
1187,1786358418375,86678,0,4928743,0,6506572,0
1188,1786358418384,87262,0,4928712,0,6506781,0
1189,1786358418394,87996,0,4928550,0,6506560,0
1190,1786358418404,88506,0,4928431,0,6506345,0
1191,1786358418416,89245,0,4928277,0,6506265,0
1192,1786358418427,89763,0,4928295,0,6506098,0
1193,1786358418434,90428,0,4928314,0,6506174,0
1194,1786358418444,91048,0,4928374,0,6506256,0
1195,1786358418454,91963,0,4928343,0,6506297,0
1196,1786358418464,92449,0,4928425,0,6506593,0
1197,1786358418474,93349,0,4928655,0,6506669,0
1198,1786358418484,94136,0,4928973,0,6506950,0
1199,1786358418494,94829,0,4929003,0,6507078,0
1200,1786358418504,95179,0,4929130,0,6507390,0
1201,1786358418514,95729,0,4929418,0,6507578,0
1202,1786358418524,95705,0,4929632,0,6507978,0
1203,1786358418535,95208,0,4929973,0,6508141,0
1204,1786358418544,94660,0,4930183,0,6508149,0
1205,1786358418555,93698,0,4930295,0,6508229,0
1206,1786358418565,92411,0,4930207,0,6507800,0
1207,1786358418577,90878,0,4930232,0,6507447,0
1208,1786358418584,89295,0,4930106,0,6506989,0
1209,1786358418594,87679,0,4930007,0,6506646,0
1210,1786358418606,85867,0,4929710,0,6506194,0
1211,1786358418615,84200,0,4929430,0,6505654,0
1212,1786358418624,82771,0,4929340,0,6505243,0
1213,1786358418634,81232,0,4929332,0,6505160,0
1214,1786358418644,79931,0,4929431,0,6504909,0
1215,1786358418654,78947,0,4929343,0,6504711,0
1216,1786358418664,78053,0,4929308,0,6504683,0
1217,1786358418675,77081,0,4929275,0,6504278,0
1218,1786358418684,76310,0,4928957,0,6503937,0
1219,1786358418694,75641,0,4928839,0,6503518,0
1220,1786358418704,75026,0,4928768,0,6503451,0
1221,1786358418715,74667,0,4928875,0,6503287,0
1222,1786358418724,74274,0,4928816,0,6503341,0
1223,1786358418737,73962,0,4928782,0,6503243,0
1224,1786358418745,73789,0,4928594,0,6502917,0
1225,1786358418754,73610,0,4928582,0,6502607,0
1226,1786358418765,73806,0,4928486,0,6502632,0
1227,1786358418775,73774,0,4928524,0,6502564,0
1228,1786358418785,73851,0,4928436,0,6502488,0
1229,1786358418795,73889,0,4928395,0,6502328,0
1230,1786358418804,74024,0,4928328,0,6502183,0
1231,1786358418815,74090,0,4928325,0,6502181,0
1232,1786358418824,74154,0,4928042,0,6501829,0
1233,1786358418835,74009,0,4927785,0,6501498,0
1234,1786358418845,74038,0,4927522,0,6501016,0
1235,1786358418856,73917,0,4927215,0,6500582,0
1236,1786358418865,73854,0,4927080,0,6500378,0
1237,1786358418876,73538,0,4926974,0,6500083,0
1238,1786358418885,73336,0,4926679,0,6499859,0
1239,1786358418898,73082,0,4926353,0,6499324,0
1240,1786358418906,72854,0,4926416,0,6499175,0
1241,1786358418916,72656,0,4926408,0,6499174,0
1242,1786358418925,72494,0,4926402,0,6498911,0
1243,1786358418935,72447,0,4926190,0,6498637,0
1244,1786358418945,72320,0,4925999,0,6498388,0
1245,1786358418955,72169,0,4925830,0,6498250,0
1246,1786358418965,72162,0,4925413,0,6497749,0
1247,1786358418976,72118,0,4925353,0,6497489,0
1248,1786358418985,72264,0,4925144,0,6497263,0
1249,1786358418995,72406,0,4924944,0,6497021,0
1250,1786358419005,72631,0,4924889,0,6496871,0
1251,1786358419016,72858,0,4924620,0,6496654,0
1252,1786358419027,73240,0,4924638,0,6496460,0
1253,1786358419037,73540,0,4924573,0,6496420,0
1254,1786358419045,73990,0,4924488,0,6496462,0
1255,1786358419058,74333,0,4924405,0,6496190,0
1256,1786358419065,74716,0,4924505,0,6496212,0
1257,1786358419076,75186,0,4924339,0,6496145,0
1258,1786358419085,75560,0,4924351,0,6496050,0
1259,1786358419096,75940,0,4924192,0,6496031,0
1260,1786358419105,76396,0,4924363,0,6496167,0
1261,1786358419115,76947,0,4924464,0,6496137,0
1262,1786358419125,77594,0,4924431,0,6496213,0
1263,1786358419136,77983,0,4924375,0,6496171,0
1264,1786358419147,78536,0,4924150,0,6495923,0
1265,1786358419156,78984,0,4924079,0,6496018,0
1266,1786358419165,79640,0,4924119,0,6495976,0
1267,1786358419176,79992,0,4924095,0,6496156,0
1268,1786358419185,80596,0,4924060,0,6496036,0
1269,1786358419196,81116,0,4924007,0,6495884,0
1270,1786358419206,81530,0,4924001,0,6495967,0
1271,1786358419219,82136,0,4923957,0,6495844,0
1272,1786358419227,82501,0,4923874,0,6495792,0
1273,1786358419236,83170,0,4923820,0,6495599,0
1274,1786358419247,83664,0,4923800,0,6495696,0
1275,1786358419256,84138,0,4923788,0,6495680,0
1276,1786358419266,84654,0,4923957,0,6495746,0
1277,1786358419276,85186,0,4924010,0,6495857,0
1278,1786358419286,85707,0,4923955,0,6495814,0
1279,1786358419296,86282,0,4923913,0,6495891,0
1280,1786358419306,87069,0,4923988,0,6495939,0
1281,1786358419316,87574,0,4923981,0,6496001,0
1282,1786358419326,88213,0,4924049,0,6496212,0
1283,1786358419336,88779,0,4924275,0,6496396,0
1284,1786358419346,89556,0,4924275,0,6496502,0
1285,1786358419357,90235,0,4924389,0,6496644,0
1286,1786358419366,90863,0,4924526,0,6496708,0
1287,1786358419379,91677,0,4924560,0,6496853,0
1288,1786358419386,92401,0,4924652,0,6497064,0
1289,1786358419396,93264,0,4924683,0,6497070,0
1290,1786358419407,94072,0,4924649,0,6497233,0
1291,1786358419417,94910,0,4924822,0,6497298,0
1292,1786358419426,95649,0,4925009,0,6497495,0
1293,1786358419440,96470,0,4925059,0,6497821,0
1294,1786358419446,96839,0,4925164,0,6497821,0
1295,1786358419457,96810,0,4925272,0,6497829,0
1296,1786358419466,96659,0,4925427,0,6497802,0
1297,1786358419476,95983,0,4925472,0,6497653,0
1298,1786358419486,95110,0,4925475,0,6497632,0
1299,1786358419496,94057,0,4925555,0,6497418,0
1300,1786358419507,92628,0,4925306,0,6497088,0
1301,1786358419517,91048,0,4925089,0,6496527,0
1302,1786358419526,89461,0,4924918,0,6496118,0
1303,1786358419539,87968,0,4924557,0,6495567,0
1304,1786358419546,86558,0,4924392,0,6494936,0
1305,1786358419556,84996,0,4924041,0,6494502,0
1306,1786358419566,83758,0,4923813,0,6493931,0
1307,1786358419578,82427,0,4923356,0,6493318,0
1308,1786358419586,81335,0,4923230,0,6492772,0
1309,1786358419597,80271,0,4922939,0,6492338,0
1310,1786358419606,79261,0,4922835,0,6491895,0
1311,1786358419617,78330,0,4922550,0,6491393,0
1312,1786358419626,77689,0,4922254,0,6490946,0
1313,1786358419637,77161,0,4922172,0,6490723,0
1314,1786358419647,76584,0,4922038,0,6490435,0
1315,1786358419657,76314,0,4922006,0,6490161,0
1316,1786358419667,76200,0,4922150,0,6490314,0
1317,1786358419678,76016,0,4922147,0,6490092,0
1318,1786358419687,76047,0,4921935,0,6489925,0
1319,1786358419699,76138,0,4921708,0,6489657,0
1320,1786358419707,76139,0,4921525,0,6489264,0
1321,1786358419717,76538,0,4921522,0,6489316,0
1322,1786358419727,76741,0,4921860,0,6489557,0
1323,1786358419737,77234,0,4921821,0,6489615,0
1324,1786358419747,77413,0,4921655,0,6489574,0
1325,1786358419757,77618,0,4921680,0,6489338,0
1326,1786358419767,77979,0,4921572,0,6489207,0
1327,1786358419779,78133,0,4921582,0,6489063,0
1328,1786358419787,78159,0,4921489,0,6489127,0
1329,1786358419797,78378,0,4921395,0,6489095,0
1330,1786358419807,78586,0,4921490,0,6488966,0
1331,1786358419817,78641,0,4921273,0,6488634,0
1332,1786358419827,78603,0,4921199,0,6488596,0
1333,1786358419838,78796,0,4921174,0,6488498,0
1334,1786358419847,78685,0,4921151,0,6488370,0
1335,1786358419861,78794,0,4921174,0,6488302,0
1336,1786358419867,79076,0,4921143,0,6488090,0
1337,1786358419878,79080,0,4920913,0,6487857,0
1338,1786358419887,78958,0,4920660,0,6487425,0
1339,1786358419898,79060,0,4920406,0,6487197,0
1340,1786358419907,79196,0,4920248,0,6486910,0
1341,1786358419917,79132,0,4919816,0,6486535,0
1342,1786358419927,79217,0,4919464,0,6486082,0
1343,1786358419938,79049,0,4919153,0,6485374,0
1344,1786358419947,79264,0,4918746,0,6484966,0
1345,1786358419958,79366,0,4918608,0,6484660,0
1346,1786358419968,79731,0,4918469,0,6484500,0
1347,1786358419978,79944,0,4918541,0,6484435,0
1348,1786358419987,80341,0,4918380,0,6484553,0
1349,1786358419999,80709,0,4918268,0,6484353,0
1350,1786358420008,81291,0,4918147,0,6484362,0
1351,1786358420020,81741,0,4917777,0,6484026,0
1352,1786358420027,82143,0,4917602,0,6483454,0
1353,1786358420038,82728,0,4917395,0,6482983,0
1354,1786358420049,82974,0,4917320,0,6483097,0
1355,1786358420059,83232,0,4917361,0,6482720,0
1356,1786358420067,83351,0,4917356,0,6482790,0
1357,1786358420078,83539,0,4917499,0,6482850,0
1358,1786358420088,83571,0,4917657,0,6483093,0
1359,1786358420099,83908,0,4917769,0,6483211,0
1360,1786358420108,84179,0,4917684,0,6483347,0
1361,1786358420121,84496,0,4917612,0,6483421,0
1362,1786358420128,84984,0,4917020,0,6483086,0
1363,1786358420138,85455,0,4916706,0,6482706,0
1364,1786358420148,86035,0,4916214,0,6482151,0
1365,1786358420158,86786,0,4916072,0,6481866,0
1366,1786358420168,87566,0,4915975,0,6481772,0
1367,1786358420181,88101,0,4916091,0,6481809,0
1368,1786358420188,88664,0,4916225,0,6482015,0
1369,1786358420198,89149,0,4916222,0,6482039,0
1370,1786358420208,89819,0,4916241,0,6481875,0
1371,1786358420218,90132,0,4916275,0,6481880,0
1372,1786358420228,90523,0,4916226,0,6481874,0
1373,1786358420238,90757,0,4916182,0,6481893,0
1374,1786358420248,90917,0,4916096,0,6481635,0
1375,1786358420258,91524,0,4915873,0,6481652,0
1376,1786358420268,91765,0,4915953,0,6481524,0
1377,1786358420279,92237,0,4915922,0,6481567,0
1378,1786358420288,92981,0,4915916,0,6481760,0
1379,1786358420299,93521,0,4915910,0,6481999,0
1380,1786358420308,94406,0,4916036,0,6482072,0
1381,1786358420319,95122,0,4916130,0,6482277,0
1382,1786358420328,95893,0,4916208,0,6482436,0
1383,1786358420341,96580,0,4916361,0,6482481,0
1384,1786358420348,97104,0,4916635,0,6482801,0
1385,1786358420359,97385,0,4916741,0,6482925,0
1386,1786358420369,97629,0,4916745,0,6483040,0
1387,1786358420380,97422,0,4916870,0,6483017,0
1388,1786358420388,96676,0,4916723,0,6482843,0
1389,1786358420399,95739,0,4916587,0,6482466,0
1390,1786358420408,94360,0,4916427,0,6481866,0
1391,1786358420419,92832,0,4916235,0,6481541,0
1392,1786358420428,91087,0,4916282,0,6481191,0
1393,1786358420439,89317,0,4916134,0,6480779,0
1394,1786358420449,87458,0,4915938,0,6480327,0
1395,1786358420459,85806,0,4915667,0,6479957,0
1396,1786358420469,84331,0,4915437,0,6479674,0
1397,1786358420480,82682,0,4915269,0,6479296,0
1398,1786358420489,81615,0,4915200,0,6478912,0
1399,1786358420502,80473,0,4914965,0,6478707,0
1400,1786358420509,79370,0,4914642,0,6478208,0
1401,1786358420519,78563,0,4914359,0,6477830,0
1402,1786358420530,77719,0,4914176,0,6477387,0
1403,1786358420539,77016,0,4913829,0,6477033,0
1404,1786358420549,76468,0,4913746,0,6476759,0
1405,1786358420559,75890,0,4913644,0,6476469,0
1406,1786358420569,75392,0,4913385,0,6476293,0
1407,1786358420580,75012,0,4913187,0,6475785,0
1408,1786358420590,74577,0,4912724,0,6475362,0
1409,1786358420600,74250,0,4912511,0,6474865,0
1410,1786358420609,73940,0,4912170,0,6474293,0
1411,1786358420620,73893,0,4912130,0,6474152,0
1412,1786358420629,73681,0,4911957,0,6473747,0
1413,1786358420640,73550,0,4911714,0,6473476,0
1414,1786358420649,73725,0,4911477,0,6473091,0
1415,1786358420663,73621,0,4911555,0,6473119,0
1416,1786358420670,73670,0,4911685,0,6472931,0
1417,1786358420680,73942,0,4911824,0,6473216,0
1418,1786358420690,74211,0,4911912,0,6473309,0
1419,1786358420700,74551,0,4911974,0,6473478,0
1420,1786358420709,74424,0,4911914,0,6473265,0
1421,1786358420720,74633,0,4911592,0,6472894,0
1422,1786358420729,74540,0,4911491,0,6472492,0
1423,1786358420740,74338,0,4911250,0,6472272,0
1424,1786358420749,74032,0,4911081,0,6471952,0
1425,1786358420759,73946,0,4910849,0,6471625,0
1426,1786358420770,73708,0,4910796,0,6471464,0
1427,1786358420780,73481,0,4910570,0,6471358,0
1428,1786358420790,73371,0,4910384,0,6471184,0
1429,1786358420801,73300,0,4910038,0,6470903,0
1430,1786358420809,73096,0,4909742,0,6470289,0
1431,1786358420823,73006,0,4909585,0,6470080,0
1432,1786358420830,73216,0,4909401,0,6469821,0
1433,1786358420841,73257,0,4909357,0,6469569,0
1434,1786358420850,73732,0,4909245,0,6469582,0
1435,1786358420860,73981,0,4909186,0,6469487,0
1436,1786358420870,74361,0,4909345,0,6469607,0
1437,1786358420885,74976,0,4909525,0,6469779,0
1438,1786358420890,75491,0,4909601,0,6469810,0
1439,1786358420900,76160,0,4909818,0,6470086,0
1440,1786358420910,76747,0,4910000,0,6470391,0
1441,1786358420920,77651,0,4910047,0,6470591,0
1442,1786358420930,78308,0,4910104,0,6470704,0
1443,1786358420940,79007,0,4910068,0,6470834,0
1444,1786358420950,79776,0,4910051,0,6470927,0
1445,1786358420961,80459,0,4910055,0,6470861,0
1446,1786358420970,81117,0,4909863,0,6470737,0
1447,1786358420983,81829,0,4909664,0,6470589,0
1448,1786358420990,82331,0,4909596,0,6470268,0
1449,1786358421000,82947,0,4909438,0,6470166,0
1450,1786358421010,83561,0,4909436,0,6470136,0
1451,1786358421021,84043,0,4909568,0,6470221,0
1452,1786358421030,84754,0,4909635,0,6470331,0
1453,1786358421040,85306,0,4909625,0,6470300,0
1454,1786358421050,85866,0,4909749,0,6470412,0
1455,1786358421060,86492,0,4909812,0,6470451,0
1456,1786358421070,87090,0,4909818,0,6470448,0
1457,1786358421081,87587,0,4909747,0,6470236,0
1458,1786358421090,88275,0,4909796,0,6470297,0
1459,1786358421101,88778,0,4909812,0,6470268,0
1460,1786358421110,89433,0,4909940,0,6470414,0
1461,1786358421122,90005,0,4909940,0,6470691,0
1462,1786358421130,90639,0,4910119,0,6470802,0
1463,1786358421145,91387,0,4910193,0,6470893,0
1464,1786358421150,92210,0,4910317,0,6471038,0
1465,1786358421160,93032,0,4910457,0,6471185,0
1466,1786358421170,93770,0,4910658,0,6471414,0
1467,1786358421181,94686,0,4910737,0,6471641,0
1468,1786358421190,95439,0,4910768,0,6471711,0
1469,1786358421201,96265,0,4910928,0,6471951,0
1470,1786358421211,97333,0,4911217,0,6472375,0
1471,1786358421221,98216,0,4911467,0,6472621,0
1472,1786358421231,99184,0,4911734,0,6472951,0
1473,1786358421241,100129,0,4911783,0,6473208,0
1474,1786358421251,101059,0,4912034,0,6473463,0
1475,1786358421261,102117,0,4912244,0,6473771,0
1476,1786358421271,103184,0,4912490,0,6474026,0
1477,1786358421282,104240,0,4912662,0,6474353,0
1478,1786358421291,105045,0,4913055,0,6474769,0
1479,1786358421303,105918,0,4913450,0,6475409,0
1480,1786358421311,106644,0,4914111,0,6475930,0
1481,1786358421321,107085,0,4914616,0,6476619,0
1482,1786358421331,107357,0,4914971,0,6477034,0
1483,1786358421342,107357,0,4915223,0,6477469,0
1484,1786358421351,107152,0,4915456,0,6477588,0
1485,1786358421362,106987,0,4915517,0,6477536,0
1486,1786358421371,106590,0,4915820,0,6477892,0
1487,1786358421386,106185,0,4916144,0,6478122,0
1488,1786358421391,105678,0,4916304,0,6478074,0
1489,1786358421401,105158,0,4916376,0,6478081,0
1490,1786358421411,104785,0,4916595,0,6478171,0
1491,1786358421422,104601,0,4916450,0,6478004,0
1492,1786358421432,104384,0,4916483,0,6477901,0
1493,1786358421443,104375,0,4916499,0,6477828,0
1494,1786358421451,104221,0,4916468,0,6477896,0
1495,1786358421465,104257,0,4916551,0,6477967,0
1496,1786358421472,104557,0,4916736,0,6477981,0
1497,1786358421482,104498,0,4917052,0,6478222,0
1498,1786358421492,104811,0,4917269,0,6478672,0
1499,1786358421503,105394,0,4917402,0,6478893,0
1500,1786358421512,105775,0,4917451,0,6479055,0
1501,1786358421522,106399,0,4917614,0,6479141,0
1502,1786358421532,107014,0,4917785,0,6479443,0
1503,1786358421542,107742,0,4917965,0,6479770,0
1504,1786358421552,108407,0,4918049,0,6480112,0
1505,1786358421562,109228,0,4918223,0,6480336,0
1506,1786358421572,109990,0,4918445,0,6480609,0
1507,1786358421583,111240,0,4918636,0,6480632,0
1508,1786358421592,111762,0,4918549,0,6480715,0
1509,1786358421603,112239,0,4918657,0,6480748,0
1510,1786358421612,112509,0,4918779,0,6480688,0
1511,1786358421625,113000,0,4918830,0,6480736,0
1512,1786358421632,113239,0,4919014,0,6480868,0
1513,1786358421642,113388,0,4919142,0,6480976,0
1514,1786358421652,114006,0,4919421,0,6481359,0
1515,1786358421663,114308,0,4919716,0,6481727,0
1516,1786358421672,114876,0,4919982,0,6482229,0
1517,1786358421683,115350,0,4920200,0,6482411,0
1518,1786358421692,116134,0,4920295,0,6482732,0
1519,1786358421702,116854,0,4920463,0,6482768,0
1520,1786358421712,117384,0,4920512,0,6483024,0
1521,1786358421722,118171,0,4920790,0,6483388,0
1522,1786358421732,118774,0,4920962,0,6483434,0
1523,1786358421742,119343,0,4920848,0,6483495,0
1524,1786358421752,119852,0,4920882,0,6483505,0
1525,1786358421763,120315,0,4920781,0,6483327,0
1526,1786358421772,120894,0,4920870,0,6483303,0
1527,1786358421785,121435,0,4921029,0,6483436,0
1528,1786358421792,122093,0,4921167,0,6483613,0
1529,1786358421802,122721,0,4921167,0,6483835,0
1530,1786358421812,123489,0,4921410,0,6484055,0
1531,1786358421823,124414,0,4921748,0,6484419,0
1532,1786358421832,125119,0,4921938,0,6484997,0
1533,1786358421842,125932,0,4922149,0,6485173,0
1534,1786358421852,126838,0,4922409,0,6485419,0
1535,1786358421862,127627,0,4922444,0,6485520,0
1536,1786358421872,128434,0,4922438,0,6485664,0
1537,1786358421882,129356,0,4922541,0,6485719,0
1538,1786358421892,130270,0,4922697,0,6485967,0
1539,1786358421902,131256,0,4922943,0,6486274,0
1540,1786358421912,132075,0,4923213,0,6486722,0
1541,1786358421923,133141,0,4923675,0,6487208,0
1542,1786358421932,134128,0,4923846,0,6487706,0
1543,1786358421944,135132,0,4924083,0,6488165,0
1544,1786358421952,136031,0,4924335,0,6488360,0
1545,1786358421962,136873,0,4924810,0,6488795,0
1546,1786358421972,138022,0,4925058,0,6489395,0
1547,1786358421983,138944,0,4925389,0,6489924,0
1548,1786358421992,140035,0,4925664,0,6490245,0
1549,1786358422002,141117,0,4925898,0,6490700,0
1550,1786358422012,142061,0,4926154,0,6491126,0
1551,1786358422022,142996,0,4926271,0,6491430,0
1552,1786358422032,144109,0,4926437,0,6491611,0
1553,1786358422042,145070,0,4926691,0,6492104,0
1554,1786358422053,145942,0,4926864,0,6492390,0
1555,1786358422062,147075,0,4926950,0,6492557,0
1556,1786358422072,147762,0,4927029,0,6492779,0
1557,1786358422083,148387,0,4927163,0,6493022,0
1558,1786358422092,148729,0,4927257,0,6493147,0
1559,1786358422106,149059,0,4927596,0,6493285,0
1560,1786358422112,149133,0,4927884,0,6493677,0
1561,1786358422122,148884,0,4928364,0,6494009,0
1562,1786358422132,148499,0,4928344,0,6494025,0
1563,1786358422142,147950,0,4928326,0,6493902,0
1564,1786358422152,147458,0,4928519,0,6494018,0
1565,1786358422162,146850,0,4928673,0,6493936,0
1566,1786358422172,146323,0,4928416,0,6493714,0
1567,1786358422183,145679,0,4928051,0,6493182,0
1568,1786358422192,145248,0,4928031,0,6493001,0
1569,1786358422203,144823,0,4928102,0,6492734,0
1570,1786358422217,144558,0,4928059,0,6492682,0
1571,1786358422223,144461,0,4927912,0,6492775,0
1572,1786358422232,144430,0,4927968,0,6492539,0
1573,1786358422243,144219,0,4927882,0,6492472,0
1574,1786358422252,144357,0,4927859,0,6492483,0
1575,1786358422265,144569,0,4928019,0,6492565,0
1576,1786358422272,144738,0,4928294,0,6492974,0
1577,1786358422283,145171,0,4928407,0,6493253,0
1578,1786358422292,145605,0,4928623,0,6493475,0
1579,1786358422302,146063,0,4928659,0,6493622,0
1580,1786358422312,146659,0,4928481,0,6493453,0
1581,1786358422322,147139,0,4928417,0,6493195,0
1582,1786358422332,147786,0,4928378,0,6493227,0
1583,1786358422343,148316,0,4928590,0,6493402,0
1584,1786358422352,148793,0,4928615,0,6493589,0
1585,1786358422363,149337,0,4928544,0,6493602,0
1586,1786358422373,149729,0,4928428,0,6493340,0
1587,1786358422383,150150,0,4928287,0,6493202,0
1588,1786358422392,150450,0,4928125,0,6492985,0
1589,1786358422404,150750,0,4928051,0,6492706,0
1590,1786358422412,151115,0,4927979,0,6492574,0
1591,1786358422430,151391,0,4927943,0,6492657,0
1592,1786358422432,151647,0,4927849,0,6492488,0
1593,1786358422444,151781,0,4927694,0,6492168,0
1594,1786358422452,152109,0,4927601,0,6492273,0
1595,1786358422463,152292,0,4927492,0,6492154,0
1596,1786358422472,152577,0,4927585,0,6492076,0
1597,1786358422483,152685,0,4927566,0,6491970,0
1598,1786358422492,153207,0,4927495,0,6492059,0
1599,1786358422503,153397,0,4927495,0,6492008,0
1600,1786358422512,153785,0,4927460,0,6491983,0
1601,1786358422523,154006,0,4927547,0,6491950,0
1602,1786358422533,154489,0,4927542,0,6491968,0
1603,1786358422543,154922,0,4927433,0,6491814,0
1604,1786358422552,155329,0,4927412,0,6491910,0
1605,1786358422563,155669,0,4927413,0,6491680,0
1606,1786358422572,156135,0,4927488,0,6491803,0
1607,1786358422585,156784,0,4927505,0,6492000,0
1608,1786358422592,157210,0,4927613,0,6492052,0
1609,1786358422604,157704,0,4927463,0,6491998,0
1610,1786358422613,158388,0,4927378,0,6492035,0
1611,1786358422623,159064,0,4927606,0,6492358,0
1612,1786358422633,159687,0,4927706,0,6492406,0
1613,1786358422643,160403,0,4927830,0,6492651,0
1614,1786358422653,160957,0,4927956,0,6492787,0
1615,1786358422663,161674,0,4927889,0,6492989,0
1616,1786358422673,162209,0,4927967,0,6492970,0
1617,1786358422684,162958,0,4927856,0,6492854,0
1618,1786358422693,163580,0,4927792,0,6492664,0
1619,1786358422704,164244,0,4928063,0,6493057,0
1620,1786358422713,164778,0,4928099,0,6493127,0
1621,1786358422724,165526,0,4928211,0,6493241,0
1622,1786358422733,166340,0,4928282,0,6493453,0
1623,1786358422746,166819,0,4928344,0,6493410,0
1624,1786358422753,167650,0,4928394,0,6493653,0
1625,1786358422763,168384,0,4928362,0,6493653,0
1626,1786358422773,169259,0,4928509,0,6494014,0
1627,1786358422783,169934,0,4928720,0,6493982,0
1628,1786358422793,170535,0,4928831,0,6494072,0
1629,1786358422803,171467,0,4928784,0,6494357,0
1630,1786358422813,172014,0,4928869,0,6494462,0
1631,1786358422823,172779,0,4928976,0,6494533,0
1632,1786358422833,173547,0,4929118,0,6494907,0
1633,1786358422843,174428,0,4929434,0,6495108,0
1634,1786358422853,175087,0,4929619,0,6495501,0
1635,1786358422863,175729,0,4929721,0,6495652,0
1636,1786358422873,176150,0,4929589,0,6495661,0
1637,1786358422884,176425,0,4929532,0,6495456,0
1638,1786358422895,176596,0,4929544,0,6495510,0
1639,1786358422905,176374,0,4929679,0,6495501,0
1640,1786358422913,175987,0,4929812,0,6495569,0
1641,1786358422924,175214,0,4929869,0,6495594,0
1642,1786358422933,174597,0,4929755,0,6495277,0
1643,1786358422944,173632,0,4929631,0,6495237,0
1644,1786358422953,172700,0,4929428,0,6494828,0
1645,1786358422963,171559,0,4929190,0,6494252,0
1646,1786358422974,170522,0,4929081,0,6493720,0
1647,1786358422999,169443,0,4928699,0,6493248,0
1648,1786358422999,168854,0,4928716,0,6493086,0
1649,1786358423004,167992,0,4928546,0,6492813,0
1650,1786358423014,167260,0,4928499,0,6492672,0
1651,1786358423024,166948,0,4928406,0,6492440,0
1652,1786358423034,166519,0,4928406,0,6492336,0
1653,1786358423045,166160,0,4928371,0,6492293,0
1654,1786358423054,165851,0,4928461,0,6492301,0
1655,1786358423067,165812,0,4928382,0,6492151,0
1656,1786358423074,165591,0,4928426,0,6492121,0
1657,1786358423085,165535,0,4928353,0,6492021,0
1658,1786358423095,165624,0,4928507,0,6492094,0
1659,1786358423105,165831,0,4928410,0,6492056,0
1660,1786358423114,165993,0,4928328,0,6491906,0
1661,1786358423125,166063,0,4928169,0,6491695,0
1662,1786358423134,166466,0,4927850,0,6491458,0
1663,1786358423145,166590,0,4927895,0,6491195,0
1664,1786358423154,166871,0,4927611,0,6491028,0
1665,1786358423164,167070,0,4927617,0,6490915,0
1666,1786358423174,167409,0,4927650,0,6490846,0
1667,1786358423185,167663,0,4927510,0,6490841,0
1668,1786358423194,167735,0,4927528,0,6490701,0
1669,1786358423205,168093,0,4927415,0,6490655,0
1670,1786358423214,168060,0,4927314,0,6490255,0
1671,1786358423226,168280,0,4927208,0,6490440,0
1672,1786358423234,168351,0,4927127,0,6490167,0
1673,1786358423245,168411,0,4927119,0,6489989,0
1674,1786358423254,168538,0,4927159,0,6490004,0
1675,1786358423265,168639,0,4927209,0,6489938,0
1676,1786358423275,168722,0,4927122,0,6489846,0
1677,1786358423285,168687,0,4927002,0,6489758,0
1678,1786358423295,168831,0,4927157,0,6489645,0
1679,1786358423305,169108,0,4927119,0,6489862,0
1680,1786358423315,169204,0,4927210,0,6489995,0
1681,1786358423325,169413,0,4927015,0,6489779,0
1682,1786358423335,169534,0,4926830,0,6489670,0
1683,1786358423346,169800,0,4926682,0,6489318,0
1684,1786358423355,170084,0,4926566,0,6489228,0
1685,1786358423366,170349,0,4926405,0,6489001,0
1686,1786358423375,170615,0,4926273,0,6488800,0
1687,1786358423390,170665,0,4926035,0,6488403,0
1688,1786358423395,171238,0,4925840,0,6488305,0
1689,1786358423405,171493,0,4925880,0,6488244,0
1690,1786358423415,172086,0,4925871,0,6488165,0
1691,1786358423426,172417,0,4925745,0,6488107,0
1692,1786358423437,172919,0,4925661,0,6487949,0
1693,1786358423448,173367,0,4925685,0,6487949,0
1694,1786358423455,173714,0,4925680,0,6487722,0
1695,1786358423465,174191,0,4925526,0,6487836,0
1696,1786358423475,174438,0,4925600,0,6487699,0
1697,1786358423486,175153,0,4925707,0,6487972,0
1698,1786358423495,175675,0,4925767,0,6487906,0
1699,1786358423505,176206,0,4925877,0,6488124,0
1700,1786358423515,176814,0,4925965,0,6488386,0
1701,1786358423526,177522,0,4926118,0,6488559,0
1702,1786358423535,178066,0,4926071,0,6488502,0
1703,1786358423547,178775,0,4925940,0,6488296,0
1704,1786358423555,179172,0,4925949,0,6488335,0
1705,1786358423565,179700,0,4926039,0,6488402,0
1706,1786358423575,180475,0,4926009,0,6488310,0
1707,1786358423586,180919,0,4926303,0,6488597,0
1708,1786358423595,181471,0,4926298,0,6488551,0
1709,1786358423606,182196,0,4926293,0,6488717,0
1710,1786358423615,182600,0,4926322,0,6488751,0
1711,1786358423626,183190,0,4926288,0,6488657,0
1712,1786358423635,183720,0,4926356,0,6488530,0
1713,1786358423645,184360,0,4926362,0,6488623,0
1714,1786358423655,184874,0,4926509,0,6488878,0
1715,1786358423666,185696,0,4926552,0,6488947,0
1716,1786358423676,186397,0,4926634,0,6489044,0
1717,1786358423686,187191,0,4926596,0,6489057,0
1718,1786358423695,187705,0,4926664,0,6489153,0
1719,1786358423708,188392,0,4926801,0,6489309,0
1720,1786358423716,189245,0,4926850,0,6489445,0
1721,1786358423726,189890,0,4926981,0,6489561,0
1722,1786358423735,190474,0,4927146,0,6489886,0
1723,1786358423746,191447,0,4927184,0,6489878,0
1724,1786358423756,191869,0,4927101,0,6489706,0
1725,1786358423766,192421,0,4927012,0,6489744,0
1726,1786358423776,193011,0,4927011,0,6489813,0
1727,1786358423787,193426,0,4927043,0,6489822,0
1728,1786358423796,193653,0,4927172,0,6489833,0
1729,1786358423807,193679,0,4927228,0,6489845,0
1730,1786358423816,193382,0,4927294,0,6489791,0
1731,1786358423826,192813,0,4927315,0,6489508,0
1732,1786358423836,192166,0,4927283,0,6489347,0
1733,1786358423847,191149,0,4927208,0,6489012,0
1734,1786358423856,190152,0,4927315,0,6488925,0
1735,1786358423868,189146,0,4927249,0,6488569,0
1736,1786358423876,188173,0,4927152,0,6488393,0
1737,1786358423888,186950,0,4927018,0,6488016,0
1738,1786358423897,186185,0,4926893,0,6487688,0
1739,1786358423907,185283,0,4926617,0,6487359,0
1740,1786358423916,184585,0,4926628,0,6487235,0
1741,1786358423926,184166,0,4926580,0,6486887,0
1742,1786358423936,183513,0,4926657,0,6486857,0
1743,1786358423947,182965,0,4926426,0,6486462,0
1744,1786358423956,182516,0,4926227,0,6486102,0
1745,1786358423967,182007,0,4926091,0,6485819,0
1746,1786358423977,181673,0,4925876,0,6485588,0
1747,1786358423988,181279,0,4925908,0,6485272,0
1748,1786358423996,181079,0,4925913,0,6485238,0
1749,1786358424007,181053,0,4925728,0,6485053,0
1750,1786358424016,180780,0,4925852,0,6485106,0
1751,1786358424029,180864,0,4925585,0,6484950,0
1752,1786358424036,180756,0,4925335,0,6484573,0
1753,1786358424047,180947,0,4925052,0,6484166,0
1754,1786358424056,180962,0,4925001,0,6483785,0
1755,1786358424067,181037,0,4924853,0,6483766,0
1756,1786358424077,181099,0,4924894,0,6483715,0
1757,1786358424087,181150,0,4924906,0,6483584,0
1758,1786358424097,181264,0,4924902,0,6483533,0
1759,1786358424107,181328,0,4924811,0,6483344,0
1760,1786358424116,181235,0,4924595,0,6482998,0
1761,1786358424127,181244,0,4924302,0,6482481,0
1762,1786358424137,181107,0,4924040,0,6482269,0
1763,1786358424147,181101,0,4924039,0,6482099,0
1764,1786358424157,181086,0,4923963,0,6481967,0
1765,1786358424167,180909,0,4924122,0,6481862,0
1766,1786358424177,180795,0,4923983,0,6481699,0
1767,1786358424189,180872,0,4923861,0,6481603,0
1768,1786358424197,180923,0,4923914,0,6481518,0
1769,1786358424207,180982,0,4923871,0,6481579,0
1770,1786358424217,181006,0,4923834,0,6481312,0
1771,1786358424227,181080,0,4923664,0,6481164,0
1772,1786358424237,181122,0,4923550,0,6480790,0
1773,1786358424247,181188,0,4923348,0,6480688,0
1774,1786358424257,181409,0,4923488,0,6480622,0
1775,1786358424267,181553,0,4923364,0,6480621,0
1776,1786358424277,181771,0,4923388,0,6480471,0
1777,1786358424287,182031,0,4923272,0,6480474,0
1778,1786358424297,182232,0,4923036,0,6480074,0
1779,1786358424307,182450,0,4922722,0,6479560,0
1780,1786358424317,182721,0,4922467,0,6479243,0
1781,1786358424328,182807,0,4922237,0,6478929,0
1782,1786358424337,183150,0,4922176,0,6478674,0
1783,1786358424350,183426,0,4922198,0,6478673,0
1784,1786358424358,183809,0,4922120,0,6478421,0
1785,1786358424368,184153,0,4922155,0,6478543,0
1786,1786358424378,184469,0,4922091,0,6478375,0
1787,1786358424388,185008,0,4922055,0,6478242,0
1788,1786358424397,185444,0,4922121,0,6478414,0
1789,1786358424407,185953,0,4922169,0,6478293,0
1790,1786358424417,186511,0,4922268,0,6478475,0
1791,1786358424428,186944,0,4922377,0,6478425,0
1792,1786358424442,187588,0,4922412,0,6478580,0
1793,1786358424448,187969,0,4922501,0,6478548,0
1794,1786358424457,188573,0,4922477,0,6478580,0
1795,1786358424468,188993,0,4922586,0,6478727,0
1796,1786358424478,189480,0,4922571,0,6478809,0
1797,1786358424489,189907,0,4922489,0,6478742,0
1798,1786358424497,190444,0,4922584,0,6478891,0
1799,1786358424510,190847,0,4922746,0,6479077,0
1800,1786358424518,191357,0,4922659,0,6478848,0
1801,1786358424528,191899,0,4922577,0,6478811,0
1802,1786358424538,192105,0,4922492,0,6478727,0
1803,1786358424548,192639,0,4922412,0,6478465,0
1804,1786358424559,193015,0,4922349,0,6478431,0
1805,1786358424572,193467,0,4922410,0,6478592,0
1806,1786358424578,193905,0,4922542,0,6478544,0
1807,1786358424588,194360,0,4922644,0,6478728,0
1808,1786358424598,194836,0,4922692,0,6478791,0
1809,1786358424608,195369,0,4922930,0,6478999,0
1810,1786358424618,195887,0,4922988,0,6479218,0
1811,1786358424628,196530,0,4922977,0,6479400,0
1812,1786358424638,197062,0,4923130,0,6479283,0
1813,1786358424648,197596,0,4923032,0,6479360,0
1814,1786358424658,198302,0,4922983,0,6479215,0
1815,1786358424671,198684,0,4922977,0,6479267,0
1816,1786358424678,199295,0,4923107,0,6479116,0
1817,1786358424688,199872,0,4923140,0,6479217,0
1818,1786358424698,200428,0,4923154,0,6479217,0
1819,1786358424708,200932,0,4923261,0,6479275,0
1820,1786358424718,201552,0,4923419,0,6479355,0
1821,1786358424728,202119,0,4923545,0,6479494,0
1822,1786358424738,202678,0,4923644,0,6479666,0
1823,1786358424749,203458,0,4923815,0,6479846,0
1824,1786358424758,203936,0,4923758,0,6479834,0
1825,1786358424768,204730,0,4923828,0,6480013,0
1826,1786358424778,205148,0,4923777,0,6479999,0
1827,1786358424789,205509,0,4923882,0,6480081,0
1828,1786358424798,205905,0,4923963,0,6480098,0
1829,1786358424809,206149,0,4923882,0,6480208,0
1830,1786358424818,205820,0,4924022,0,6480067,0
1831,1786358424830,205502,0,4924213,0,6480346,0
1832,1786358424838,204798,0,4924278,0,6480238,0
1833,1786358424848,204089,0,4924184,0,6480055,0
1834,1786358424858,202936,0,4924027,0,6479647,0
1835,1786358424869,201818,0,4923871,0,6479188,0
1836,1786358424878,200603,0,4923510,0,6478769,0
1837,1786358424889,199444,0,4923476,0,6478420,0
1838,1786358424898,198260,0,4923078,0,6477807,0
1839,1786358424909,196952,0,4922864,0,6477184,0
1840,1786358424918,196084,0,4922759,0,6476980,0
1841,1786358424929,195257,0,4922621,0,6476633,0
1842,1786358424939,194542,0,4922733,0,6476625,0
1843,1786358424949,193903,0,4922729,0,6476437,0
1844,1786358424960,193381,0,4922364,0,6476146,0
1845,1786358424970,192696,0,4922085,0,6475475,0
1846,1786358424978,192304,0,4921895,0,6475203,0
1847,1786358424992,191932,0,4921821,0,6474845,0
1848,1786358424999,191575,0,4921597,0,6474525,0
1849,1786358425009,191420,0,4921663,0,6474274,0
1850,1786358425019,191310,0,4921601,0,6474279,0
1851,1786358425029,191207,0,4921549,0,6474127,0
1852,1786358425039,191156,0,4921389,0,6473798,0
1853,1786358425050,191433,0,4921295,0,6473602,0
1854,1786358425059,191444,0,4921328,0,6473600,0
1855,1786358425069,191508,0,4921203,0,6473614,0
1856,1786358425079,191559,0,4920946,0,6473184,0
1857,1786358425090,191566,0,4920819,0,6472969,0
1858,1786358425099,191576,0,4920726,0,6472613,0
1859,1786358425109,191380,0,4920651,0,6472424,0
1860,1786358425119,191333,0,4920496,0,6472156,0
1861,1786358425130,191209,0,4920340,0,6471710,0
1862,1786358425139,191026,0,4920179,0,6471296,0
1863,1786358425152,190775,0,4920118,0,6470980,0
1864,1786358425161,190373,0,4920118,0,6470751,0
1865,1786358425172,190177,0,4919900,0,6470516,0
1866,1786358425179,189894,0,4919843,0,6470365,0
1867,1786358425190,189669,0,4919590,0,6469862,0
1868,1786358425199,189301,0,4919505,0,6469343,0
1869,1786358425209,189113,0,4919367,0,6469238,0
1870,1786358425222,188848,0,4919372,0,6469091,0
1871,1786358425230,189022,0,4919231,0,6468854,0
1872,1786358425240,189005,0,4919200,0,6468728,0
1873,1786358425249,189122,0,4919084,0,6468423,0
1874,1786358425259,189177,0,4918878,0,6468417,0
1875,1786358425270,189160,0,4918790,0,6467869,0
1876,1786358425279,189280,0,4918601,0,6467491,0
1877,1786358425291,189459,0,4918644,0,6467606,0
1878,1786358425299,189732,0,4918582,0,6467453,0
1879,1786358425313,189953,0,4918537,0,6467167,0
1880,1786358425319,190370,0,4918531,0,6467132,0
1881,1786358425330,190638,0,4918433,0,6466942,0
1882,1786358425339,190777,0,4918436,0,6466816,0
1883,1786358425350,191027,0,4918471,0,6466760,0
1884,1786358425359,191473,0,4918580,0,6466837,0
1885,1786358425370,191728,0,4918456,0,6466772,0
1886,1786358425380,192076,0,4918398,0,6466728,0
1887,1786358425390,192405,0,4918153,0,6466520,0
1888,1786358425400,192557,0,4918191,0,6466280,0
1889,1786358425410,193005,0,4918114,0,6466179,0
1890,1786358425421,192961,0,4918159,0,6466287,0
1891,1786358425431,193330,0,4918154,0,6466206,0
1892,1786358425440,193491,0,4918088,0,6466099,0
1893,1786358425451,193829,0,4918156,0,6466134,0
1894,1786358425460,194103,0,4918186,0,6466233,0
1895,1786358425472,194368,0,4918324,0,6466354,0
1896,1786358425480,194837,0,4918489,0,6466449,0
1897,1786358425491,195196,0,4918748,0,6466795,0
1898,1786358425500,195708,0,4918905,0,6466989,0
1899,1786358425510,196311,0,4919120,0,6467413,0
1900,1786358425522,196845,0,4919372,0,6467675,0
1901,1786358425530,197412,0,4919460,0,6467839,0
1902,1786358425540,198065,0,4919428,0,6467941,0
1903,1786358425550,198557,0,4919304,0,6467764,0
1904,1786358425560,198803,0,4919296,0,6467758,0
1905,1786358425570,199491,0,4919412,0,6467909,0
1906,1786358425580,199997,0,4919710,0,6468274,0
1907,1786358425591,200416,0,4919538,0,6468250,0
1908,1786358425600,200889,0,4919556,0,6468223,0
1909,1786358425611,201396,0,4919448,0,6468216,0
1910,1786358425620,201724,0,4919443,0,6467981,0
1911,1786358425635,202312,0,4919261,0,6468000,0
1912,1786358425640,202788,0,4919140,0,6467786,0
1913,1786358425651,203300,0,4919220,0,6467754,0
1914,1786358425660,203872,0,4919331,0,6467943,0
1915,1786358425671,204483,0,4919665,0,6468320,0
1916,1786358425680,205100,0,4919912,0,6468445,0
1917,1786358425691,205916,0,4920054,0,6469044,0
1918,1786358425701,206766,0,4920307,0,6469206,0
1919,1786358425711,207592,0,4920491,0,6469480,0
1920,1786358425721,208294,0,4920613,0,6469567,0
1921,1786358425731,209131,0,4920694,0,6469760,0
1922,1786358425740,209950,0,4920748,0,6469950,0
1923,1786358425751,210694,0,4920878,0,6469998,0
1924,1786358425762,211494,0,4920877,0,6469949,0
1925,1786358425774,212393,0,4921021,0,6470182,0
1926,1786358425781,212870,0,4921108,0,6470143,0
1927,1786358425793,213763,0,4921327,0,6470537,0
1928,1786358425801,214402,0,4921600,0,6470763,0
1929,1786358425811,215071,0,4921686,0,6470917,0
1930,1786358425821,215781,0,4921981,0,6471239,0
1931,1786358425831,216285,0,4922142,0,6471544,0
1932,1786358425841,216595,0,4922724,0,6471944,0
1933,1786358425851,217011,0,4923135,0,6472689,0
1934,1786358425861,217174,0,4923690,0,6473212,0
1935,1786358425871,216980,0,4924023,0,6473558,0
1936,1786358425881,216923,0,4923983,0,6473768,0
1937,1786358425892,216551,0,4923840,0,6473280,0
1938,1786358425901,215949,0,4923552,0,6472864,0
1939,1786358425912,215279,0,4923305,0,6472343,0
1940,1786358425921,214410,0,4923021,0,6471852,0
1941,1786358425932,213778,0,4922914,0,6471477,0
1942,1786358425941,213127,0,4922767,0,6470758,0
1943,1786358425955,212320,0,4922690,0,6470680,0
1944,1786358425962,211854,0,4922626,0,6470398,0
1945,1786358425973,211280,0,4922517,0,6470281,0
1946,1786358425983,210997,0,4922481,0,6470019,0
1947,1786358425994,210873,0,4922363,0,6469708,0
1948,1786358426003,210536,0,4922030,0,6469266,0
1949,1786358426012,210402,0,4921953,0,6468993,0
1950,1786358426022,210321,0,4922033,0,6468678,0
1951,1786358426032,210374,0,4921953,0,6468609,0
1952,1786358426042,210385,0,4922009,0,6468369,0
1953,1786358426053,210705,0,4922103,0,6468444,0
1954,1786358426068,210868,0,4922184,0,6468556,0
1955,1786358426073,211262,0,4922179,0,6468632,0
1956,1786358426084,211516,0,4922158,0,6468763,0
1957,1786358426093,212480,0,4922286,0,6468825,0
1958,1786358426102,212735,0,4922057,0,6468626,0
1959,1786358426114,212884,0,4921890,0,6468501,0
1960,1786358426122,213078,0,4921481,0,6468067,0
1961,1786358426132,213007,0,4920995,0,6467322,0
1962,1786358426142,212899,0,4920645,0,6466721,0
1963,1786358426152,212657,0,4920379,0,6466275,0
1964,1786358426162,212404,0,4920012,0,6465789,0
1965,1786358426172,212361,0,4919677,0,6465362,0
1966,1786358426184,212290,0,4919669,0,6465064,0
1967,1786358426193,212217,0,4919619,0,6464913,0
1968,1786358426202,212337,0,4919755,0,6465028,0
1969,1786358426212,212479,0,4919924,0,6465295,0
1970,1786358426222,212763,0,4920089,0,6465434,0
1971,1786358426232,213123,0,4920258,0,6465555,0
1972,1786358426242,213530,0,4920265,0,6465659,0
1973,1786358426253,213892,0,4920458,0,6465716,0
1974,1786358426262,214321,0,4920597,0,6466019,0
1975,1786358426275,214709,0,4920690,0,6466172,0
1976,1786358426282,215243,0,4920722,0,6466417,0
1977,1786358426293,215736,0,4920793,0,6466463,0
1978,1786358426302,216244,0,4920473,0,6466299,0
1979,1786358426313,216812,0,4920438,0,6466179,0
1980,1786358426323,217419,0,4920312,0,6466033,0
1981,1786358426333,217959,0,4920275,0,6466093,0
1982,1786358426343,218609,0,4920276,0,6465881,0
1983,1786358426353,219053,0,4920118,0,6465793,0
1984,1786358426362,219645,0,4920000,0,6465647,0
1985,1786358426373,220420,0,4919892,0,6465466,0
1986,1786358426382,220840,0,4919955,0,6465433,0
1987,1786358426395,221649,0,4919989,0,6465465,0
1988,1786358426402,222409,0,4920022,0,6465513,0
1989,1786358426413,223065,0,4920063,0,6465535,0
1990,1786358426423,223844,0,4920203,0,6465839,0
1991,1786358426435,224547,0,4920152,0,6465709,0
1992,1786358426442,225206,0,4920129,0,6465733,0
1993,1786358426452,225588,0,4919961,0,6465648,0
1994,1786358426462,226185,0,4919735,0,6465390,0
1995,1786358426472,226663,0,4919527,0,6465170,0
1996,1786358426482,227153,0,4919569,0,6465059,0
1997,1786358426493,227527,0,4919297,0,6464946,0
1998,1786358426502,227844,0,4919335,0,6464654,0
1999,1786358426512,228412,0,4919160,0,6464733,0
2000,1786358426522,228893,0,4919213,0,6464687,0
2001,1786358426533,229504,0,4919194,0,6464746,0
2002,1786358426542,230124,0,4919105,0,6464595,0
2003,1786358426553,230546,0,4919070,0,6464692,0
2004,1786358426562,231171,0,4919123,0,6464572,0
2005,1786358426573,231803,0,4919007,0,6464277,0
2006,1786358426582,232407,0,4918918,0,6464266,0
2007,1786358426596,233089,0,4919015,0,6464271,0
2008,1786358426603,233860,0,4919214,0,6464569,0
2009,1786358426613,234657,0,4919388,0,6464802,0
2010,1786358426623,235419,0,4919533,0,6465085,0
2011,1786358426633,236300,0,4919912,0,6465455,0
2012,1786358426642,237059,0,4920277,0,6466052,0
2013,1786358426653,238013,0,4920688,0,6466513,0
2014,1786358426662,238885,0,4920954,0,6466780,0
2015,1786358426673,239773,0,4921050,0,6467173,0
2016,1786358426682,240493,0,4921170,0,6467451,0
2017,1786358426693,241372,0,4921303,0,6467609,0
2018,1786358426703,242151,0,4921315,0,6467673,0
2019,1786358426713,243086,0,4921319,0,6467804,0
2020,1786358426723,243880,0,4921263,0,6467766,0
2021,1786358426733,244535,0,4921233,0,6467608,0
2022,1786358426743,245400,0,4921339,0,6467861,0
2023,1786358426754,245926,0,4921509,0,6467910,0
2024,1786358426763,246762,0,4921668,0,6468169,0
2025,1786358426773,247483,0,4921885,0,6468540,0
2026,1786358426783,247978,0,4922045,0,6468445,0
2027,1786358426794,248558,0,4922127,0,6468621,0
2028,1786358426802,248695,0,4922199,0,6468562,0
2029,1786358426813,248747,0,4922490,0,6468807,0
2030,1786358426823,248606,0,4922625,0,6468730,0
2031,1786358426833,248314,0,4922744,0,6468812,0
2032,1786358426842,247724,0,4922728,0,6468631,0
2033,1786358426853,247196,0,4922727,0,6468420,0
2034,1786358426863,246534,0,4922758,0,6468216,0
2035,1786358426874,245820,0,4922628,0,6468129,0
2036,1786358426883,245147,0,4922575,0,6467591,0
2037,1786358426894,244422,0,4922355,0,6467174,0
2038,1786358426905,243820,0,4922079,0,6466781,0
2039,1786358426917,243070,0,4921899,0,6466343,0
2040,1786358426923,242669,0,4921782,0,6466004,0
2041,1786358426934,241990,0,4921718,0,6465679,0
2042,1786358426943,241643,0,4921459,0,6465370,0
2043,1786358426954,241079,0,4921181,0,6464818,0
2044,1786358426964,240725,0,4920903,0,6464320,0
2045,1786358426974,240510,0,4920850,0,6463955,0
2046,1786358426984,240037,0,4920708,0,6463797,0
2047,1786358426994,239919,0,4920561,0,6463525,0
2048,1786358427004,239666,0,4920317,0,6463169,0
2049,1786358427014,239571,0,4920178,0,6462953,0
2050,1786358427024,239462,0,4920089,0,6462494,0
2051,1786358427034,239760,0,4920087,0,6462359,0
2052,1786358427044,239682,0,4920084,0,6462516,0
2053,1786358427054,239932,0,4920133,0,6462448,0
2054,1786358427064,240087,0,4920249,0,6462376,0
2055,1786358427077,240205,0,4920203,0,6462544,0
2056,1786358427084,240513,0,4920216,0,6462439,0
2057,1786358427095,240498,0,4920098,0,6462332,0
2058,1786358427104,240453,0,4920017,0,6462045,0
2059,1786358427114,240556,0,4919885,0,6461731,0
2060,1786358427124,240381,0,4919807,0,6461599,0
2061,1786358427134,240362,0,4919786,0,6461325,0
2062,1786358427144,240145,0,4919552,0,6461242,0
2063,1786358427154,240142,0,4919505,0,6461250,0
2064,1786358427164,240053,0,4919439,0,6460876,0
2065,1786358427174,239998,0,4919484,0,6460905,0
2066,1786358427184,240181,0,4919590,0,6461037,0
2067,1786358427195,240272,0,4919676,0,6460906,0
2068,1786358427204,240382,0,4919607,0,6460976,0
2069,1786358427215,240420,0,4919660,0,6460853,0
2070,1786358427224,240576,0,4919550,0,6460706,0
2071,1786358427238,240385,0,4919487,0,6460638,0
2072,1786358427247,240413,0,4919269,0,6460129,0
2073,1786358427255,240452,0,4919313,0,6460199,0
2074,1786358427264,240674,0,4919206,0,6460176,0
2075,1786358427275,240757,0,4919015,0,6459931,0
2076,1786358427286,240811,0,4919012,0,6459718,0
2077,1786358427295,240985,0,4919004,0,6459627,0
2078,1786358427304,241228,0,4918764,0,6459458,0
2079,1786358427315,241220,0,4918522,0,6459004,0
2080,1786358427324,241484,0,4918654,0,6458795,0
2081,1786358427335,241647,0,4918581,0,6458743,0
2082,1786358427344,241944,0,4918565,0,6458836,0
2083,1786358427355,242112,0,4918634,0,6458775,0
2084,1786358427364,242560,0,4918687,0,6458687,0
2085,1786358427375,242796,0,4918679,0,6458679,0
2086,1786358427384,242914,0,4918620,0,6458541,0
2087,1786358427397,243333,0,4918687,0,6458590,0
2088,1786358427404,243526,0,4918644,0,6458594,0
2089,1786358427415,243891,0,4918746,0,6458598,0
2090,1786358427425,244149,0,4918810,0,6458662,0
2091,1786358427435,244662,0,4918833,0,6458797,0
2092,1786358427450,244892,0,4918874,0,6458905,0
2093,1786358427455,245341,0,4918760,0,6458673,0
2094,1786358427464,245504,0,4918581,0,6458420,0
2095,1786358427475,246005,0,4918525,0,6458374,0
2096,1786358427485,246210,0,4918544,0,6458220,0
2097,1786358427495,246619,0,4918645,0,6458349,0
2098,1786358427505,246964,0,4918724,0,6458432,0
2099,1786358427515,247335,0,4918600,0,6458306,0
2100,1786358427525,247621,0,4918593,0,6458205,0
2101,1786358427536,248083,0,4918607,0,6458293,0
2102,1786358427545,248491,0,4918790,0,6458428,0
2103,1786358427558,248808,0,4918774,0,6458424,0
2104,1786358427565,249232,0,4918840,0,6458488,0
2105,1786358427575,249666,0,4918825,0,6458566,0
2106,1786358427585,250052,0,4918736,0,6458409,0
2107,1786358427596,250488,0,4918584,0,6458278,0
2108,1786358427605,250681,0,4918624,0,6458200,0
2109,1786358427615,251193,0,4918767,0,6458360,0
2110,1786358427625,251732,0,4918813,0,6458361,0
2111,1786358427635,252127,0,4918787,0,6458567,0
2112,1786358427645,252508,0,4918850,0,6458581,0
2113,1786358427655,253101,0,4918865,0,6458433,0
2114,1786358427665,253579,0,4918919,0,6458464,0
2115,1786358427675,253917,0,4919053,0,6458570,0
2116,1786358427685,254472,0,4919092,0,6458658,0
2117,1786358427697,254830,0,4919167,0,6458688,0
2118,1786358427705,255354,0,4919256,0,6458781,0
2119,1786358427717,256014,0,4919378,0,6459123,0
2120,1786358427726,256568,0,4919447,0,6459074,0
2121,1786358427736,256982,0,4919493,0,6459093,0
2122,1786358427746,257347,0,4919678,0,6459191,0
2123,1786358427757,257354,0,4919781,0,6459384,0
2124,1786358427765,257412,0,4920111,0,6459536,0
2125,1786358427775,257275,0,4920150,0,6459503,0
2126,1786358427785,256844,0,4920230,0,6459436,0
2127,1786358427796,256132,0,4920181,0,6459473,0
2128,1786358427805,255519,0,4920260,0,6459230,0
2129,1786358427816,254613,0,4920155,0,6458816,0
2130,1786358427825,253635,0,4920063,0,6458575,0
2131,1786358427837,253126,0,4920068,0,6458599,0
2132,1786358427846,252134,0,4920021,0,6458448,0
2133,1786358427856,251713,0,4919850,0,6458062,0
2134,1786358427865,250891,0,4919567,0,6457635,0
2135,1786358427879,250335,0,4919446,0,6457258,0
2136,1786358427885,249636,0,4919211,0,6457113,0
2137,1786358427896,248910,0,4918983,0,6456742,0
2138,1786358427906,248315,0,4918791,0,6456308,0
2139,1786358427916,247787,0,4918555,0,6455827,0
2140,1786358427926,247189,0,4918379,0,6455252,0
2141,1786358427936,246805,0,4918189,0,6455014,0
2142,1786358427946,246474,0,4918036,0,6454758,0
2143,1786358427956,246193,0,4917950,0,6454558,0
2144,1786358427966,245723,0,4917952,0,6454344,0
2145,1786358427976,245675,0,4917868,0,6454162,0
2146,1786358427986,245482,0,4917715,0,6454088,0
2147,1786358427997,245307,0,4917667,0,6453807,0
2148,1786358428006,245157,0,4917440,0,6453553,0
2149,1786358428017,245103,0,4917401,0,6453375,0
2150,1786358428026,245041,0,4917361,0,6453242,0
2151,1786358428039,244986,0,4917575,0,6453391,0
2152,1786358428046,244898,0,4917521,0,6453435,0
2153,1786358428056,244915,0,4917342,0,6453039,0
2154,1786358428066,244801,0,4917146,0,6452769,0
2155,1786358428076,244456,0,4917118,0,6452441,0
2156,1786358428086,244343,0,4916994,0,6452457,0
2157,1786358428097,244142,0,4916857,0,6452257,0
2158,1786358428106,243818,0,4916880,0,6452067,0
2159,1786358428116,243731,0,4916716,0,6451964,0
2160,1786358428126,243461,0,4916654,0,6451706,0
2161,1786358428136,243223,0,4916731,0,6451899,0
2162,1786358428146,243156,0,4916758,0,6451755,0
2163,1786358428156,243049,0,4916857,0,6451852,0
2164,1786358428166,242939,0,4916848,0,6451896,0
2165,1786358428177,242977,0,4916858,0,6451825,0
2166,1786358428186,242873,0,4916808,0,6451795,0
2167,1786358428199,242844,0,4916772,0,6451645,0
2168,1786358428206,242883,0,4916651,0,6451352,0
2169,1786358428216,242973,0,4916498,0,6451226,0
2170,1786358428226,243031,0,4916413,0,6451019,0
2171,1786358428237,243208,0,4916341,0,6450838,0
2172,1786358428248,243325,0,4916294,0,6450682,0
2173,1786358428256,243649,0,4916401,0,6450701,0
2174,1786358428266,243879,0,4916392,0,6450801,0
2175,1786358428277,244152,0,4916580,0,6450842,0
2176,1786358428286,244609,0,4916770,0,6451088,0
2177,1786358428297,244982,0,4916860,0,6451319,0
2178,1786358428306,245660,0,4917161,0,6451610,0
2179,1786358428317,246196,0,4917206,0,6451961,0
2180,1786358428326,246668,0,4917442,0,6452165,0
2181,1786358428338,247228,0,4917566,0,6452293,0
2182,1786358428347,247882,0,4917642,0,6452544,0
2183,1786358428359,248298,0,4917778,0,6452591,0
2184,1786358428366,248843,0,4917820,0,6452688,0
2185,1786358428377,249247,0,4917871,0,6452578,0
2186,1786358428386,249742,0,4917997,0,6452819,0
2187,1786358428398,250325,0,4918201,0,6453021,0
2188,1786358428407,251071,0,4918556,0,6453266,0
2189,1786358428417,251858,0,4918754,0,6453648,0
2190,1786358428427,252481,0,4919101,0,6454023,0
2191,1786358428437,253401,0,4919583,0,6454449,0
2192,1786358428449,254108,0,4919903,0,6455078,0
2193,1786358428457,254632,0,4920280,0,6455396,0
2194,1786358428467,255608,0,4920632,0,6455847,0
2195,1786358428477,256297,0,4920854,0,6456182,0
2196,1786358428487,256866,0,4921174,0,6456522,0
2197,1786358428498,257829,0,4921455,0,6456844,0
2198,1786358428507,258702,0,4921936,0,6457289,0
2199,1786358428520,259556,0,4922219,0,6457978,0
2200,1786358428528,260511,0,4922518,0,6458350,0
2201,1786358428537,261380,0,4922857,0,6458815,0
2202,1786358428547,262304,0,4923362,0,6459499,0
2203,1786358428557,263240,0,4923652,0,6459981,0
2204,1786358428568,264157,0,4923851,0,6460353,0
2205,1786358428577,265067,0,4924000,0,6460468,0
2206,1786358428587,265965,0,4924020,0,6460661,0
2207,1786358428598,266900,0,4924087,0,6460768,0
2208,1786358428607,267746,0,4923960,0,6460741,0
2209,1786358428619,268319,0,4924024,0,6460477,0
2210,1786358428628,268813,0,4923989,0,6460478,0
2211,1786358428639,269306,0,4923890,0,6460316,0
2212,1786358428647,269398,0,4923937,0,6460083,0
2213,1786358428658,269259,0,4924273,0,6460145,0
2214,1786358428667,269283,0,4924395,0,6460276,0
2215,1786358428679,269148,0,4924557,0,6460223,0
2216,1786358428687,268855,0,4924461,0,6460033,0
2217,1786358428698,268456,0,4924611,0,6459743,0
2218,1786358428708,268140,0,4924608,0,6459980,0
2219,1786358428718,267887,0,4925232,0,6460477,0
2220,1786358428728,267719,0,4925515,0,6460779,0
2221,1786358428738,267710,0,4925655,0,6461103,0
2222,1786358428748,267698,0,4925645,0,6461337,0
2223,1786358428758,267861,0,4925775,0,6461174,0
2224,1786358428767,267857,0,4925762,0,6461359,0
2225,1786358428778,267866,0,4925862,0,6461507,0
2226,1786358428788,268200,0,4926225,0,6461833,0
2227,1786358428798,268132,0,4926381,0,6462030,0
2228,1786358428808,268269,0,4926501,0,6462245,0
2229,1786358428818,268182,0,4926520,0,6462359,0
2230,1786358428828,268202,0,4926552,0,6462592,0
2231,1786358428841,268312,0,4926812,0,6462703,0
2232,1786358428848,268545,0,4926911,0,6462964,0
2233,1786358428858,268690,0,4927211,0,6463669,0
2234,1786358428868,269091,0,4927552,0,6463983,0
2235,1786358428878,269378,0,4927779,0,6464606,0
2236,1786358428888,269847,0,4928062,0,6465209,0
2237,1786358428899,270166,0,4928243,0,6465576,0
2238,1786358428908,270367,0,4928201,0,6465832,0
2239,1786358428919,270549,0,4928145,0,6465806,0
2240,1786358428928,270699,0,4927827,0,6465726,0
2241,1786358428938,270616,0,4927775,0,6465630,0
2242,1786358428948,270994,0,4927919,0,6465917,0
2243,1786358428959,271112,0,4927943,0,6465837,0
2244,1786358428968,271451,0,4928058,0,6466014,0
2245,1786358428979,271657,0,4928045,0,6465808,0
2246,1786358428988,271807,0,4927907,0,6465863,0
2247,1786358429000,271788,0,4927823,0,6465564,0
2248,1786358429008,272079,0,4927871,0,6465569,0
2249,1786358429019,272116,0,4927876,0,6465429,0
2250,1786358429028,272204,0,4928046,0,6465735,0
2251,1786358429039,272405,0,4928065,0,6465716,0
2252,1786358429048,272525,0,4928166,0,6465888,0
2253,1786358429060,272804,0,4928170,0,6465914,0
2254,1786358429068,273078,0,4928175,0,6465891,0
2255,1786358429079,273576,0,4928437,0,6466067,0
2256,1786358429088,273810,0,4928707,0,6466508,0
2257,1786358429099,274025,0,4929076,0,6466990,0
2258,1786358429109,274323,0,4929273,0,6467360,0
2259,1786358429119,274726,0,4929460,0,6467806,0
2260,1786358429128,275096,0,4929656,0,6467924,0
2261,1786358429140,275456,0,4929886,0,6468480,0
2262,1786358429149,275952,0,4930068,0,6468754,0
2263,1786358429162,276540,0,4930512,0,6469179,0
2264,1786358429169,277218,0,4930755,0,6469634,0
2265,1786358429179,277646,0,4930760,0,6469790,0
2266,1786358429189,278250,0,4930776,0,6469861,0
2267,1786358429199,278829,0,4931013,0,6470268,0
2268,1786358429209,279585,0,4931301,0,6470529,0
2269,1786358429219,280230,0,4931620,0,6470975,0
2270,1786358429229,280877,0,4931797,0,6471220,0
2271,1786358429239,281550,0,4931944,0,6471505,0
2272,1786358429249,282240,0,4931963,0,6471630,0
2273,1786358429259,282887,0,4932399,0,6471953,0
2274,1786358429269,283758,0,4932725,0,6472409,0
2275,1786358429279,284426,0,4933094,0,6472890,0
2276,1786358429289,285178,0,4933484,0,6473388,0
2277,1786358429300,286042,0,4933662,0,6473907,0
2278,1786358429309,286843,0,4933989,0,6474322,0
2279,1786358429321,287196,0,4934250,0,6474560,0
2280,1786358429329,287969,0,4934264,0,6474990,0
2281,1786358429339,288582,0,4934331,0,6475058,0
2282,1786358429349,288732,0,4934385,0,6475100,0
2283,1786358429359,289031,0,4934691,0,6475151,0
2284,1786358429369,288813,0,4934652,0,6475393,0
2285,1786358429380,288814,0,4934859,0,6475463,0
2286,1786358429390,288608,0,4935183,0,6475557,0
2287,1786358429402,288075,0,4935311,0,6475710,0
2288,1786358429409,287502,0,4935206,0,6475546,0
2289,1786358429419,287026,0,4935196,0,6475290,0
2290,1786358429429,286403,0,4935190,0,6475209,0
2291,1786358429440,285729,0,4935029,0,6474893,0
2292,1786358429450,285180,0,4934949,0,6474839,0
2293,1786358429460,284742,0,4934639,0,6474510,0
2294,1786358429469,284210,0,4934393,0,6473969,0
2295,1786358429483,283834,0,4934152,0,6473476,0
2296,1786358429489,283477,0,4934111,0,6473368,0
2297,1786358429500,283074,0,4933872,0,6472884,0
2298,1786358429509,282857,0,4933595,0,6472298,0
2299,1786358429520,282605,0,4933464,0,6472271,0
2300,1786358429529,282237,0,4933239,0,6471926,0
2301,1786358429540,281932,0,4933171,0,6471688,0
2302,1786358429550,281849,0,4933184,0,6471688,0
2303,1786358429560,281759,0,4932906,0,6471586,0
2304,1786358429570,281677,0,4933070,0,6471626,0
2305,1786358429580,281705,0,4932949,0,6471795,0
2306,1786358429590,281738,0,4932829,0,6471736,0
2307,1786358429600,281869,0,4932767,0,6471656,0
2308,1786358429610,282038,0,4932476,0,6471340,0
2309,1786358429621,282056,0,4932288,0,6471017,0
2310,1786358429630,282313,0,4932240,0,6470971,0
2311,1786358429642,282249,0,4931945,0,6470644,0
2312,1786358429650,282129,0,4931763,0,6470237,0
2313,1786358429660,282143,0,4931581,0,6469782,0
2314,1786358429671,281906,0,4931492,0,6469185,0
2315,1786358429681,281856,0,4931352,0,6469174,0
2316,1786358429691,281405,0,4931308,0,6468986,0
2317,1786358429700,281373,0,4931398,0,6469185,0
2318,1786358429710,281291,0,4931545,0,6469277,0
2319,1786358429720,281389,0,4931643,0,6469426,0
2320,1786358429731,281468,0,4931789,0,6469623,0
2321,1786358429741,281438,0,4931852,0,6469846,0
2322,1786358429750,281964,0,4932118,0,6470127,0
2323,1786358429761,282117,0,4932242,0,6470402,0
2324,1786358429770,282480,0,4932410,0,6470822,0
2325,1786358429781,282904,0,4932364,0,6470887,0
2326,1786358429790,283180,0,4932496,0,6471059,0
2327,1786358429804,283554,0,4932516,0,6471229,0
2328,1786358429810,283756,0,4932492,0,6471206,0
2329,1786358429820,284185,0,4932538,0,6471166,0
2330,1786358429830,284498,0,4932612,0,6471274,0
2331,1786358429841,284848,0,4932578,0,6471222,0
2332,1786358429850,285224,0,4932889,0,6471572,0
2333,1786358429861,285519,0,4932918,0,6471548,0
2334,1786358429870,285915,0,4933067,0,6471698,0
2335,1786358429881,286236,0,4933098,0,6471773,0
2336,1786358429890,286575,0,4933159,0,6471860,0
2337,1786358429901,287066,0,4933331,0,6471892,0
2338,1786358429912,287561,0,4933332,0,6471982,0
2339,1786358429921,288096,0,4933369,0,6471973,0
2340,1786358429930,288524,0,4933377,0,6471939,0
2341,1786358429941,289159,0,4933301,0,6471929,0
2342,1786358429951,289602,0,4933364,0,6471879,0
2343,1786358429963,290113,0,4933345,0,6471808,0
2344,1786358429971,290612,0,4933194,0,6471655,0
2345,1786358429981,290997,0,4933310,0,6471582,0
2346,1786358429992,291534,0,4933261,0,6471497,0
2347,1786358430002,291809,0,4933124,0,6471365,0
2348,1786358430010,292238,0,4933228,0,6471243,0
2349,1786358430021,292502,0,4933064,0,6471265,0
2350,1786358430031,292778,0,4932993,0,6470981,0
2351,1786358430041,292966,0,4932918,0,6470833,0
2352,1786358430051,292913,0,4932925,0,6470818,0
2353,1786358430061,292628,0,4932896,0,6470606,0
2354,1786358430071,292141,0,4932763,0,6470445,0
2355,1786358430081,291324,0,4932801,0,6470292,0
2356,1786358430091,290620,0,4932608,0,6469958,0
2357,1786358430103,289735,0,4932559,0,6469621,0
2358,1786358430111,288482,0,4932371,0,6469201,0
2359,1786358430124,287402,0,4932030,0,6468606,0
2360,1786358430131,286284,0,4931680,0,6467984,0
2361,1786358430141,285031,0,4931429,0,6467394,0
2362,1786358430151,284138,0,4931434,0,6467372,0
2363,1786358430161,283264,0,4931418,0,6467170,0
2364,1786358430171,282541,0,4931272,0,6467078,0
2365,1786358430181,281920,0,4931205,0,6466859,0
2366,1786358430192,281224,0,4930996,0,6466566,0
2367,1786358430203,280555,0,4930831,0,6466284,0
2368,1786358430211,280015,0,4930635,0,6466023,0
2369,1786358430222,279521,0,4930714,0,6465835,0
2370,1786358430231,278863,0,4930515,0,6465690,0
2371,1786358430242,278315,0,4930414,0,6465451,0
2372,1786358430251,277959,0,4930464,0,6465296,0
2373,1786358430262,277483,0,4930357,0,6465124,0
2374,1786358430271,277174,0,4930402,0,6465091,0
2375,1786358430284,277117,0,4930399,0,6465231,0
2376,1786358430291,276890,0,4930547,0,6465228,0
2377,1786358430302,276980,0,4930608,0,6465144,0
2378,1786358430312,276983,0,4930423,0,6465056,0
2379,1786358430322,277111,0,4930498,0,6465107,0
2380,1786358430332,277143,0,4930655,0,6465207,0
2381,1786358430342,277486,0,4930921,0,6465642,0
2382,1786358430352,277693,0,4931149,0,6465965,0
2383,1786358430362,277949,0,4931186,0,6466094,0
2384,1786358430372,277990,0,4931354,0,6466110,0
2385,1786358430382,278086,0,4931118,0,6465991,0
2386,1786358430392,278035,0,4931000,0,6465746,0
2387,1786358430393,278169,0,4931014,0,6465642,0
2388,1786358430402,278133,0,4931006,0,6465568,0
2389,1786358430413,278261,0,4930907,0,6465415,0
2390,1786358430422,278100,0,4931001,0,6465376,0
2391,1786358430435,278101,0,4930969,0,6465350,0
2392,1786358430442,278247,0,4930944,0,6465327,0
2393,1786358430454,278256,0,4930942,0,6465425,0
2394,1786358430462,278470,0,4930860,0,6465119,0
2395,1786358430473,278665,0,4930868,0,6465150,0
2396,1786358430482,278664,0,4930860,0,6464974,0
2397,1786358430493,278931,0,4930836,0,6464972,0
2398,1786358430503,279192,0,4930730,0,6464767,0
2399,1786358430513,279229,0,4930750,0,6464638,0
2400,1786358430522,279449,0,4930625,0,6464113,0
2401,1786358430533,279433,0,4930463,0,6463967,0
2402,1786358430543,279912,0,4930403,0,6463585,0
2403,1786358430553,280141,0,4930402,0,6463730,0
2404,1786358430562,280453,0,4930486,0,6463779,0
2405,1786358430573,280850,0,4930441,0,6463804,0
2406,1786358430582,280980,0,4930562,0,6463784,0
2407,1786358430595,281547,0,4930509,0,6463629,0
2408,1786358430603,281853,0,4930422,0,6463805,0
2409,1786358430613,282369,0,4930338,0,6463693,0
2410,1786358430623,282867,0,4930211,0,6463561,0
2411,1786358430633,283176,0,4930266,0,6463601,0
2412,1786358430645,283563,0,4930145,0,6463374,0
2413,1786358430653,283877,0,4929858,0,6463123,0
2414,1786358430663,284167,0,4929908,0,6462850,0
2415,1786358430673,284606,0,4929815,0,6463003,0
2416,1786358430683,284892,0,4929904,0,6462841,0
2417,1786358430693,285229,0,4929592,0,6462517,0
2418,1786358430703,285584,0,4929478,0,6462204,0
2419,1786358430713,285677,0,4929334,0,6461946,0
2420,1786358430723,286002,0,4929297,0,6461799,0
2421,1786358430733,286224,0,4929339,0,6461766,0
2422,1786358430743,286562,0,4929254,0,6461603,0
2423,1786358430756,286850,0,4929205,0,6461642,0
2424,1786358430763,287040,0,4929075,0,6461295,0
2425,1786358430773,287380,0,4928989,0,6461094,0
2426,1786358430783,287300,0,4928931,0,6460956,0
2427,1786358430794,287254,0,4928805,0,6460658,0
2428,1786358430804,286808,0,4928803,0,6460487,0
2429,1786358430813,286265,0,4928666,0,6459954,0
2430,1786358430823,285252,0,4928564,0,6459897,0
2431,1786358430834,284553,0,4928648,0,6459679,0
2432,1786358430844,283391,0,4928514,0,6459139,0
2433,1786358430854,282375,0,4928326,0,6458714,0
2434,1786358430863,281043,0,4928026,0,6458193,0
2435,1786358430874,279828,0,4927550,0,6457569,0
2436,1786358430883,278795,0,4927162,0,6456838,0
2437,1786358430894,277362,0,4926839,0,6456092,0
2438,1786358430904,276370,0,4926390,0,6455316,0
2439,1786358430915,275470,0,4925974,0,6454819,0
2440,1786358430924,274586,0,4925860,0,6454321,0
2441,1786358430937,273618,0,4925593,0,6453912,0
2442,1786358430943,272824,0,4925391,0,6453281,0
2443,1786358430954,271991,0,4925301,0,6452913,0
2444,1786358430963,271326,0,4925258,0,6452569,0
2445,1786358430974,270686,0,4925122,0,6452310,0
2446,1786358430983,269850,0,4925059,0,6452027,0
2447,1786358430997,269467,0,4925088,0,6451828,0
2448,1786358431003,268742,0,4925056,0,6451699,0
2449,1786358431013,268450,0,4925061,0,6451417,0
2450,1786358431023,268177,0,4925080,0,6451427,0
2451,1786358431033,267956,0,4925021,0,6451406,0
2452,1786358431043,267825,0,4925116,0,6451307,0
2453,1786358431054,267778,0,4925139,0,6451373,0
2454,1786358431063,267849,0,4925274,0,6451476,0
2455,1786358431076,267720,0,4925440,0,6451414,0
2456,1786358431084,267858,0,4925545,0,6451678,0
2457,1786358431094,267831,0,4925510,0,6451520,0
2458,1786358431104,267748,0,4925430,0,6451432,0
2459,1786358431114,267625,0,4925547,0,6451226,0
2460,1786358431124,267451,0,4925580,0,6451377,0
2461,1786358431134,267518,0,4925752,0,6451652,0
2462,1786358431143,267515,0,4925884,0,6451504,0
2463,1786358431154,267515,0,4925794,0,6451427,0
2464,1786358431163,267324,0,4925539,0,6451150,0
2465,1786358431174,267231,0,4925463,0,6450827,0
2466,1786358431184,267069,0,4925411,0,6450646,0
2467,1786358431196,266942,0,4925318,0,6450660,0
2468,1786358431204,267025,0,4925263,0,6450454,0
2469,1786358431214,266744,0,4925047,0,6450237,0
2470,1786358431224,266562,0,4924987,0,6449968,0
2471,1786358431237,266415,0,4924908,0,6449895,0
2472,1786358431244,266428,0,4924832,0,6449853,0
2473,1786358431254,266255,0,4924665,0,6449708,0
2474,1786358431264,266167,0,4924707,0,6449817,0
2475,1786358431275,266039,0,4924538,0,6449558,0
2476,1786358431284,266306,0,4924516,0,6449413,0
2477,1786358431294,266325,0,4924348,0,6449301,0
2478,1786358431304,266633,0,4924357,0,6449199,0
2479,1786358431314,266565,0,4924228,0,6449076,0
2480,1786358431324,266887,0,4924314,0,6449137,0
2481,1786358431334,266980,0,4924220,0,6448940,0
2482,1786358431344,267111,0,4924168,0,6448934,0
2483,1786358431355,267267,0,4923879,0,6448647,0
2484,1786358431364,267490,0,4923745,0,6448165,0
2485,1786358431375,267552,0,4923671,0,6448158,0
2486,1786358431384,267834,0,4923704,0,6448191,0
2487,1786358431397,268194,0,4923605,0,6448052,0
2488,1786358431404,268483,0,4923639,0,6447995,0
2489,1786358431415,268608,0,4923603,0,6447968,0
2490,1786358431424,268745,0,4923599,0,6447902,0
2491,1786358431435,269180,0,4923640,0,6448011,0
2492,1786358431446,269415,0,4923578,0,6447897,0
2493,1786358431456,269627,0,4923398,0,6447633,0
2494,1786358431464,269878,0,4923153,0,6447377,0
2495,1786358431475,270279,0,4923080,0,6447274,0
2496,1786358431484,270407,0,4923117,0,6447192,0
2497,1786358431495,270764,0,4922949,0,6447143,0
2498,1786358431505,270942,0,4922905,0,6446976,0
2499,1786358431515,271256,0,4922879,0,6446801,0
2500,1786358431524,271404,0,4922807,0,6446676,0
2501,1786358431537,271845,0,4922724,0,6446706,0
2502,1786358431545,272104,0,4922896,0,6446832,0
2503,1786358431557,272355,0,4922887,0,6446794,0
2504,1786358431565,272899,0,4922680,0,6446596,0
2505,1786358431575,273096,0,4922714,0,6446527,0
2506,1786358431585,273442,0,4922623,0,6446536,0
2507,1786358431595,273755,0,4922445,0,6446456,0
2508,1786358431605,274158,0,4922288,0,6446328,0
2509,1786358431615,274703,0,4922143,0,6446092,0
2510,1786358431624,275139,0,4922017,0,6446017,0
2511,1786358431635,275662,0,4921949,0,6445793,0
2512,1786358431645,276088,0,4922053,0,6445895,0
2513,1786358431655,276587,0,4921984,0,6445840,0
2514,1786358431665,277084,0,4922015,0,6445918,0
2515,1786358431675,277556,0,4922057,0,6445873,0
2516,1786358431685,277875,0,4922093,0,6445816,0
2517,1786358431696,278488,0,4922223,0,6446033,0
2518,1786358431705,278845,0,4922188,0,6445896,0
2519,1786358431718,279044,0,4922215,0,6445734,0
2520,1786358431725,278939,0,4922083,0,6445619,0
2521,1786358431735,278823,0,4922060,0,6445442,0
2522,1786358431745,278430,0,4921968,0,6445319,0
2523,1786358431755,277896,0,4921909,0,6444781,0
2524,1786358431765,277197,0,4921580,0,6444454,0
2525,1786358431775,276388,0,4921304,0,6443900,0
2526,1786358431785,275532,0,4921056,0,6443448,0
2527,1786358431795,274588,0,4920708,0,6442897,0
2528,1786358431805,273556,0,4920290,0,6442175,0
2529,1786358431815,272697,0,4920007,0,6441614,0
2530,1786358431825,271912,0,4919705,0,6441059,0
2531,1786358431836,271028,0,4919455,0,6440593,0
2532,1786358431845,270228,0,4919007,0,6439972,0
2533,1786358431856,269286,0,4918656,0,6439163,0
2534,1786358431865,268541,0,4918222,0,6438700,0
2535,1786358431877,267869,0,4917964,0,6438374,0
2536,1786358431885,267085,0,4917780,0,6437915,0
2537,1786358431896,266549,0,4917532,0,6437707,0
2538,1786358431905,265915,0,4917352,0,6437200,0
2539,1786358431916,265485,0,4917018,0,6436745,0
2540,1786358431925,264932,0,4916890,0,6436586,0
2541,1786358431935,264518,0,4916839,0,6436368,0
2542,1786358431945,264099,0,4916737,0,6436184,0
2543,1786358431956,263787,0,4916634,0,6436114,0
2544,1786358431965,263586,0,4916550,0,6436023,0
2545,1786358431975,263493,0,4916591,0,6435926,0
2546,1786358431985,263314,0,4916381,0,6435659,0
2547,1786358431996,263175,0,4916431,0,6435769,0
2548,1786358432005,263159,0,4916511,0,6435846,0
2549,1786358432016,263062,0,4916536,0,6435942,0
2550,1786358432025,262951,0,4916549,0,6435920,0
2551,1786358432038,262716,0,4916561,0,6435634,0
2552,1786358432045,262713,0,4916449,0,6435680,0
2553,1786358432056,262531,0,4916122,0,6435188,0
2554,1786358432065,262475,0,4915981,0,6435044,0
2555,1786358432077,262148,0,4915846,0,6434955,0
2556,1786358432085,262121,0,4915647,0,6434487,0
2557,1786358432096,262065,0,4915660,0,6434388,0
2558,1786358432105,261751,0,4915494,0,6434399,0
2559,1786358432116,261813,0,4915565,0,6434210,0
2560,1786358432125,261800,0,4915461,0,6434028,0
2561,1786358432136,261632,0,4915324,0,6433950,0
2562,1786358432145,261690,0,4915371,0,6433848,0
2563,1786358432156,261555,0,4915184,0,6433735,0
2564,1786358432166,261654,0,4915204,0,6433447,0
2565,1786358432176,261626,0,4915056,0,6433345,0
2566,1786358432186,261461,0,4914834,0,6433277,0
2567,1786358432198,261598,0,4914851,0,6432895,0
2568,1786358432206,261764,0,4914662,0,6432692,0
2569,1786358432216,261796,0,4914468,0,6432355,0
2570,1786358432226,262077,0,4914422,0,6432387,0
2571,1786358432236,262267,0,4914549,0,6432542,0
2572,1786358432246,262500,0,4914517,0,6432376,0
2573,1786358432256,262801,0,4914674,0,6432440,0
2574,1786358432266,263029,0,4914539,0,6432316,0
2575,1786358432276,263120,0,4914235,0,6431861,0
2576,1786358432286,263218,0,4914060,0,6431649,0
2577,1786358432296,263379,0,4914022,0,6431448,0
2578,1786358432306,263612,0,4913976,0,6431329,0
2579,1786358432316,263751,0,4913930,0,6431190,0
2580,1786358432326,264039,0,4913886,0,6431016,0
2581,1786358432337,264174,0,4913637,0,6430758,0
2582,1786358432346,264430,0,4913510,0,6430697,0
2583,1786358432360,264758,0,4913591,0,6430782,0
2584,1786358432368,265078,0,4913642,0,6430656,0
2585,1786358432376,265354,0,4913737,0,6430976,0
2586,1786358432386,265551,0,4913685,0,6430677,0
2587,1786358432398,265964,0,4913795,0,6430855,0
2588,1786358432407,266292,0,4913679,0,6430821,0
2589,1786358432417,266749,0,4913658,0,6430782,0
2590,1786358432426,267031,0,4913560,0,6430746,0
2591,1786358432437,267106,0,4913371,0,6430393,0
2592,1786358432450,267312,0,4913120,0,6430229,0
2593,1786358432456,267500,0,4912942,0,6429808,0
2594,1786358432466,267927,0,4912891,0,6429691,0
2595,1786358432477,268091,0,4912674,0,6429557,0
2596,1786358432486,268260,0,4912721,0,6429309,0
2597,1786358432497,268638,0,4912757,0,6429453,0
2598,1786358432506,268834,0,4912743,0,6429458,0
2599,1786358432518,269260,0,4912589,0,6429414,0
2600,1786358432526,269507,0,4912661,0,6429545,0
2601,1786358432536,269849,0,4912750,0,6429571,0
2602,1786358432546,270388,0,4912785,0,6429571,0
2603,1786358432557,270589,0,4912774,0,6429769,0
2604,1786358432566,271097,0,4912989,0,6429897,0
2605,1786358432577,271652,0,4912893,0,6429827,0
2606,1786358432587,272083,0,4913162,0,6430116,0
2607,1786358432597,272547,0,4913296,0,6430388,0
2608,1786358432606,273384,0,4913454,0,6430589,0
2609,1786358432618,273985,0,4913420,0,6430905,0
2610,1786358432627,274424,0,4913615,0,6430867,0
2611,1786358432637,275057,0,4913567,0,6430890,0
2612,1786358432648,275568,0,4913386,0,6430706,0
2613,1786358432659,276106,0,4913266,0,6430690,0
2614,1786358432667,276722,0,4913071,0,6430466,0
2615,1786358432680,277468,0,4912885,0,6430343,0
2616,1786358432687,277878,0,4912811,0,6430100,0
2617,1786358432697,278558,0,4912735,0,6430040,0
2618,1786358432707,279151,0,4912778,0,6430058,0
2619,1786358432717,279664,0,4912631,0,6429955,0
2620,1786358432728,280233,0,4912682,0,6429864,0
2621,1786358432737,280846,0,4912819,0,6430126,0
2622,1786358432747,281504,0,4913023,0,6430292,0
2623,1786358432758,281846,0,4913200,0,6430585,0
2624,1786358432768,282222,0,4913465,0,6430891,0
2625,1786358432777,281957,0,4913458,0,6430900,0
2626,1786358432787,281955,0,4913732,0,6431039,0
2627,1786358432798,281645,0,4913928,0,6431335,0
2628,1786358432807,281221,0,4913988,0,6431504,0
2629,1786358432818,280548,0,4913839,0,6431162,0
2630,1786358432827,279797,0,4913429,0,6430609,0
2631,1786358432840,278941,0,4913201,0,6430150,0
2632,1786358432847,278238,0,4912792,0,6429496,0
2633,1786358432858,277406,0,4912613,0,6428962,0
2634,1786358432867,276736,0,4912347,0,6428523,0
2635,1786358432878,276189,0,4912289,0,6428412,0
2636,1786358432887,275579,0,4912193,0,6428111,0
2637,1786358432898,275292,0,4912081,0,6427986,0
2638,1786358432907,274804,0,4911940,0,6427499,0
2639,1786358432918,274640,0,4911814,0,6427272,0
2640,1786358432927,274211,0,4911485,0,6426853,0
2641,1786358432938,273672,0,4911337,0,6426508,0
2642,1786358432949,273468,0,4911119,0,6426304,0
2643,1786358432959,273127,0,4910903,0,6425721,0
2644,1786358432968,272775,0,4910566,0,6425466,0
2645,1786358432978,272605,0,4910393,0,6425155,0
2646,1786358432987,272549,0,4910245,0,6424925,0
2647,1786358433001,272279,0,4910063,0,6424590,0
2648,1786358433008,272271,0,4910018,0,6424507,0
2649,1786358433018,272102,0,4909960,0,6424351,0
2650,1786358433028,272015,0,4909817,0,6424304,0
2651,1786358433038,272271,0,4909877,0,6424293,0
2652,1786358433048,272083,0,4909831,0,6424183,0
2653,1786358433058,272129,0,4910090,0,6424396,0
2654,1786358433068,272258,0,4910162,0,6424566,0
2655,1786358433078,272451,0,4910255,0,6424532,0
2656,1786358433088,272420,0,4910247,0,6424641,0
2657,1786358433099,272587,0,4910312,0,6424836,0
2658,1786358433108,272499,0,4910355,0,6424722,0
2659,1786358433118,272481,0,4910253,0,6424825,0
2660,1786358433128,272466,0,4910432,0,6424818,0
2661,1786358433139,272556,0,4910432,0,6424735,0
2662,1786358433148,272323,0,4910248,0,6424631,0
2663,1786358433160,272306,0,4910236,0,6424534,0
2664,1786358433168,272272,0,4910334,0,6424548,0
2665,1786358433179,272225,0,4910392,0,6424681,0
2666,1786358433188,272213,0,4910436,0,6424679,0
2667,1786358433199,272451,0,4910600,0,6424912,0
2668,1786358433208,272551,0,4910773,0,6425113,0
2669,1786358433219,272596,0,4910870,0,6425216,0
2670,1786358433228,272957,0,4910905,0,6425555,0
2671,1786358433239,273043,0,4911035,0,6425560,0
2672,1786358433248,273452,0,4911094,0,6425536,0
2673,1786358433258,273589,0,4911047,0,6425510,0
2674,1786358433268,273947,0,4911231,0,6425712,0
2675,1786358433279,274286,0,4911204,0,6425793,0
2676,1786358433288,274567,0,4911281,0,6426087,0
2677,1786358433300,275087,0,4911448,0,6426199,0
2678,1786358433308,275479,0,4911640,0,6426554,0
2679,1786358433322,275903,0,4911768,0,6426648,0
2680,1786358433328,276328,0,4911948,0,6426978,0
2681,1786358433339,276930,0,4912067,0,6427209,0
2682,1786358433348,277405,0,4912166,0,6427274,0
2683,1786358433359,277818,0,4912207,0,6427293,0
2684,1786358433368,278378,0,4912355,0,6427592,0
2685,1786358433380,278932,0,4912423,0,6427806,0
2686,1786358433389,279530,0,4912446,0,6427678,0
2687,1786358433401,280105,0,4912461,0,6427821,0
2688,1786358433409,280814,0,4912477,0,6428146,0
2689,1786358433419,281263,0,4912714,0,6428356,0
2690,1786358433429,282042,0,4912907,0,6428355,0
2691,1786358433446,282479,0,4912866,0,6428547,0
2692,1786358433457,283071,0,4913087,0,6428523,0
2693,1786358433460,283722,0,4913286,0,6429194,0
2694,1786358433469,284563,0,4913713,0,6429592,0
2695,1786358433484,285184,0,4913684,0,6429772,0
2696,1786358433489,285788,0,4913852,0,6430021,0
2697,1786358433500,286592,0,4914091,0,6430273,0
2698,1786358433509,287279,0,4914132,0,6430539,0
2699,1786358433519,288177,0,4914216,0,6430724,0
2700,1786358433529,288956,0,4914356,0,6430881,0
2701,1786358433539,289543,0,4914628,0,6431093,0
2702,1786358433562,290388,0,4914942,0,6431649,0
2703,1786358433563,291122,0,4915207,0,6431957,0
2704,1786358433571,291990,0,4915230,0,6432224,0
2705,1786358433582,292775,0,4915443,0,6432651,0
2706,1786358433589,293544,0,4915610,0,6432891,0
2707,1786358433600,294311,0,4915885,0,6433185,0
2708,1786358433609,295089,0,4916155,0,6433491,0
2709,1786358433620,295965,0,4916496,0,6434025,0
2710,1786358433629,296548,0,4916527,0,6434368,0
2711,1786358433643,297266,0,4916916,0,6434600,0
2712,1786358433649,297988,0,4917126,0,6434986,0
2713,1786358433659,298480,0,4917436,0,6435460,0
2714,1786358433669,299001,0,4917662,0,6435882,0
2715,1786358433680,299322,0,4917961,0,6436155,0
2716,1786358433689,299198,0,4918381,0,6436640,0
2717,1786358433700,299439,0,4918621,0,6436986,0
2718,1786358433709,299356,0,4919084,0,6437457,0
2719,1786358433720,299371,0,4919143,0,6437850,0
2720,1786358433729,299451,0,4919269,0,6437836,0
2721,1786358433740,299186,0,4919288,0,6437981,0
2722,1786358433750,299061,0,4919131,0,6437637,0
2723,1786358433762,298948,0,4919149,0,6437594,0
2724,1786358433771,298898,0,4919056,0,6437592,0
2725,1786358433780,298852,0,4919044,0,6437445,0
2726,1786358433789,298905,0,4919082,0,6437405,0
2727,1786358433802,298931,0,4919045,0,6437375,0
2728,1786358433810,299007,0,4918991,0,6437372,0
2729,1786358433820,298999,0,4919011,0,6437374,0
2730,1786358433830,299039,0,4919089,0,6437453,0
2731,1786358433840,299231,0,4919133,0,6437456,0
2732,1786358433850,299233,0,4919130,0,6437586,0
2733,1786358433860,299367,0,4919097,0,6437554,0
2734,1786358433870,299609,0,4919288,0,6437538,0
2735,1786358433881,299977,0,4919354,0,6437891,0
2736,1786358433890,300389,0,4919632,0,6438195,0
2737,1786358433900,300738,0,4919776,0,6438327,0
2738,1786358433910,301230,0,4919890,0,6438729,0
2739,1786358433920,301676,0,4920143,0,6439005,0
2740,1786358433930,302198,0,4920124,0,6439166,0
2741,1786358433941,302607,0,4920306,0,6439420,0
2742,1786358433950,302908,0,4920230,0,6439352,0
2743,1786358433963,303191,0,4920261,0,6439385,0
2744,1786358433971,303469,0,4920436,0,6439478,0
2745,1786358433982,303853,0,4920584,0,6439942,0
2746,1786358433990,304013,0,4920909,0,6440113,0
2747,1786358434002,304230,0,4920938,0,6440266,0
2748,1786358434010,304481,0,4921171,0,6440616,0
2749,1786358434020,304782,0,4921387,0,6440797,0
2750,1786358434030,305141,0,4921758,0,6441370,0
2751,1786358434041,305653,0,4921972,0,6441795,0
2752,1786358434050,306128,0,4922189,0,6441933,0
2753,1786358434061,306606,0,4922276,0,6442257,0
2754,1786358434070,306836,0,4922411,0,6442362,0
2755,1786358434082,307374,0,4922572,0,6442618,0
2756,1786358434090,307938,0,4922633,0,6442643,0
2757,1786358434102,308290,0,4922503,0,6442631,0
2758,1786358434110,308789,0,4922820,0,6442804,0
2759,1786358434123,309424,0,4922731,0,6442727,0
2760,1786358434130,309768,0,4922603,0,6442547,0
2761,1786358434141,310261,0,4922623,0,6442664,0
2762,1786358434150,310520,0,4922626,0,6442777,0
2763,1786358434161,311045,0,4922778,0,6442824,0
2764,1786358434171,311590,0,4922740,0,6442976,0
2765,1786358434181,312144,0,4922843,0,6442837,0
2766,1786358434191,312441,0,4922668,0,6442782,0
2767,1786358434201,312927,0,4922791,0,6442823,0
2768,1786358434211,313323,0,4922798,0,6442854,0
2769,1786358434221,313982,0,4922729,0,6442716,0
2770,1786358434236,314355,0,4922573,0,6442580,0
2771,1786358434241,314808,0,4922630,0,6442700,0
2772,1786358434251,315336,0,4922748,0,6442723,0
2773,1786358434262,315786,0,4922870,0,6442956,0
2774,1786358434271,316440,0,4922836,0,6442863,0
2775,1786358434286,316864,0,4922974,0,6443120,0
2776,1786358434291,317518,0,4923140,0,6443277,0
2777,1786358434302,317939,0,4923254,0,6443473,0
2778,1786358434311,318596,0,4923448,0,6443756,0
2779,1786358434321,319132,0,4923464,0,6443878,0
2780,1786358434331,319537,0,4923367,0,6443861,0
2781,1786358434341,320230,0,4923480,0,6443819,0
2782,1786358434351,320719,0,4923466,0,6443901,0
2783,1786358434362,321514,0,4923533,0,6443915,0
2784,1786358434371,321994,0,4923649,0,6444041,0
2785,1786358434382,322521,0,4923700,0,6444114,0
2786,1786358434391,323050,0,4923795,0,6444267,0
2787,1786358434402,323755,0,4923878,0,6444443,0
2788,1786358434411,324186,0,4924055,0,6444755,0
2789,1786358434423,324693,0,4924242,0,6445023,0
2790,1786358434431,325255,0,4924354,0,6444980,0
2791,1786358434450,325621,0,4924293,0,6445133,0
2792,1786358434451,325846,0,4924412,0,6445261,0
2793,1786358434465,325805,0,4924708,0,6445402,0
2794,1786358434471,325687,0,4924722,0,6445478,0
2795,1786358434482,325385,0,4924694,0,6445412,0
2796,1786358434491,325054,0,4924756,0,6445192,0
2797,1786358434502,324508,0,4924673,0,6445057,0
2798,1786358434513,324036,0,4924568,0,6444868,0
2799,1786358434523,323452,0,4924535,0,6444549,0
2800,1786358434533,322886,0,4924296,0,6444288,0
2801,1786358434543,322277,0,4924212,0,6443974,0
2802,1786358434552,321760,0,4924003,0,6443731,0
2803,1786358434564,321189,0,4923807,0,6443186,0
2804,1786358434572,320752,0,4923649,0,6442807,0
2805,1786358434583,320213,0,4923431,0,6442452,0
2806,1786358434592,319907,0,4923021,0,6442076,0
2807,1786358434606,319391,0,4922833,0,6441469,0
2808,1786358434620,319017,0,4922639,0,6441140,0
2809,1786358434622,318414,0,4922600,0,6440877,0
2810,1786358434636,318191,0,4922605,0,6440816,0
2811,1786358434642,317790,0,4922496,0,6440319,0
2812,1786358434653,317726,0,4922263,0,6440142,0
2813,1786358434662,317495,0,4922131,0,6439692,0
2814,1786358434672,317262,0,4921835,0,6439458,0
2815,1786358434685,317263,0,4921795,0,6439348,0
2816,1786358434692,317287,0,4921416,0,6438929,0
2817,1786358434703,317178,0,4921395,0,6438713,0
2818,1786358434716,317351,0,4921415,0,6438662,0
2819,1786358434723,317374,0,4921350,0,6438804,0
2820,1786358434734,317616,0,4921459,0,6438931,0
2821,1786358434743,317551,0,4921494,0,6438838,0
2822,1786358434752,317794,0,4921643,0,6438855,0
2823,1786358434765,317405,0,4921623,0,6438916,0
2824,1786358434772,317258,0,4921576,0,6438687,0
2825,1786358434782,316897,0,4921398,0,6438619,0
2826,1786358434792,316509,0,4921375,0,6438289,0
2827,1786358434806,316181,0,4921152,0,6437921,0
2828,1786358434816,315871,0,4921041,0,6437762,0
2829,1786358434823,315497,0,4920783,0,6437321,0
2830,1786358434833,315249,0,4920499,0,6437009,0
2831,1786358434843,314870,0,4920475,0,6436831,0
2832,1786358434852,314492,0,4920314,0,6436614,0
2833,1786358434869,314510,0,4920412,0,6436642,0
2834,1786358434872,314288,0,4920420,0,6436613,0
2835,1786358434883,313906,0,4920368,0,6436091,0
2836,1786358434892,313685,0,4920385,0,6436149,0
2837,1786358434904,313513,0,4920418,0,6435829,0
2838,1786358434917,313194,0,4920406,0,6435892,0
2839,1786358434925,312917,0,4920601,0,6435991,0
2840,1786358434932,312782,0,4920723,0,6436261,0
2841,1786358434943,312575,0,4920521,0,6436511,0
2842,1786358434952,312437,0,4920273,0,6436124,0
2843,1786358434971,312412,0,4919771,0,6436055,0
2844,1786358434972,312396,0,4919593,0,6435766,0
2845,1786358434984,312517,0,4919412,0,6435305,0
2846,1786358434993,312719,0,4919045,0,6435144,0
2847,1786358435003,312801,0,4918749,0,6434669,0
2848,1786358435015,312763,0,4918724,0,6434477,0
2849,1786358435023,312823,0,4918585,0,6434108,0
2850,1786358435032,312932,0,4918809,0,6434263,0
2851,1786358435043,312968,0,4918951,0,6434367,0
2852,1786358435052,312993,0,4919256,0,6434662,0
2853,1786358435065,313052,0,4919462,0,6434876,0
2854,1786358435074,313119,0,4919613,0,6435061,0
2855,1786358435085,313106,0,4919784,0,6435143,0
2856,1786358435093,313460,0,4919848,0,6435255,0
2857,1786358435104,313636,0,4919898,0,6435305,0
2858,1786358435115,313874,0,4919632,0,6435133,0
2859,1786358435123,313988,0,4919755,0,6435112,0
2860,1786358435134,314425,0,4919755,0,6435170,0
2861,1786358435143,314760,0,4919840,0,6435316,0
2862,1786358435153,315089,0,4919894,0,6435353,0
2863,1786358435165,315614,0,4919975,0,6435413,0
2864,1786358435173,315959,0,4919970,0,6435293,0
2865,1786358435183,316168,0,4919883,0,6435221,0
2866,1786358435193,316519,0,4920026,0,6435291,0
2867,1786358435203,316769,0,4920083,0,6435493,0
2868,1786358435218,316867,0,4920304,0,6435565,0
2869,1786358435223,317104,0,4920482,0,6435624,0
2870,1786358435233,316780,0,4920596,0,6435606,0
2871,1786358435250,316589,0,4920470,0,6435490,0
2872,1786358435253,316042,0,4920238,0,6435276,0
2873,1786358435267,315400,0,4919930,0,6434883,0
2874,1786358435273,314513,0,4919635,0,6434176,0
2875,1786358435283,313373,0,4919388,0,6433525,0
2876,1786358435293,312136,0,4919087,0,6432977,0
2877,1786358435303,310612,0,4918602,0,6432211,0
2878,1786358435316,309245,0,4918271,0,6431403,0
2879,1786358435324,307919,0,4917937,0,6430756,0
2880,1786358435334,306617,0,4917743,0,6430186,0
2881,1786358435348,305489,0,4917353,0,6429556,0
2882,1786358435353,304211,0,4917198,0,6429017,0
2883,1786358435366,303074,0,4916713,0,6428160,0
2884,1786358435373,302117,0,4916730,0,6427789,0
2885,1786358435384,301123,0,4916512,0,6427387,0
2886,1786358435398,300289,0,4916353,0,6426648,0
2887,1786358435407,299249,0,4916111,0,6426405,0
2888,1786358435426,298533,0,4915988,0,6426003,0
2889,1786358435427,297860,0,4915995,0,6425755,0
2890,1786358435443,297226,0,4915895,0,6425602,0
2891,1786358435457,296569,0,4915924,0,6425550,0
2892,1786358435457,296041,0,4916009,0,6425581,0
2893,1786358435463,295700,0,4915869,0,6425465,0
2894,1786358435473,295495,0,4915808,0,6425318,0
2895,1786358435483,295234,0,4915926,0,6425198,0
2896,1786358435493,295266,0,4915928,0,6425259,0
2897,1786358435504,295072,0,4915958,0,6425349,0
2898,1786358435515,295122,0,4916095,0,6425421,0
2899,1786358435527,295260,0,4916140,0,6425547,0
2900,1786358435533,295254,0,4916140,0,6425568,0
2901,1786358435544,295296,0,4916216,0,6425465,0
2902,1786358435553,295087,0,4916219,0,6425394,0
2903,1786358435566,295161,0,4916184,0,6425176,0
2904,1786358435576,295024,0,4916046,0,6424844,0
2905,1786358435584,295005,0,4915786,0,6424533,0
2906,1786358435593,294868,0,4915629,0,6424056,0
2907,1786358435609,294962,0,4915402,0,6423671,0
2908,1786358435613,294750,0,4915027,0,6422812,0
2909,1786358435630,294755,0,4914788,0,6422453,0
2910,1786358435634,294882,0,4914407,0,6421926,0
2911,1786358435644,294937,0,4914327,0,6421615,0
2912,1786358435654,294973,0,4913987,0,6421147,0
2913,1786358435665,295072,0,4913794,0,6420709,0
2914,1786358435676,295403,0,4913801,0,6420788,0
2915,1786358435684,295651,0,4913701,0,6420684,0
2916,1786358435695,295780,0,4913711,0,6420696,0
2917,1786358435705,296124,0,4913568,0,6420664,0
2918,1786358435715,296510,0,4913395,0,6420478,0
2919,1786358435731,296694,0,4913477,0,6420433,0
2920,1786358435734,296768,0,4913261,0,6420228,0
2921,1786358435744,296953,0,4913344,0,6420111,0
2922,1786358435754,297070,0,4913176,0,6420030,0
2923,1786358435764,297013,0,4913058,0,6419976,0
2924,1786358435777,296998,0,4912882,0,6419530,0
2925,1786358435784,297007,0,4912731,0,6419191,0
2926,1786358435794,296792,0,4912481,0,6418939,0
2927,1786358435805,296763,0,4912594,0,6419027,0
2928,1786358435814,296663,0,4912679,0,6418783,0
2929,1786358435824,296656,0,4912479,0,6418779,0
2930,1786358435834,296551,0,4912535,0,6418584,0
2931,1786358435844,296449,0,4912576,0,6418750,0
2932,1786358435854,296325,0,4912605,0,6418638,0
2933,1786358435865,296422,0,4912470,0,6418698,0
2934,1786358435874,296303,0,4912247,0,6418472,0
2935,1786358435894,296196,0,4911928,0,6418080,0
2936,1786358435894,296035,0,4911796,0,6417895,0
2937,1786358435905,296057,0,4911525,0,6417616,0
2938,1786358435914,295939,0,4911587,0,6417782,0
2939,1786358435926,296107,0,4911691,0,6417852,0
2940,1786358435934,296180,0,4911571,0,6417842,0
2941,1786358435944,296033,0,4911405,0,6417700,0
2942,1786358435961,296209,0,4911525,0,6417743,0
2943,1786358435965,296266,0,4911644,0,6417903,0
2944,1786358435975,296514,0,4911892,0,6418253,0
2945,1786358435985,296631,0,4912105,0,6418503,0
2946,1786358435994,296932,0,4912224,0,6418792,0
2947,1786358436006,297407,0,4912421,0,6418975,0
2948,1786358436014,297764,0,4912743,0,6419355,0
2949,1786358436025,298110,0,4912876,0,6419738,0
2950,1786358436034,298328,0,4913117,0,6420081,0
2951,1786358436048,298875,0,4913224,0,6420344,0
2952,1786358436055,299274,0,4913543,0,6420763,0
2953,1786358436065,299712,0,4913880,0,6421141,0
2954,1786358436074,300183,0,4914273,0,6421689,0
2955,1786358436085,300570,0,4914644,0,6422193,0
2956,1786358436095,300816,0,4915046,0,6422704,0
2957,1786358436105,301106,0,4915353,0,6423215,0
2958,1786358436115,300875,0,4915684,0,6423537,0
2959,1786358436126,300561,0,4915920,0,6423727,0
2960,1786358436135,300077,0,4916231,0,6424026,0
2961,1786358436145,299476,0,4916551,0,6424359,0
2962,1786358436155,298861,0,4916796,0,6424542,0
2963,1786358436165,298029,0,4916908,0,6424368,0
2964,1786358436175,297158,0,4917084,0,6424469,0
2965,1786358436185,296332,0,4917086,0,6424387,0
2966,1786358436195,295633,0,4917101,0,6424435,0
2967,1786358436208,295049,0,4917178,0,6424423,0
2968,1786358436215,294568,0,4917372,0,6424529,0
2969,1786358436225,293961,0,4917352,0,6424496,0
2970,1786358436236,293494,0,4917350,0,6424537,0
2971,1786358436245,292989,0,4917260,0,6424443,0
2972,1786358436255,292540,0,4917162,0,6424357,0
2973,1786358436265,292277,0,4917122,0,6423997,0
2974,1786358436275,291606,0,4916918,0,6423573,0
2975,1786358436285,291152,0,4916422,0,6422987,0
2976,1786358436295,290679,0,4916306,0,6422666,0
2977,1786358436305,290403,0,4916275,0,6422604,0
2978,1786358436315,290082,0,4916412,0,6422678,0
2979,1786358436326,290095,0,4916430,0,6422740,0
2980,1786358436336,290000,0,4916419,0,6422578,0
2981,1786358436346,290070,0,4916533,0,6422535,0
2982,1786358436355,290031,0,4916689,0,6422771,0
2983,1786358436368,290368,0,4916985,0,6423248,0
2984,1786358436375,290529,0,4917253,0,6423654,0
2985,1786358436385,290996,0,4917712,0,6424218,0
2986,1786358436395,291221,0,4917855,0,6424583,0
