sample_index,timestamp,green,green_status,red,red_status,infrared,infrared_status
0,1785929196267,0,0,0,-1,699040,0
1,1785929196277,163208,0,517818,0,507079,0
2,1785929196287,163250,0,517786,0,506968,0
3,1785929196301,163297,0,517780,0,506971,0
4,1785929196306,163326,0,517788,0,506917,0
5,1785929196317,163401,0,517798,0,506869,0
6,1785929196326,163393,0,517814,0,506883,0
7,1785929196337,163481,0,517851,0,506903,0
8,1785929196353,163554,0,517871,0,506920,0
9,1785929196357,163526,0,517871,0,506903,0
10,1785929196367,163595,0,517929,0,506905,0
11,1785929196377,163698,0,517931,0,506872,0
12,1785929196387,163792,0,517939,0,506907,0
13,1785929196400,163756,0,517965,0,506957,0
14,1785929196406,163823,0,518017,0,506944,0
15,1785929196417,163898,0,518041,0,506977,0
16,1785929196426,163909,0,518057,0,506959,0
17,1785929196437,163951,0,518046,0,506958,0
18,1785929196450,163992,0,518035,0,506999,0
19,1785929196457,164026,0,518067,0,506993,0
20,1785929196467,164107,0,518110,0,507026,0
21,1785929196477,164099,0,518150,0,507026,0
22,1785929196487,164137,0,518109,0,506985,0
23,1785929196498,164223,0,518172,0,507032,0
24,1785929196507,164293,0,561827,0,507065,0
25,1785929196518,152368,0,554100,0,701122,0
26,1785929196527,152445,0,554138,0,701115,0
27,1785929196538,152514,0,554148,0,701121,0
28,1785929196549,152626,0,554122,0,701088,0
29,1785929196560,152656,0,554113,0,701103,0
30,1785929196567,152769,0,554150,0,701045,0
31,1785929196577,152844,0,554126,0,701065,0
32,1785929196587,152917,0,554106,0,701034,0
33,1785929196597,152973,0,554124,0,701013,0
34,1785929196607,153051,0,554132,0,701020,0
35,1785929196618,153120,0,554112,0,701027,0
36,1785929196627,153314,0,554109,0,701027,0
37,1785929196638,153362,0,554132,0,701015,0
38,1785929196647,153458,0,964821,0,1400131,0
39,1785929196657,35329,0,1068669,0,1401095,0
40,1785929196667,35518,0,1068704,0,1401130,0
41,1785929196678,35721,0,1068718,0,1401060,0
42,1785929196687,35920,0,1068701,0,1401073,0
43,1785929196698,36050,0,1068675,0,1401009,0
44,1785929196707,36019,0,1068686,0,1400946,0
45,1785929196720,35953,0,1068601,0,1400835,0
46,1785929196727,35623,0,1068589,0,1400804,0
47,1785929196738,35296,0,1068567,0,1400676,0
48,1785929196748,34965,0,1068554,0,1400613,0
49,1785929196758,34545,0,1068553,0,1400571,0
50,1785929196767,34229,0,1068520,0,1400493,0
51,1785929196778,33842,0,1068536,0,1400467,0
52,1785929196787,33586,0,5289106,0,7036610,0
53,1785929196798,14136,0,5317827,0,7002104,0
54,1785929196807,13058,0,5317928,0,7001876,0
55,1785929196818,12184,0,5318210,0,7002121,0
56,1785929196828,11798,0,5318521,0,7002330,0
57,1785929196838,11576,0,5318850,0,7002548,0
58,1785929196848,11445,0,5319266,0,7002827,0
59,1785929196858,11172,0,5319447,0,7003044,0
60,1785929196868,11387,0,5319520,0,7003144,0
61,1785929196881,11667,0,5319686,0,7003344,0
62,1785929196888,11968,0,5319856,0,7003669,0
63,1785929196898,12351,0,5319985,0,7004018,0
64,1785929196908,12891,0,5320273,0,7004490,0
65,1785929196918,13609,0,5320479,0,7004780,0
66,1785929196928,14533,0,5320551,0,7005001,0
67,1785929196938,15243,0,5320703,0,7005070,0
68,1785929196948,16237,0,5320724,0,7005420,0
69,1785929196958,16947,0,5320715,0,7005513,0
70,1785929196968,17943,0,5320722,0,7005429,0
71,1785929196978,18759,0,5320612,0,7005282,0
72,1785929196988,19482,0,5320597,0,7005339,0
73,1785929196998,20286,0,5320525,0,7005490,0
74,1785929197008,21069,0,5320591,0,7005524,0
75,1785929197019,22081,0,5320728,0,7005615,0
76,1785929197028,22673,0,5320985,0,7005758,0
77,1785929197040,23332,0,5320903,0,7005794,0
78,1785929197049,24054,0,5320916,0,7005952,0
79,1785929197059,24799,0,5320913,0,7006090,0
80,1785929197068,25288,0,5320846,0,7005863,0
81,1785929197078,25768,0,5320647,0,7005812,0
82,1785929197088,26487,0,5320580,0,7005665,0
83,1785929197099,26777,0,5320221,0,7005437,0
84,1785929197108,26937,0,5320236,0,7005452,0
85,1785929197119,27423,0,5320079,0,7005376,0
86,1785929197128,27902,0,5319969,0,7005444,0
87,1785929197140,28425,0,5320000,0,7005554,0
88,1785929197149,29270,0,5320195,0,7005895,0
89,1785929197159,30126,0,5320343,0,7006040,0
90,1785929197169,31063,0,5320592,0,7006320,0
91,1785929197180,32372,0,5320777,0,7006672,0
92,1785929197188,33498,0,5320890,0,7006785,0
93,1785929197201,34663,0,5321150,0,7007064,0
94,1785929197208,36006,0,5321219,0,7007391,0
95,1785929197219,37370,0,5321334,0,7007536,0
96,1785929197228,38563,0,5321373,0,7007619,0
97,1785929197239,40160,0,5321461,0,7007910,0
98,1785929197248,41448,0,5321512,0,7008064,0
99,1785929197259,42672,0,5321465,0,7008163,0
100,1785929197269,44077,0,5321545,0,7008249,0
101,1785929197279,45356,0,5321633,0,7008517,0
102,1785929197288,46682,0,5321606,0,7008505,0
103,1785929197299,48016,0,5321628,0,7008714,0
104,1785929197309,49224,0,5321688,0,7008864,0
105,1785929197319,50311,0,5321680,0,7008653,0
106,1785929197329,51048,0,5321350,0,7008487,0
107,1785929197340,51357,0,5321226,0,7008334,0
108,1785929197349,51138,0,5321094,0,7007858,0
109,1785929197361,50233,0,5320905,0,7007349,0
110,1785929197369,49145,0,5320852,0,7007053,0
111,1785929197379,47654,0,5320702,0,7006622,0
112,1785929197389,46199,0,5320418,0,7006391,0
113,1785929197399,44506,0,5320431,0,7006218,0
114,1785929197409,42827,0,5320188,0,7005537,0
115,1785929197421,40863,0,5319794,0,7005193,0
116,1785929197429,39050,0,5319578,0,7004887,0
117,1785929197439,37307,0,5319207,0,7004482,0
118,1785929197451,35631,0,5319005,0,7004171,0
119,1785929197459,34061,0,5318659,0,7004040,0
120,1785929197469,33144,0,5318508,0,7003893,0
121,1785929197479,32100,0,5318496,0,7003782,0
122,1785929197489,31324,0,5318326,0,7003735,0
123,1785929197500,30725,0,5318420,0,7003632,0
124,1785929197509,30525,0,5318167,0,7003712,0
125,1785929197523,30305,0,5318267,0,7003757,0
126,1785929197529,30124,0,5318036,0,7003617,0
127,1785929197540,30163,0,5317894,0,7003637,0
128,1785929197549,30147,0,5317763,0,7003545,0
129,1785929197560,30505,0,5317664,0,7003611,0
130,1785929197569,30723,0,5317566,0,7003846,0
131,1785929197581,31215,0,5317632,0,7003822,0
132,1785929197589,31593,0,5317583,0,7003894,0
133,1785929197600,32171,0,5317519,0,7003922,0
134,1785929197609,32665,0,5317561,0,7004000,0
135,1785929197620,33198,0,5317374,0,7004024,0
136,1785929197630,33697,0,5317304,0,7003937,0
137,1785929197640,34081,0,5317142,0,7003969,0
138,1785929197650,34145,0,5316919,0,7003730,0
139,1785929197661,34355,0,5316883,0,7003453,0
140,1785929197669,34642,0,5316590,0,7003525,0
141,1785929197681,34655,0,5316581,0,7003418,0
142,1785929197690,35026,0,5316323,0,7003216,0
143,1785929197700,35088,0,5316189,0,7003064,0
144,1785929197710,35298,0,5316108,0,7002908,0
145,1785929197721,35430,0,5316006,0,7003039,0
146,1785929197731,35770,0,5316061,0,7003111,0
147,1785929197740,36075,0,5315981,0,7003061,0
148,1785929197750,36483,0,5315859,0,7002907,0
149,1785929197763,36533,0,5315747,0,7003018,0
150,1785929197770,36895,0,5315690,0,7002869,0
151,1785929197781,37157,0,5315546,0,7003007,0
152,1785929197790,37720,0,5315664,0,7003038,0
153,1785929197800,38365,0,5315541,0,7003173,0
154,1785929197813,38954,0,5315571,0,7003299,0
155,1785929197822,39746,0,5315656,0,7003274,0
156,1785929197830,40410,0,5315704,0,7003375,0
157,1785929197849,41162,0,5315605,0,7003382,0
158,1785929197850,42021,0,5315585,0,7003537,0
159,1785929197864,42820,0,5315652,0,7003684,0
160,1785929197870,43884,0,5315767,0,7003765,0
161,1785929197881,44774,0,5315725,0,7003789,0
162,1785929197890,45846,0,5315756,0,7003987,0
163,1785929197901,46904,0,5315884,0,7004078,0
164,1785929197910,48161,0,5315976,0,7004441,0
165,1785929197921,49370,0,5315916,0,7004621,0
166,1785929197931,50408,0,5316073,0,7004686,0
167,1785929197941,51462,0,5316096,0,7004711,0
168,1785929197951,52204,0,5316032,0,7004481,0
169,1785929197962,52263,0,5315949,0,7004427,0
170,1785929197970,52212,0,5315894,0,7003973,0
171,1785929197981,51348,0,5315790,0,7003584,0
172,1785929197990,50523,0,5315752,0,7003371,0
173,1785929198002,49036,0,5315445,0,7002966,0
174,1785929198012,47694,0,5315537,0,7002468,0
175,1785929198021,45847,0,5315565,0,7002265,0
176,1785929198030,44144,0,5315348,0,7002092,0
177,1785929198045,42433,0,5315261,0,7001761,0
178,1785929198050,40508,0,5315176,0,7001462,0
179,1785929198062,38819,0,5315123,0,7001390,0
180,1785929198071,37502,0,5315003,0,7001192,0
181,1785929198082,36165,0,5314890,0,7001069,0
182,1785929198091,34949,0,5314730,0,7000945,0
183,1785929198101,33730,0,5314389,0,7000527,0
184,1785929198112,32482,0,5314201,0,7000526,0
185,1785929198121,31652,0,5313939,0,7000392,0
186,1785929198131,30663,0,5313880,0,7000250,0
187,1785929198146,30101,0,5313718,0,7000177,0
188,1785929198151,29567,0,5313535,0,6999935,0
189,1785929198183,29356,0,5313543,0,7000010,0
190,1785929198183,29308,0,5313518,0,7000068,0
191,1785929198183,29504,0,5313603,0,7000225,0
192,1785929198192,29868,0,5313565,0,7000198,0
193,1785929198201,30206,0,5313522,0,7000366,0
194,1785929198211,30644,0,5313501,0,7000408,0
195,1785929198222,31081,0,5313541,0,7000529,0
196,1785929198231,31799,0,5313522,0,7000614,0
197,1785929198245,32365,0,5313596,0,7000653,0
198,1785929198251,32972,0,5313520,0,7000673,0
199,1785929198263,33542,0,5313541,0,7000580,0
200,1785929198271,34144,0,5313627,0,7000745,0
201,1785929198282,34955,0,5313712,0,7000968,0
202,1785929198299,35337,0,5313867,0,7000925,0
203,1785929198302,36105,0,5314002,0,7001113,0
204,1785929198314,36672,0,5314050,0,7001077,0
205,1785929198327,37317,0,5314128,0,7001296,0
206,1785929198331,38039,0,5314225,0,7001437,0
207,1785929198344,38649,0,5314306,0,7001497,0
208,1785929198351,39468,0,5314308,0,7001573,0
209,1785929198362,40183,0,5314506,0,7001674,0
210,1785929198372,40806,0,5314483,0,7001799,0
211,1785929198382,41601,0,5314624,0,7001852,0
212,1785929198394,42481,0,5314816,0,7001937,0
213,1785929198402,43479,0,5314774,0,7002034,0
214,1785929198411,44250,0,5314830,0,7002165,0
215,1785929198423,45447,0,5314914,0,7002265,0
216,1785929198431,46381,0,5314988,0,7002470,0
217,1785929198444,47626,0,5315116,0,7002478,0
218,1785929198452,48616,0,5315156,0,7002640,0
219,1785929198463,49869,0,5315209,0,7002808,0
220,1785929198477,50953,0,5315250,0,7003002,0
221,1785929198485,52068,0,5315373,0,7003216,0
222,1785929198498,53150,0,5315405,0,7003292,0
223,1785929198502,54478,0,5315682,0,7003661,0
224,1785929198515,55831,0,5315684,0,7003732,0
225,1785929198526,57050,0,5315831,0,7004009,0
226,1785929198532,58526,0,5315705,0,7004115,0
227,1785929198542,60019,0,5315839,0,7004191,0
228,1785929198552,61263,0,5315756,0,7004257,0
229,1785929198563,62315,0,5315696,0,7004263,0
230,1785929198572,63252,0,5315602,0,7004240,0
231,1785929198582,63817,0,5315426,0,7003916,0
232,1785929198592,64142,0,5315264,0,7003680,0
233,1785929198602,63991,0,5315142,0,7003292,0
234,1785929198612,63330,0,5314985,0,7003021,0
235,1785929198623,62245,0,5314787,0,7002430,0
236,1785929198632,60993,0,5314818,0,7002154,0
237,1785929198644,59548,0,5314783,0,7001912,0
238,1785929198652,58050,0,5314911,0,7001570,0
239,1785929198663,56896,0,5315059,0,7001447,0
240,1785929198672,55233,0,5315204,0,7001378,0
241,1785929198682,54114,0,5315406,0,7001445,0
242,1785929198695,53082,0,5315571,0,7001412,0
243,1785929198703,52199,0,5315825,0,7001746,0
244,1785929198712,51581,0,5316036,0,7001683,0
245,1785929198726,50962,0,5316111,0,7001904,0
246,1785929198732,50835,0,5316539,0,7002155,0
247,1785929198744,50795,0,5316739,0,7002476,0
248,1785929198757,50722,0,5316936,0,7002670,0
249,1785929198763,50699,0,5317128,0,7002918,0
250,1785929198773,50912,0,5317179,0,7003200,0
251,1785929198784,51128,0,5317361,0,7003305,0
252,1785929198792,51268,0,5317376,0,7003378,0
253,1785929198806,52013,0,5317322,0,7003282,0
254,1785929198813,52434,0,5317361,0,7003490,0
255,1785929198823,52719,0,5317300,0,7003479,0
256,1785929198833,53394,0,5317094,0,7003350,0
257,1785929198843,53597,0,5316970,0,7003187,0
258,1785929198853,54129,0,5316704,0,7003287,0
259,1785929198863,54498,0,5316688,0,7003279,0
260,1785929198873,54884,0,5316558,0,7003140,0
261,1785929198883,55306,0,5316347,0,7003136,0
262,1785929198893,55775,0,5316252,0,7003016,0
263,1785929198903,56133,0,5316138,0,7002864,0
264,1785929198913,56313,0,5315908,0,7002734,0
265,1785929198923,56584,0,5315667,0,7002520,0
266,1785929198933,56579,0,5315527,0,7002412,0
267,1785929198944,56854,0,5315142,0,7002077,0
268,1785929198953,57078,0,5314945,0,7001828,0
269,1785929198965,57042,0,5314698,0,7001548,0
270,1785929198973,57033,0,5314566,0,7001381,0
271,1785929198985,57342,0,5314712,0,7001526,0
272,1785929198993,57709,0,5314576,0,7001400,0
273,1785929199003,58172,0,5314553,0,7001568,0
274,1785929199013,58753,0,5314576,0,7001642,0
275,1785929199024,59216,0,5314719,0,7001754,0
276,1785929199033,59847,0,5314871,0,7001923,0
277,1785929199044,60593,0,5314865,0,7001937,0
278,1785929199053,61192,0,5314840,0,7001903,0
279,1785929199064,61907,0,5314783,0,7002116,0
280,1785929199073,62692,0,5314659,0,7001887,0
281,1785929199084,63441,0,5314471,0,7001789,0
282,1785929199093,63736,0,5314238,0,7001707,0
283,1785929199104,64201,0,5313818,0,7001484,0
284,1785929199115,64785,0,5313733,0,7001304,0
285,1785929199127,65289,0,5313519,0,7001238,0
286,1785929199134,65869,0,5313406,0,7001306,0
287,1785929199144,66707,0,5313566,0,7001379,0
288,1785929199154,67868,0,5313665,0,7001591,0
289,1785929199164,68996,0,5313625,0,7001793,0
290,1785929199173,70119,0,5313720,0,7001745,0
291,1785929199184,71275,0,5313732,0,7002008,0
292,1785929199194,72513,0,5313925,0,7002249,0
293,1785929199204,73482,0,5313976,0,7002195,0
294,1785929199214,74514,0,5313950,0,7002251,0
295,1785929199224,75542,0,5313823,0,7002192,0
296,1785929199234,76155,0,5313617,0,7002008,0
297,1785929199244,76145,0,5313313,0,7001718,0
298,1785929199254,75754,0,5313108,0,7001205,0
299,1785929199266,74602,0,5312773,0,7000670,0
300,1785929199274,73313,0,5312616,0,7000233,0
301,1785929199286,71586,0,5312264,0,6999700,0
302,1785929199294,69717,0,5312046,0,6999278,0
303,1785929199305,67822,0,5311849,0,6998654,0
304,1785929199314,65656,0,5311447,0,6998209,0
305,1785929199325,63725,0,5311100,0,6997950,0
306,1785929199334,61689,0,5310725,0,6997418,0
307,1785929199345,59827,0,5310471,0,6997007,0
308,1785929199354,58135,0,5310182,0,6996568,0
309,1785929199364,56269,0,5309813,0,6996236,0
310,1785929199376,54648,0,5309333,0,6995792,0
311,1785929199385,53094,0,5309007,0,6995495,0
312,1785929199395,51694,0,5308650,0,6995082,0
313,1785929199409,50531,0,5308428,0,6994809,0
314,1785929199414,49536,0,5308158,0,6994571,0
315,1785929199426,48726,0,5308119,0,6994598,0
316,1785929199434,48327,0,5307940,0,6994454,0
317,1785929199448,48094,0,5307930,0,6994490,0
318,1785929199458,47796,0,5307899,0,6994555,0
319,1785929199465,47752,0,5307707,0,6994544,0
320,1785929199475,48105,0,5308010,0,6994704,0
321,1785929199485,48480,0,5307890,0,6994615,0
322,1785929199495,48791,0,5307632,0,6994489,0
323,1785929199505,48894,0,5307498,0,6994464,0
324,1785929199515,48977,0,5307281,0,6994405,0
325,1785929199526,49250,0,5307264,0,6994233,0
326,1785929199535,49314,0,5307085,0,6993975,0
327,1785929199545,49318,0,5306935,0,6993970,0
328,1785929199555,49397,0,5306759,0,6993859,0
329,1785929199566,49452,0,5306639,0,6993827,0
330,1785929199575,49554,0,5306547,0,6993774,0
331,1785929199586,49486,0,5306425,0,6993552,0
332,1785929199595,49861,0,5306342,0,6993619,0
333,1785929199610,49786,0,5306265,0,6993390,0
334,1785929199615,49908,0,5306186,0,6993658,0
335,1785929199626,50315,0,5306050,0,6993427,0
336,1785929199635,50494,0,5306036,0,6993417,0
337,1785929199645,50749,0,5305916,0,6993324,0
338,1785929199655,50784,0,5305667,0,6993188,0
339,1785929199666,50938,0,5305513,0,6993039,0
340,1785929199675,50922,0,5305461,0,6992980,0
341,1785929199686,51123,0,5305281,0,6992808,0
342,1785929199695,51466,0,5305246,0,6992838,0
343,1785929199706,51600,0,5305055,0,6992718,0
344,1785929199715,51662,0,5304787,0,6992577,0
345,1785929199726,51844,0,5304528,0,6992493,0
346,1785929199735,52053,0,5304528,0,6992270,0
347,1785929199746,52089,0,5304356,0,6992324,0
348,1785929199755,52136,0,5304267,0,6992207,0
349,1785929199768,52728,0,5304176,0,6992158,0
350,1785929199776,52991,0,5304085,0,6992160,0
351,1785929199786,53398,0,5303890,0,6991965,0
352,1785929199795,53912,0,5303836,0,6992118,0
353,1785929199806,54361,0,5303860,0,6992029,0
354,1785929199815,54691,0,5303628,0,6991932,0
355,1785929199826,55248,0,5303426,0,6991984,0
356,1785929199835,55774,0,5303367,0,6991839,0
357,1785929199846,55816,0,5303047,0,6991492,0
358,1785929199855,55793,0,5302922,0,6991280,0
359,1785929199866,55382,0,5302569,0,6990862,0
360,1785929199875,54466,0,5302146,0,6990188,0
361,1785929199891,53063,0,5301818,0,6989654,0
362,1785929199898,51307,0,5301563,0,6989239,0
363,1785929199908,49486,0,5301236,0,6988717,0
364,1785929199915,47115,0,5301012,0,6988376,0
365,1785929199928,45028,0,5300739,0,6987890,0
366,1785929199940,42778,0,5300477,0,6987550,0
367,1785929199946,40841,0,5300305,0,6987169,0
368,1785929199955,38652,0,5300026,0,6986730,0
369,1785929199966,36470,0,5299608,0,6986369,0
370,1785929199975,34445,0,5299114,0,6985769,0
371,1785929199990,32561,0,5298869,0,6985310,0
372,1785929199995,30683,0,5298474,0,6984935,0
373,1785929200007,29060,0,5298163,0,6984659,0
374,1785929200015,27588,0,5298035,0,6984461,0
375,1785929200026,26219,0,5297851,0,6984416,0
376,1785929200035,25287,0,5297635,0,6984173,0
377,1785929200046,24669,0,5297502,0,6983936,0
378,1785929200056,23675,0,5297185,0,6983809,0
379,1785929200066,22989,0,5296998,0,6983654,0
380,1785929200075,22383,0,5296756,0,6983606,0
381,1785929200088,22170,0,5296484,0,6983389,0
382,1785929200095,21733,0,5296324,0,6983155,0
383,1785929200106,21224,0,5296131,0,6983161,0
384,1785929200115,21148,0,5295788,0,6982822,0
385,1785929200126,20669,0,5295580,0,6982630,0
386,1785929200136,20346,0,5295292,0,6982390,0
387,1785929200147,20155,0,5295141,0,6982273,0
388,1785929200156,19905,0,5294992,0,6982214,0
389,1785929200166,19505,0,5294861,0,6982011,0
390,1785929200176,19431,0,5294870,0,6982022,0
391,1785929200186,19320,0,5294859,0,6982018,0
392,1785929200196,18958,0,5294735,0,6981781,0
393,1785929200206,18835,0,5294381,0,6981472,0
394,1785929200216,18366,0,5294153,0,6981307,0
395,1785929200227,17874,0,5293931,0,6980939,0
396,1785929200236,17407,0,5293733,0,6980954,0
397,1785929200249,16919,0,5293419,0,6980739,0
398,1785929200257,16628,0,5293392,0,6980594,0
399,1785929200266,16320,0,5293114,0,6980281,0
400,1785929200276,15869,0,5293009,0,6980147,0
401,1785929200286,15798,0,5292723,0,6980133,0
402,1785929200296,15431,0,5292538,0,6979811,0
403,1785929200306,15194,0,5292180,0,6979567,0
404,1785929200316,14975,0,5292012,0,6979466,0
405,1785929200326,14558,0,5291952,0,6979307,0
406,1785929200336,14704,0,5291779,0,6979338,0
407,1785929200346,14652,0,5291676,0,6979393,0
408,1785929200356,14829,0,5291518,0,6979164,0
409,1785929200366,14906,0,5291479,0,6978999,0
410,1785929200376,15273,0,5291358,0,6979149,0
411,1785929200387,15525,0,5291183,0,6978966,0
412,1785929200396,15700,0,5290996,0,6978972,0
413,1785929200409,16345,0,5290977,0,6978901,0
414,1785929200416,16729,0,5290986,0,6978875,0
415,1785929200427,17260,0,5290802,0,6979006,0
416,1785929200436,17351,0,5290679,0,6978899,0
417,1785929200446,17519,0,5290466,0,6978738,0
418,1785929200456,18019,0,5290293,0,6978566,0
419,1785929200466,17889,0,5289977,0,6978326,0
420,1785929200476,17460,0,5289723,0,6977819,0
421,1785929200486,16975,0,5289445,0,6977540,0
422,1785929200496,15661,0,5289135,0,6976991,0
423,1785929200506,14293,0,5288804,0,6976481,0
424,1785929200516,12190,0,5288507,0,6975846,0
425,1785929200527,10173,0,5288107,0,6975273,0
426,1785929200536,7791,0,5287826,0,6974611,0
427,1785929200547,5490,0,5287612,0,6974281,0
428,1785929200556,3042,0,5287170,0,6973798,0
429,1785929200568,509,0,5287021,0,6973381,0
430,1785929200576,-1888,0,5286730,0,6973067,0
431,1785929200587,-4068,0,5286494,0,6972612,0
432,1785929200596,-6133,0,5286295,0,6972333,0
433,1785929200607,-8075,0,5285978,0,6972004,0
434,1785929200616,-9825,0,5285750,0,6971558,0
435,1785929200627,-11472,0,5285438,0,6971218,0
436,1785929200636,-12938,0,5285213,0,6971180,0
437,1785929200647,-14386,0,5284938,0,6970918,0
438,1785929200656,-15853,0,5284800,0,6970713,0
439,1785929200667,-16735,0,5284702,0,6970555,0
440,1785929200677,-17584,0,5284441,0,6970500,0
441,1785929200687,-18377,0,5284264,0,6970349,0
442,1785929200696,-19091,0,5284022,0,6969998,0
443,1785929200708,-19477,0,5283822,0,6969970,0
444,1785929200716,-19941,0,5283774,0,6969934,0
445,1785929200730,-19910,0,5283660,0,6969715,0
446,1785929200737,-20267,0,5283394,0,6969648,0
447,1785929200747,-20311,0,5283257,0,6969516,0
448,1785929200757,-20801,0,5283118,0,6969308,0
449,1785929200767,-21075,0,5282836,0,6969158,0
450,1785929200777,-21180,0,5282849,0,6969149,0
451,1785929200787,-21346,0,5282607,0,6968777,0
452,1785929200797,-21670,0,5282463,0,6968781,0
453,1785929200807,-21991,0,5282409,0,6968545,0
454,1785929200817,-22481,0,5282196,0,6968355,0
455,1785929200827,-22707,0,5282054,0,6968204,0
456,1785929200837,-23331,0,5281690,0,6968058,0
457,1785929200847,-23700,0,5281474,0,6967894,0
458,1785929200857,-24620,0,5281101,0,6967470,0
459,1785929200868,-24984,0,5280942,0,6967168,0
460,1785929200877,-25618,0,5280756,0,6967076,0
461,1785929200889,-25996,0,5280467,0,6966965,0
462,1785929200897,-26523,0,5280304,0,6966595,0
463,1785929200907,-26884,0,5280183,0,6966622,0
464,1785929200917,-27106,0,5279934,0,6966484,0
465,1785929200929,-27541,0,5279752,0,6966252,0
466,1785929200937,-27622,0,5279688,0,6966111,0
467,1785929200947,-27786,0,5279471,0,6965975,0
468,1785929200957,-27963,0,5279367,0,6965835,0
469,1785929200967,-27933,0,5279262,0,6965860,0
470,1785929200977,-27902,0,5279324,0,6965813,0
471,1785929200987,-28098,0,5278944,0,6965712,0
472,1785929200997,-28138,0,5278721,0,6965641,0
473,1785929201007,-27986,0,5278694,0,6965591,0
474,1785929201017,-28194,0,5278307,0,6965316,0
475,1785929201029,-28060,0,5278259,0,6965113,0
476,1785929201037,-28052,0,5278168,0,6965030,0
477,1785929201052,-27615,0,5278028,0,6965196,0
478,1785929201057,-27536,0,5277987,0,6965088,0
479,1785929201068,-27054,0,5277887,0,6965189,0
480,1785929201078,-26741,0,5277654,0,6964969,0
481,1785929201088,-26454,0,5277477,0,6964740,0
482,1785929201097,-26224,0,5277316,0,6964815,0
483,1785929201108,-26091,0,5277123,0,6964532,0
484,1785929201117,-26298,0,5276844,0,6964194,0
485,1785929201128,-26762,0,5276611,0,6963830,0
486,1785929201137,-27713,0,5276399,0,6963449,0
487,1785929201148,-29005,0,5276221,0,6962997,0
488,1785929201157,-30630,0,5275914,0,6962545,0
489,1785929201168,-32566,0,5275837,0,6961946,0
490,1785929201178,-34619,0,5275568,0,6961460,0
491,1785929201192,-36909,0,5275381,0,6961153,0
492,1785929201197,-39126,0,5275262,0,6960787,0
493,1785929201209,-41447,0,5275023,0,6960399,0
494,1785929201218,-43513,0,5274897,0,6960184,0
495,1785929201228,-45434,0,5274741,0,6959739,0
496,1785929201238,-47226,0,5274467,0,6959536,0
497,1785929201248,-48982,0,5274238,0,6959081,0
498,1785929201258,-50707,0,5274155,0,6958872,0
499,1785929201268,-52344,0,5273831,0,6958375,0
500,1785929201278,-53863,0,5273762,0,6958610,0
501,1785929201288,-54871,0,5273812,0,6958341,0
502,1785929201298,-56373,0,5273631,0,6958199,0
503,1785929201311,-57277,0,5273416,0,6957961,0
504,1785929201318,-58360,0,5273150,0,6957832,0
505,1785929201328,-59198,0,5272968,0,6957671,0
506,1785929201338,-59995,0,5272838,0,6957490,0
507,1785929201355,-60707,0,5272797,0,6957462,0
508,1785929201359,-61088,0,5272623,0,6957490,0
509,1785929201371,-61323,0,5272637,0,6957333,0
510,1785929201378,-61191,0,5272877,0,6957560,0
511,1785929201389,-61043,0,5272784,0,6957701,0
512,1785929201398,-61022,0,5272604,0,6957615,0
513,1785929201414,-60820,0,5272613,0,6957494,0
514,1785929201434,-60542,0,5272526,0,6957553,0
515,1785929201434,-60338,0,5272536,0,6957566,0
516,1785929201438,-59896,0,5272727,0,6957887,0
517,1785929201448,-59512,0,5272968,0,6957899,0
518,1785929201458,-59040,0,5272983,0,6957805,0
519,1785929201469,-58641,0,5272872,0,6957923,0
520,1785929201478,-58400,0,5272958,0,6958088,0
521,1785929201490,-58171,0,5272732,0,6957957,0
522,1785929201498,-58451,0,5272607,0,6957750,0
523,1785929201509,-58504,0,5272488,0,6957468,0
524,1785929201518,-58674,0,5272193,0,6957429,0
525,1785929201531,-58796,0,5272212,0,6957340,0
526,1785929201538,-58977,0,5272033,0,6957382,0
527,1785929201549,-59022,0,5272085,0,6957301,0
528,1785929201558,-58760,0,5272119,0,6957263,0
529,1785929201569,-58499,0,5272011,0,6957313,0
530,1785929201579,-58468,0,5271784,0,6957223,0
531,1785929201589,-58099,0,5271770,0,6957067,0
532,1785929201599,-58090,0,5271717,0,6957069,0
533,1785929201609,-57718,0,5271714,0,6957141,0
534,1785929201619,-57078,0,5271906,0,6957459,0
535,1785929201629,-56545,0,5272071,0,6957595,0
536,1785929201639,-55694,0,5272053,0,6957720,0
537,1785929201649,-55036,0,5271939,0,6957699,0
538,1785929201659,-54237,0,5272068,0,6957661,0
539,1785929201670,-53482,0,5272032,0,6957700,0
540,1785929201679,-52898,0,5272168,0,6957929,0
541,1785929201692,-51871,0,5272081,0,6958027,0
542,1785929201699,-50946,0,5272215,0,6958278,0
543,1785929201709,-50129,0,5272166,0,6958319,0
544,1785929201719,-49026,0,5272245,0,6958488,0
545,1785929201730,-48165,0,5272101,0,6958507,0
546,1785929201739,-47343,0,5271963,0,6958461,0
547,1785929201749,-46709,0,5271881,0,6958475,0
548,1785929201759,-45819,0,5272038,0,6958622,0
549,1785929201769,-44763,0,5272181,0,6958702,0
550,1785929201779,-43598,0,5272210,0,6958957,0
551,1785929201790,-42660,0,5272294,0,6959029,0
552,1785929201799,-41920,0,5272283,0,6958990,0
553,1785929201809,-41515,0,5272085,0,6958667,0
554,1785929201819,-41851,0,5271818,0,6958069,0
555,1785929201830,-42461,0,5271469,0,6957604,0
556,1785929201839,-43906,0,5271137,0,6957189,0
557,1785929201851,-45568,0,5271218,0,6956849,0
558,1785929201859,-47144,0,5271113,0,6956501,0
559,1785929201870,-48965,0,5270953,0,6956206,0
560,1785929201879,-50698,0,5270630,0,6955834,0
561,1785929201889,-52878,0,5270319,0,6955327,0
562,1785929201900,-55084,0,5269958,0,6954798,0
563,1785929201910,-57023,0,5269739,0,6954397,0
564,1785929201919,-58758,0,5269521,0,6954123,0
565,1785929201930,-60541,0,5269422,0,6953921,0
566,1785929201939,-62023,0,5269205,0,6953746,0
567,1785929201950,-63204,0,5269210,0,6953549,0
568,1785929201959,-64271,0,5269167,0,6953568,0
569,1785929201970,-65148,0,5269030,0,6953369,0
570,1785929201979,-66029,0,5269021,0,6953404,0
571,1785929201991,-66661,0,5268936,0,6953416,0
572,1785929202000,-67406,0,5268793,0,6953209,0
573,1785929202012,-67596,0,5268637,0,6953134,0
574,1785929202019,-68002,0,5268514,0,6953203,0
575,1785929202030,-68299,0,5268416,0,6953014,0
576,1785929202040,-68426,0,5268325,0,6953078,0
577,1785929202050,-68578,0,5268154,0,6952920,0
578,1785929202060,-68618,0,5268103,0,6953177,0
579,1785929202070,-68489,0,5268169,0,6953063,0
580,1785929202080,-68253,0,5268185,0,6952896,0
581,1785929202090,-67821,0,5268236,0,6953250,0
582,1785929202100,-67587,0,5268013,0,6953177,0
583,1785929202110,-67187,0,5268090,0,6953026,0
584,1785929202120,-67283,0,5267838,0,6952866,0
585,1785929202131,-66901,0,5267705,0,6952872,0
586,1785929202140,-66972,0,5267587,0,6952719,0
587,1785929202151,-66874,0,5267465,0,6952598,0
588,1785929202160,-66978,0,5267495,0,6952751,0
589,1785929202172,-66909,0,5267435,0,6952721,0
590,1785929202180,-66893,0,5267344,0,6952589,0
591,1785929202190,-66697,0,5267333,0,6952628,0
592,1785929202200,-66651,0,5267425,0,6952610,0
593,1785929202211,-66610,0,5267290,0,6952488,0
594,1785929202220,-66489,0,5267124,0,6952505,0
595,1785929202231,-66397,0,5267036,0,6952350,0
596,1785929202240,-66330,0,5267078,0,6952420,0
597,1785929202250,-66129,0,5267023,0,6952377,0
598,1785929202260,-65975,0,5266818,0,6952319,0
599,1785929202271,-65768,0,5266850,0,6952309,0
600,1785929202280,-65352,0,5266723,0,6952205,0
601,1785929202291,-65199,0,5266664,0,6952356,0
602,1785929202300,-64671,0,5266576,0,6952453,0
603,1785929202311,-64184,0,5266674,0,6952349,0
604,1785929202320,-63757,0,5266648,0,6952434,0
605,1785929202334,-63300,0,5266565,0,6952429,0
606,1785929202340,-62830,0,5266470,0,6952262,0
607,1785929202351,-62434,0,5266260,0,6952422,0
608,1785929202360,-61927,0,5266244,0,6952413,0
609,1785929202371,-61321,0,5266333,0,6952544,0
610,1785929202381,-60743,0,5266220,0,6952593,0
611,1785929202391,-60037,0,5266446,0,6952778,0
612,1785929202401,-59471,0,5266230,0,6952753,0
613,1785929202411,-58739,0,5266245,0,6952705,0
614,1785929202420,-58033,0,5266162,0,6952754,0
615,1785929202431,-57301,0,5266137,0,6952875,0
616,1785929202441,-56431,0,5266301,0,6953017,0
617,1785929202451,-55587,0,5266257,0,6953215,0
618,1785929202461,-54482,0,5266229,0,6953156,0
619,1785929202472,-53701,0,5266196,0,6953216,0
620,1785929202481,-52873,0,5266150,0,6953177,0
621,1785929202493,-52132,0,5266099,0,6953333,0
622,1785929202501,-51239,0,5266120,0,6953500,0
623,1785929202511,-50647,0,5265975,0,6953295,0
624,1785929202521,-49544,0,5265951,0,6953356,0
625,1785929202532,-48872,0,5265910,0,6953541,0
626,1785929202541,-47905,0,5266033,0,6953713,0
627,1785929202551,-47082,0,5266072,0,6953559,0
628,1785929202561,-46360,0,5265821,0,6953573,0
629,1785929202571,-45782,0,5265862,0,6953616,0
630,1785929202581,-45101,0,5265706,0,6953384,0
631,1785929202591,-45156,0,5265632,0,6953158,0
632,1785929202601,-45294,0,5265543,0,6952723,0
633,1785929202611,-46010,0,5265347,0,6952297,0
634,1785929202621,-46979,0,5265229,0,6952052,0
635,1785929202633,-48198,0,5265107,0,6951719,0
636,1785929202641,-49537,0,5264956,0,6951429,0
637,1785929202654,-51238,0,5264800,0,6950952,0
638,1785929202661,-52856,0,5264629,0,6950510,0
639,1785929202671,-54568,0,5264571,0,6950400,0
640,1785929202681,-56190,0,5264425,0,6950155,0
641,1785929202692,-57681,0,5264195,0,6949871,0
642,1785929202701,-59312,0,5264271,0,6949616,0
643,1785929202712,-60542,0,5264085,0,6949450,0
644,1785929202721,-61690,0,5263963,0,6949329,0
645,1785929202732,-62724,0,5263931,0,6949132,0
646,1785929202741,-63456,0,5263871,0,6948942,0
647,1785929202752,-64177,0,5263726,0,6948946,0
648,1785929202761,-64676,0,5263724,0,6949073,0
649,1785929202772,-65150,0,5263761,0,6948862,0
650,1785929202782,-65299,0,5263745,0,6949098,0
651,1785929202792,-65420,0,5263796,0,6949126,0
652,1785929202801,-65385,0,5263728,0,6949099,0
653,1785929202814,-65142,0,5263832,0,6949250,0
654,1785929202822,-64877,0,5263840,0,6949280,0
655,1785929202833,-64710,0,5263814,0,6949494,0
656,1785929202842,-64364,0,5263751,0,6949535,0
657,1785929202852,-63882,0,5263828,0,6949558,0
658,1785929202862,-63335,0,5263923,0,6949494,0
659,1785929202872,-62995,0,5263895,0,6949916,0
660,1785929202882,-62639,0,5263878,0,6949758,0
661,1785929202892,-62212,0,5263823,0,6949853,0
662,1785929202903,-61814,0,5263946,0,6949834,0
663,1785929202912,-61411,0,5263832,0,6949754,0
664,1785929202922,-61020,0,5263753,0,6949664,0
665,1785929202934,-60820,0,5263809,0,6949803,0
666,1785929202942,-60496,0,5263676,0,6949747,0
667,1785929202953,-60321,0,5263633,0,6949712,0
668,1785929202963,-60180,0,5263584,0,6949482,0
669,1785929202975,-60092,0,5263535,0,6949653,0
670,1785929202982,-60027,0,5263455,0,6949503,0
671,1785929202993,-59838,0,5263342,0,6949345,0
672,1785929203002,-59555,0,5263382,0,6949413,0
673,1785929203012,-59421,0,5263366,0,6949404,0
674,1785929203022,-59056,0,5263347,0,6949372,0
675,1785929203033,-59054,0,5263124,0,6949221,0
676,1785929203042,-58726,0,5263244,0,6949301,0
677,1785929203053,-58491,0,5263112,0,6949250,0
678,1785929203062,-58252,0,5263015,0,6949143,0
679,1785929203073,-57958,0,5263168,0,6949374,0
680,1785929203082,-57427,0,5263057,0,6949353,0
681,1785929203093,-56961,0,5263135,0,6949632,0
682,1785929203102,-56407,0,5263057,0,6949560,0
683,1785929203114,-55884,0,5263121,0,6949586,0
684,1785929203123,-55331,0,5263026,0,6949665,0
685,1785929203136,-54780,0,5263102,0,6949725,0
686,1785929203143,-54132,0,5263161,0,6949809,0
687,1785929203155,-53456,0,5262977,0,6949873,0
688,1785929203163,-52833,0,5262909,0,6949819,0
689,1785929203173,-52077,0,5262912,0,6949789,0
690,1785929203183,-51514,0,5263021,0,6949995,0
691,1785929203193,-50788,0,5262915,0,6950052,0
692,1785929203203,-50289,0,5262773,0,6950121,0
693,1785929203214,-49648,0,5262736,0,6949911,0
694,1785929203223,-49171,0,5262507,0,6949927,0
695,1785929203234,-48486,0,5262664,0,6950049,0
696,1785929203243,-47851,0,5262714,0,6950136,0
697,1785929203253,-47074,0,5262634,0,6950254,0
698,1785929203263,-46183,0,5262715,0,6950311,0
699,1785929203274,-45391,0,5262646,0,6950250,0
700,1785929203283,-44865,0,5262422,0,6950231,0
701,1785929203296,-44138,0,5262350,0,6950235,0
702,1785929203303,-43747,0,5262401,0,6950166,0
703,1785929203314,-43317,0,5262268,0,6950028,0
704,1785929203323,-42811,0,5262186,0,6950029,0
705,1785929203334,-42430,0,5262150,0,6949917,0
706,1785929203343,-42399,0,5262174,0,6949718,0
707,1785929203354,-42628,0,5261999,0,6949473,0
708,1785929203363,-43267,0,5261819,0,6949036,0
709,1785929203374,-44178,0,5261732,0,6948650,0
710,1785929203383,-45322,0,5261575,0,6948508,0
711,1785929203394,-46601,0,5261649,0,6948077,0
712,1785929203403,-48088,0,5261500,0,6947858,0
713,1785929203414,-49344,0,5261240,0,6947642,0
714,1785929203423,-50873,0,5261167,0,6947308,0
715,1785929203435,-52487,0,5260938,0,6946916,0
716,1785929203443,-53848,0,5260623,0,6946539,0
717,1785929203456,-55380,0,5260537,0,6946440,0
718,1785929203464,-56578,0,5260410,0,6946180,0
719,1785929203474,-57683,0,5260366,0,6946175,0
720,1785929203484,-58403,0,5260366,0,6946212,0
721,1785929203494,-58786,0,5260335,0,6946296,0
722,1785929203504,-59254,0,5260234,0,6946179,0
723,1785929203514,-59742,0,5260210,0,6946120,0
724,1785929203524,-59878,0,5260133,0,6946140,0
725,1785929203535,-60025,0,5260055,0,6946097,0
726,1785929203544,-60065,0,5260010,0,6946056,0
727,1785929203554,-60070,0,5260023,0,6946224,0
728,1785929203564,-59846,0,5259979,0,6946193,0
729,1785929203574,-59594,0,5260022,0,6946372,0
730,1785929203584,-59209,0,5260011,0,6946480,0
731,1785929203595,-58726,0,5259935,0,6946420,0
732,1785929203604,-58233,0,5260072,0,6946592,0
733,1785929203617,-57687,0,5260156,0,6946677,0
734,1785929203624,-57296,0,5260144,0,6946728,0
735,1785929203635,-56989,0,5260064,0,6946537,0
736,1785929203644,-56553,0,5260052,0,6946693,0
737,1785929203654,-56300,0,5259879,0,6946538,0
738,1785929203664,-55968,0,5259966,0,6946736,0
739,1785929203674,-55774,0,5259837,0,6946445,0
740,1785929203684,-55519,0,5259847,0,6946601,0
741,1785929203695,-55252,0,5259805,0,6946566,0
742,1785929203704,-55133,0,5259783,0,6946564,0
743,1785929203715,-54990,0,5259753,0,6946567,0
744,1785929203724,-54958,0,5259481,0,6946347,0
745,1785929203735,-54677,0,5259650,0,6946336,0
746,1785929203745,-54621,0,5259653,0,6946541,0
747,1785929203756,-54348,0,5259648,0,6946442,0
748,1785929203765,-54028,0,5259431,0,6946332,0
749,1785929203777,-53956,0,5259291,0,6946360,0
750,1785929203784,-53733,0,5259185,0,6946177,0
751,1785929203795,-53514,0,5259088,0,6946271,0
752,1785929203805,-53163,0,5259112,0,6946215,0
753,1785929203815,-52851,0,5259136,0,6946365,0
754,1785929203826,-52410,0,5259223,0,6946314,0
755,1785929203836,-51846,0,5259085,0,6946517,0
756,1785929203845,-51289,0,5259126,0,6946514,0
757,1785929203855,-50737,0,5259144,0,6946504,0
758,1785929203865,-50331,0,5259003,0,6946625,0
759,1785929203882,-49760,0,5259128,0,6946607,0
760,1785929203885,-49184,0,5258940,0,6946670,0
761,1785929203895,-48558,0,5258984,0,6946793,0
762,1785929203905,-48027,0,5258886,0,6946688,0
763,1785929203916,-47435,0,5258880,0,6946860,0
764,1785929203926,-46698,0,5258970,0,6946906,0
765,1785929203938,-45910,0,5258967,0,6946987,0
766,1785929203946,-45254,0,5259059,0,6947123,0
767,1785929203956,-44501,0,5259054,0,6947246,0
768,1785929203965,-43642,0,5259029,0,6947317,0
769,1785929203976,-42946,0,5259069,0,6947559,0
770,1785929203987,-41992,0,5259096,0,6947526,0
771,1785929203996,-41067,0,5259095,0,6947581,0
772,1785929204006,-40203,0,5259106,0,6947553,0
773,1785929204016,-39664,0,5258971,0,6947505,0
774,1785929204025,-39136,0,5258984,0,6947311,0
775,1785929204036,-38983,0,5258928,0,6947085,0
776,1785929204046,-39181,0,5258693,0,6946988,0
777,1785929204056,-39619,0,5258748,0,6946600,0
778,1785929204066,-40495,0,5258649,0,6946423,0
779,1785929204077,-41406,0,5258623,0,6946147,0
780,1785929204086,-42569,0,5258513,0,6945716,0
781,1785929204098,-43896,0,5258453,0,6945509,0
782,1785929204105,-45310,0,5258288,0,6945251,0
783,1785929204116,-46591,0,5258203,0,6945048,0
784,1785929204125,-47901,0,5258166,0,6944886,0
785,1785929204136,-49112,0,5258106,0,6944625,0
786,1785929204146,-50193,0,5258124,0,6944673,0
787,1785929204156,-51087,0,5258010,0,6944544,0
788,1785929204165,-51914,0,5258024,0,6944459,0
789,1785929204176,-52648,0,5257954,0,6944412,0
790,1785929204185,-53493,0,5257954,0,6944315,0
791,1785929204196,-54039,0,5257960,0,6944250,0
792,1785929204205,-54394,0,5257913,0,6944398,0
793,1785929204216,-54546,0,5257926,0,6944368,0
794,1785929204226,-54617,0,5258008,0,6944446,0
795,1785929204237,-54349,0,5258029,0,6944733,0
796,1785929204245,-54103,0,5258125,0,6944691,0
797,1785929204259,-53982,0,5258234,0,6944938,0
798,1785929204265,-53444,0,5258052,0,6944904,0
799,1785929204276,-52978,0,5257915,0,6944738,0
800,1785929204285,-52820,0,5257989,0,6944868,0
801,1785929204296,-52354,0,5257957,0,6944829,0
802,1785929204306,-52187,0,5257804,0,6944881,0
803,1785929204316,-51827,0,5257890,0,6944794,0
804,1785929204326,-51424,0,5257857,0,6945014,0
805,1785929204336,-51101,0,5258018,0,6945049,0
806,1785929204346,-50468,0,5258064,0,6945199,0
807,1785929204356,-50036,0,5257893,0,6945009,0
808,1785929204366,-49667,0,5258047,0,6945268,0
809,1785929204376,-49438,0,5258032,0,6945264,0
810,1785929204386,-49043,0,5257897,0,6945127,0
811,1785929204397,-48772,0,5257828,0,6945049,0
812,1785929204406,-48511,0,5257879,0,6945103,0
813,1785929204417,-48299,0,5257724,0,6945009,0
814,1785929204426,-48230,0,5257750,0,6945089,0
815,1785929204437,-48035,0,5257866,0,6945109,0
816,1785929204446,-47780,0,5257833,0,6945070,0
817,1785929204461,-47472,0,5257791,0,6945187,0
818,1785929204466,-47014,0,5257845,0,6945289,0
819,1785929204484,-46702,0,5257750,0,6945254,0
820,1785929204486,-46357,0,5257772,0,6945257,0
821,1785929204496,-45892,0,5257688,0,6945370,0
822,1785929204506,-45215,0,5257657,0,6945369,0
823,1785929204516,-44985,0,5257626,0,6945327,0
824,1785929204526,-44401,0,5257747,0,6945507,0
825,1785929204536,-43797,0,5257704,0,6945503,0
826,1785929204546,-43242,0,5257719,0,6945744,0
827,1785929204557,-42503,0,5257774,0,6945762,0
828,1785929204566,-41882,0,5257807,0,6946093,0
829,1785929204579,-41072,0,5257760,0,6946148,0
830,1785929204586,-40448,0,5257851,0,6945981,0
831,1785929204596,-39702,0,5257712,0,6946099,0
832,1785929204606,-39001,0,5257812,0,6946270,0
833,1785929204616,-38315,0,5257890,0,6946242,0
834,1785929204626,-37806,0,5257875,0,6946539,0
835,1785929204637,-36837,0,5257906,0,6946587,0
836,1785929204646,-35815,0,5257962,0,6946752,0
837,1785929204656,-34701,0,5257996,0,6946875,0
838,1785929204666,-34137,0,5258083,0,6947063,0
839,1785929204677,-33113,0,5258019,0,6947116,0
840,1785929204686,-32256,0,5258060,0,6947107,0
841,1785929204697,-31590,0,5258051,0,6947153,0
842,1785929204706,-30953,0,5257997,0,6947054,0
843,1785929204719,-30374,0,5257981,0,6947014,0
844,1785929204726,-30226,0,5257963,0,6946737,0
845,1785929204739,-30574,0,5258009,0,6946539,0
846,1785929204746,-30989,0,5257979,0,6946341,0
847,1785929204756,-31745,0,5257833,0,6946024,0
848,1785929204766,-32787,0,5257723,0,6945552,0
849,1785929204777,-34181,0,5257676,0,6945215,0
850,1785929204786,-35401,0,5257615,0,6945079,0
851,1785929204797,-37148,0,5257413,0,6944758,0
852,1785929204806,-38856,0,5257268,0,6944466,0
853,1785929204816,-40111,0,5257147,0,6944229,0
854,1785929204826,-41752,0,5256968,0,6943827,0
855,1785929204837,-43204,0,5256914,0,6943809,0
856,1785929204846,-44464,0,5256928,0,6943656,0
857,1785929204857,-45320,0,5256866,0,6943587,0
858,1785929204866,-46179,0,5256898,0,6943711,0
859,1785929204877,-46726,0,5256938,0,6943668,0
860,1785929204886,-47265,0,5256887,0,6943607,0
861,1785929204899,-47801,0,5256789,0,6943809,0
862,1785929204909,-47987,0,5256927,0,6943605,0
863,1785929204917,-48097,0,5256837,0,6943553,0
864,1785929204926,-48333,0,5257046,0,6943646,0
865,1785929204937,-48275,0,5256945,0,6943895,0
866,1785929204947,-48089,0,5257019,0,6944056,0
867,1785929204959,-47557,0,5257102,0,6944099,0
868,1785929204966,-47160,0,5257118,0,6944410,0
869,1785929204977,-46596,0,5257134,0,6944399,0
870,1785929204986,-46168,0,5257160,0,6944531,0
871,1785929204997,-45748,0,5257145,0,6944396,0
872,1785929205009,-45288,0,5257126,0,6944532,0
873,1785929205017,-45134,0,5257049,0,6944603,0
874,1785929205026,-44680,0,5257049,0,6944530,0
875,1785929205039,-44308,0,5257162,0,6944732,0
876,1785929205047,-44042,0,5257117,0,6944754,0
877,1785929205059,-43717,0,5257098,0,6944770,0
878,1785929205067,-43334,0,5257011,0,6944677,0
879,1785929205077,-43368,0,5256956,0,6944556,0
880,1785929205087,-42910,0,5257131,0,6944689,0
881,1785929205097,-42681,0,5256925,0,6944585,0
882,1785929205109,-42259,0,5257019,0,6944667,0
883,1785929205117,-42024,0,5256958,0,6944819,0
884,1785929205128,-41763,0,5257028,0,6944857,0
885,1785929205137,-41628,0,5256863,0,6944604,0
886,1785929205147,-41366,0,5256768,0,6944730,0
887,1785929205160,-41255,0,5256729,0,6944734,0
888,1785929205167,-41019,0,5256728,0,6944792,0
889,1785929205205,-40725,0,5256716,0,6944709,0
890,1785929205205,-40318,0,5256672,0,6944772,0
891,1785929205205,-39768,0,5256620,0,6944874,0
892,1785929205210,-39366,0,5256562,0,6944873,0
893,1785929205220,-38826,0,5256525,0,6944848,0
894,1785929205227,-38574,0,5256394,0,6944786,0
895,1785929205241,-37854,0,5256316,0,6944898,0
896,1785929205247,-37591,0,5256138,0,6944845,0
897,1785929205258,-37041,0,5256166,0,6944842,0
898,1785929205267,-36138,0,5256055,0,6944837,0
899,1785929205277,-35755,0,5256003,0,6944927,0
900,1785929205287,-35343,0,5255856,0,6944874,0
901,1785929205297,-34783,0,5255707,0,6945083,0
902,1785929205308,-34098,0,5255677,0,6945086,0
903,1785929205317,-33500,0,5255670,0,6945086,0
904,1785929205327,-32846,0,5255692,0,6945095,0
905,1785929205341,-32085,0,5255556,0,6945301,0
906,1785929205347,-31527,0,5255420,0,6945159,0
907,1785929205358,-30723,0,5255290,0,6945096,0
908,1785929205367,-30171,0,5255051,0,6945125,0
909,1785929205379,-29874,0,5255002,0,6945052,0
910,1785929205391,-29405,0,5254876,0,6944910,0
911,1785929205398,-28991,0,5254674,0,6944614,0
912,1785929205408,-29052,0,5254633,0,6944450,0
913,1785929205418,-29338,0,5254471,0,6944287,0
914,1785929205428,-29887,0,5254310,0,6943852,0
915,1785929205441,-30974,0,5254235,0,6943566,0
916,1785929205448,-32283,0,5254066,0,6943212,0
917,1785929205458,-33701,0,5253863,0,6942727,0
918,1785929205468,-35307,0,5253752,0,6942435,0
919,1785929205478,-37068,0,5253675,0,6942039,0
920,1785929205491,-38640,0,5253478,0,6941956,0
921,1785929205498,-40452,0,5253261,0,6941669,0
922,1785929205508,-42131,0,5253096,0,6941290,0
923,1785929205519,-43497,0,5252893,0,6941206,0
924,1785929205529,-44991,0,5252858,0,6940815,0
925,1785929205541,-45885,0,5252849,0,6940817,0
926,1785929205548,-47129,0,5252799,0,6940768,0
927,1785929205558,-47933,0,5252629,0,6940688,0
928,1785929205568,-48797,0,5252602,0,6940471,0
929,1785929205578,-49399,0,5252538,0,6940485,0
930,1785929205591,-49849,0,5252364,0,6940466,0
931,1785929205598,-50431,0,5252249,0,6940517,0
932,1785929205608,-50738,0,5252227,0,6940470,0
933,1785929205618,-50732,0,5252246,0,6940523,0
934,1785929205628,-50814,0,5252253,0,6940573,0
935,1785929205643,-50869,0,5252244,0,6940592,0
936,1785929205649,-50638,0,5252287,0,6940728,0
937,1785929205660,-50413,0,5252190,0,6940872,0
938,1785929205668,-50083,0,5252157,0,6940821,0
939,1785929205680,-49776,0,5252109,0,6940802,0
940,1785929205694,-49425,0,5252246,0,6940870,0
941,1785929205700,-49108,0,5252098,0,6940929,0
942,1785929205709,-48924,0,5252046,0,6940799,0
943,1785929205718,-48712,0,5251964,0,6940814,0
944,1785929205728,-48647,0,5251956,0,6940744,0
945,1785929205741,-48507,0,5251904,0,6940868,0
946,1785929205749,-48273,0,5251816,0,6940909,0
947,1785929205761,-48239,0,5251877,0,6940775,0
948,1785929205768,-48090,0,5251840,0,6940768,0
949,1785929205778,-47933,0,5251783,0,6940752,0
950,1785929205790,-47921,0,5251736,0,6940699,0
951,1785929205800,-47982,0,5251539,0,6940444,0
952,1785929205808,-48043,0,5251349,0,6940407,0
953,1785929205825,-48247,0,5251288,0,6940418,0
954,1785929205828,-48412,0,5251222,0,6940256,0
955,1785929205844,-48323,0,5251253,0,6940346,0
956,1785929205848,-48225,0,5251211,0,6940430,0
957,1785929205861,-48068,0,5251171,0,6940549,0
958,1785929205877,-47697,0,5251099,0,6940438,0
959,1785929205879,-47718,0,5251007,0,6940402,0
960,1785929205892,-47383,0,5251064,0,6940349,0
961,1785929205899,-47262,0,5250938,0,6940404,0
962,1785929205908,-46716,0,5250944,0,6940440,0
963,1785929205923,-46444,0,5251023,0,6940484,0
964,1785929205929,-45862,0,5251001,0,6940730,0
965,1785929205940,-45222,0,5251075,0,6940787,0
966,1785929205948,-44714,0,5251119,0,6940930,0
967,1785929205959,-44088,0,5251102,0,6940950,0
968,1785929205973,-43574,0,5250990,0,6941050,0
969,1785929205979,-43187,0,5251045,0,6941046,0
970,1785929205990,-42466,0,5251051,0,6941169,0
971,1785929206000,-41961,0,5251076,0,6941248,0
972,1785929206009,-41354,0,5250969,0,6941432,0
973,1785929206022,-40547,0,5250970,0,6941301,0
974,1785929206029,-40118,0,5250875,0,6941279,0
975,1785929206039,-39565,0,5250883,0,6941382,0
976,1785929206049,-39161,0,5250812,0,6941371,0
977,1785929206059,-38364,0,5250849,0,6941356,0
978,1785929206069,-37795,0,5250775,0,6941654,0
979,1785929206079,-37489,0,5250770,0,6941389,0
980,1785929206089,-37127,0,5250678,0,6941207,0
981,1785929206099,-37458,0,5250566,0,6940974,0
982,1785929206109,-38184,0,5250422,0,6940404,0
983,1785929206119,-39352,0,5250344,0,6940316,0
984,1785929206129,-40591,0,5250198,0,6939882,0
985,1785929206139,-42166,0,5250054,0,6939606,0
986,1785929206149,-43785,0,5249852,0,6939101,0
987,1785929206161,-45617,0,5249694,0,6938791,0
988,1785929206169,-47767,0,5249568,0,6938609,0
989,1785929206182,-49661,0,5249329,0,6938097,0
990,1785929206189,-51452,0,5249160,0,6937889,0
991,1785929206199,-53235,0,5249028,0,6937611,0
992,1785929206209,-54758,0,5248972,0,6937345,0
993,1785929206219,-56197,0,5248990,0,6937479,0
994,1785929206229,-57437,0,5248948,0,6937292,0
995,1785929206240,-58386,0,5248877,0,6937156,0
996,1785929206249,-59206,0,5248912,0,6937177,0
997,1785929206259,-60010,0,5248765,0,6937218,0
998,1785929206269,-60055,0,5248904,0,6937195,0
999,1785929206279,-60314,0,5249013,0,6937245,0
1000,1785929206289,-60507,0,5248945,0,6937406,0
1001,1785929206300,-60508,0,5249036,0,6937486,0
1002,1785929206310,-60351,0,5249179,0,6937633,0
1003,1785929206320,-60084,0,5249231,0,6937737,0
1004,1785929206329,-59713,0,5249308,0,6937818,0
1005,1785929206341,-59283,0,5249097,0,6937839,0
1006,1785929206349,-59015,0,5249070,0,6937749,0
1007,1785929206360,-58889,0,5248852,0,6937820,0
1008,1785929206370,-58975,0,5248891,0,6937647,0
1009,1785929206380,-58993,0,5248674,0,6937634,0
1010,1785929206390,-59099,0,5248604,0,6937382,0
1011,1785929206400,-59419,0,5248387,0,6937439,0
1012,1785929206409,-59625,0,5248125,0,6937101,0
1013,1785929206420,-60124,0,5248045,0,6937112,0
1014,1785929206430,-60292,0,5247886,0,6936741,0
1015,1785929206441,-61002,0,5247834,0,6936619,0
1016,1785929206450,-61231,0,5247722,0,6936587,0
1017,1785929206460,-61787,0,5247544,0,6936456,0
1018,1785929206470,-62231,0,5247272,0,6936272,0
1019,1785929206481,-62689,0,5247065,0,6936078,0
1020,1785929206490,-63146,0,5246991,0,6935897,0
1021,1785929206503,-63733,0,5246795,0,6935722,0
1022,1785929206510,-64216,0,5246849,0,6935753,0
1023,1785929206520,-64566,0,5246696,0,6935671,0
1024,1785929206530,-64908,0,5246628,0,6935659,0
1025,1785929206541,-64937,0,5246528,0,6935513,0
1026,1785929206550,-64821,0,5246522,0,6935529,0
1027,1785929206560,-65043,0,5246568,0,6935628,0
1028,1785929206570,-64923,0,5246511,0,6935523,0
1029,1785929206580,-64917,0,5246314,0,6935456,0
1030,1785929206590,-65081,0,5246325,0,6935474,0
1031,1785929206600,-64798,0,5246285,0,6935588,0
1032,1785929206610,-64639,0,5246152,0,6935604,0
1033,1785929206620,-64428,0,5246200,0,6935640,0
1034,1785929206630,-64111,0,5246032,0,6935599,0
1035,1785929206641,-64029,0,5246032,0,6935661,0
1036,1785929206650,-63848,0,5245924,0,6935668,0
1037,1785929206662,-63304,0,5246123,0,6935818,0
1038,1785929206670,-62995,0,5246116,0,6935892,0
1039,1785929206680,-62263,0,5246187,0,6935927,0
1040,1785929206691,-61780,0,5246045,0,6935885,0
1041,1785929206700,-61605,0,5245883,0,6935851,0
1042,1785929206711,-61330,0,5245749,0,6935679,0
1043,1785929206721,-61085,0,5245684,0,6935669,0
1044,1785929206730,-60991,0,5245617,0,6935549,0
1045,1785929206741,-61000,0,5245562,0,6935368,0
1046,1785929206750,-61535,0,5245455,0,6935052,0
1047,1785929206761,-62139,0,5245497,0,6934715,0
1048,1785929206771,-63376,0,5245427,0,6934553,0
1049,1785929206781,-64646,0,5245168,0,6934314,0
1050,1785929206791,-66061,0,5245089,0,6933749,0
1051,1785929206802,-68192,0,5244764,0,6933372,0
1052,1785929206811,-70442,0,5244450,0,6932843,0
1053,1785929206823,-72831,0,5244132,0,6932236,0
1054,1785929206830,-75021,0,5244111,0,6932111,0
1055,1785929206841,-77351,0,5243934,0,6931884,0
1056,1785929206851,-79370,0,5243618,0,6931464,0
1057,1785929206861,-81292,0,5243425,0,6931024,0
1058,1785929206871,-82883,0,5243197,0,6930839,0
1059,1785929206881,-84672,0,5243028,0,6930448,0
1060,1785929206891,-86077,0,5243024,0,6930591,0
1061,1785929206901,-87189,0,5243031,0,6930530,0
1062,1785929206911,-88136,0,5242876,0,6930483,0
1063,1785929206921,-88920,0,5242934,0,6930298,0
1064,1785929206931,-89413,0,5242968,0,6930380,0
1065,1785929206941,-89735,0,5242854,0,6930422,0
1066,1785929206951,-89794,0,5242936,0,6930581,0
1067,1785929206962,-90045,0,5242881,0,6930626,0
1068,1785929206971,-89934,0,5242719,0,6930555,0
1069,1785929206983,-89802,0,5242877,0,6930726,0
1070,1785929206991,-89777,0,5242711,0,6930687,0
1071,1785929207002,-89620,0,5242661,0,6930779,0
1072,1785929207011,-89550,0,5242860,0,6930842,0
1073,1785929207022,-89132,0,5242858,0,6930940,0
1074,1785929207031,-89058,0,5242793,0,6931022,0
1075,1785929207042,-88909,0,5242665,0,6930877,0
1076,1785929207053,-88992,0,5242580,0,6930802,0
1077,1785929207061,-89190,0,5242472,0,6930549,0
1078,1785929207072,-89403,0,5242346,0,6930462,0
1079,1785929207082,-89814,0,5242162,0,6930359,0
1080,1785929207092,-90221,0,5242042,0,6930273,0
1081,1785929207103,-90497,0,5242124,0,6930164,0
1082,1785929207111,-90655,0,5242045,0,6930076,0
1083,1785929207122,-90803,0,5241944,0,6930113,0
1084,1785929207131,-90916,0,5241839,0,6930009,0
1085,1785929207145,-91200,0,5241713,0,6929977,0
1086,1785929207151,-91326,0,5241823,0,6929807,0
1087,1785929207178,-91369,0,5241669,0,6929968,0
1088,1785929207178,-91067,0,5241746,0,6930074,0
1089,1785929207192,-91159,0,5241698,0,6929862,0
1090,1785929207192,-91138,0,5241591,0,6929840,0
1091,1785929207202,-91147,0,5241414,0,6929770,0
1092,1785929207211,-91155,0,5241434,0,6929717,0
1093,1785929207223,-91115,0,5241353,0,6929800,0
1094,1785929207231,-91122,0,5241356,0,6929891,0
1095,1785929207242,-90776,0,5241499,0,6929961,0
1096,1785929207252,-90308,0,5241374,0,6929963,0
1097,1785929207262,-90076,0,5241233,0,6930076,0
1098,1785929207272,-89567,0,5241192,0,6930147,0
1099,1785929207283,-89128,0,5241114,0,6930129,0
1100,1785929207292,-88751,0,5241016,0,6929896,0
1101,1785929207304,-88140,0,5240906,0,6929918,0
1102,1785929207312,-87762,0,5240857,0,6929951,0
1103,1785929207322,-87241,0,5240724,0,6929889,0
1104,1785929207332,-86660,0,5240774,0,6930006,0
1105,1785929207342,-85944,0,5240647,0,6929999,0
1106,1785929207352,-85472,0,5240618,0,6929914,0
1107,1785929207363,-84907,0,5240442,0,6929849,0
1108,1785929207372,-84545,0,5240411,0,6929932,0
1109,1785929207382,-83948,0,5240155,0,6929841,0
1110,1785929207392,-83617,0,5240055,0,6929637,0
1111,1785929207402,-83420,0,5239916,0,6929408,0
1112,1785929207412,-83782,0,5239822,0,6929042,0
1113,1785929207422,-84503,0,5239545,0,6928578,0
1114,1785929207432,-85479,0,5239436,0,6928274,0
1115,1785929207444,-87002,0,5239302,0,6927888,0
1116,1785929207452,-88668,0,5238975,0,6927398,0
1117,1785929207465,-90643,0,5238891,0,6926773,0
1118,1785929207472,-92932,0,5238603,0,6926381,0
1119,1785929207482,-95036,0,5238401,0,6926073,0
1120,1785929207492,-97128,0,5238271,0,6925642,0
1121,1785929207503,-99472,0,5238076,0,6925146,0
1122,1785929207512,-101514,0,5237877,0,6924801,0
1123,1785929207522,-103512,0,5237471,0,6924503,0
1124,1785929207532,-105427,0,5237246,0,6924092,0
1125,1785929207543,-106965,0,5237147,0,6923932,0
1126,1785929207552,-108454,0,5237040,0,6923810,0
1127,1785929207563,-109708,0,5236886,0,6923551,0
1128,1785929207572,-110807,0,5236886,0,6923449,0
1129,1785929207582,-111620,0,5236571,0,6923344,0
1130,1785929207593,-112461,0,5236423,0,6923027,0
1131,1785929207603,-113300,0,5236110,0,6922742,0
1132,1785929207613,-114005,0,5236099,0,6922698,0
1133,1785929207624,-114438,0,5236033,0,6922462,0
1134,1785929207632,-114841,0,5235752,0,6922282,0
1135,1785929207643,-114839,0,5235769,0,6922436,0
1136,1785929207652,-114903,0,5235513,0,6922278,0
1137,1785929207663,-114936,0,5235483,0,6922242,0
1138,1785929207673,-114905,0,5235297,0,6922105,0
1139,1785929207683,-114445,0,5235179,0,6921996,0
1140,1785929207693,-114400,0,5235142,0,6921880,0
1141,1785929207703,-114334,0,5234806,0,6921684,0
1142,1785929207713,-114266,0,5234772,0,6921345,0
1143,1785929207723,-114478,0,5234495,0,6921257,0
1144,1785929207733,-114364,0,5234256,0,6921092,0
1145,1785929207744,-114608,0,5234077,0,6920871,0
1146,1785929207753,-114572,0,5233937,0,6920678,0
1147,1785929207764,-114857,0,5233677,0,6920508,0
1148,1785929207773,-114910,0,5233508,0,6920338,0
1149,1785929207786,-115211,0,5233450,0,6920035,0
1150,1785929207793,-115450,0,5233140,0,6919612,0
1151,1785929207804,-115689,0,5232899,0,6919481,0
1152,1785929207813,-115929,0,5232747,0,6919323,0
1153,1785929207823,-115985,0,5232452,0,6919040,0
1154,1785929207833,-116348,0,5232260,0,6918911,0
1155,1785929207843,-116454,0,5232138,0,6918685,0
1156,1785929207853,-116611,0,5231812,0,6918397,0
1157,1785929207863,-116825,0,5231721,0,6918223,0
1158,1785929207873,-116783,0,5231502,0,6918137,0
1159,1785929207883,-116580,0,5231478,0,6918123,0
1160,1785929207893,-116668,0,5231419,0,6917943,0
1161,1785929207903,-116320,0,5231537,0,6918090,0
1162,1785929207913,-115929,0,5231302,0,6917925,0
1163,1785929207924,-115579,0,5231244,0,6917986,0
1164,1785929207936,-115144,0,5230988,0,6917648,0
1165,1785929207945,-114731,0,5230923,0,6917653,0
1166,1785929207953,-114404,0,5230929,0,6917672,0
1167,1785929207969,-113923,0,5230757,0,6917629,0
1168,1785929207973,-113301,0,5230521,0,6917496,0
1169,1785929207985,-112858,0,5230446,0,6917446,0
1170,1785929207993,-112401,0,5230441,0,6917201,0
1171,1785929208003,-111725,0,5230255,0,6917268,0
1172,1785929208013,-110949,0,5230369,0,6917244,0
1173,1785929208023,-110085,0,5230368,0,6917544,0
1174,1785929208033,-109423,0,5230382,0,6917665,0
1175,1785929208044,-108495,0,5230389,0,6917534,0
1176,1785929208053,-107641,0,5230284,0,6917612,0
1177,1785929208064,-106918,0,5230196,0,6917468,0
1178,1785929208073,-106160,0,5230096,0,6917513,0
1179,1785929208084,-105685,0,5229826,0,6917261,0
1180,1785929208093,-105181,0,5229709,0,6917031,0
1181,1785929208107,-104846,0,5229704,0,6916764,0
1182,1785929208114,-104874,0,5229568,0,6916736,0
1183,1785929208124,-105250,0,5229463,0,6916252,0
1184,1785929208134,-105822,0,5229431,0,6916082,0
1185,1785929208144,-106936,0,5229115,0,6915621,0
1186,1785929208154,-108757,0,5228852,0,6915099,0
1187,1785929208164,-110827,0,5228677,0,6914488,0
1188,1785929208173,-112946,0,5228251,0,6913753,0
1189,1785929208184,-115179,0,5228035,0,6913418,0
1190,1785929208194,-117462,0,5227736,0,6912790,0
1191,1785929208204,-119688,0,5227556,0,6912363,0
1192,1785929208214,-121894,0,5227188,0,6911742,0
1193,1785929208224,-123909,0,5226810,0,6911354,0
1194,1785929208234,-125720,0,5226698,0,6910896,0
1195,1785929208245,-127500,0,5226420,0,6910602,0
1196,1785929208254,-128917,0,5226334,0,6910395,0
1197,1785929208265,-130281,0,5226159,0,6910193,0
1198,1785929208274,-131185,0,5226127,0,6910146,0
1199,1785929208284,-132129,0,5225925,0,6909918,0
1200,1785929208294,-132735,0,5225774,0,6909644,0
1201,1785929208304,-133290,0,5225648,0,6909595,0
1202,1785929208314,-133834,0,5225599,0,6909420,0
1203,1785929208324,-134328,0,5225392,0,6909384,0
1204,1785929208334,-134536,0,5225432,0,6909249,0
1205,1785929208345,-134677,0,5225326,0,6909117,0
1206,1785929208354,-134490,0,5225113,0,6909027,0
1207,1785929208364,-134489,0,5225091,0,6909187,0
1208,1785929208374,-134497,0,5224875,0,6908924,0
1209,1785929208385,-134406,0,5224884,0,6908753,0
1210,1785929208394,-134342,0,5224865,0,6908762,0
1211,1785929208406,-134139,0,5224845,0,6908740,0
1212,1785929208414,-133869,0,5224783,0,6908805,0
1213,1785929208427,-133517,0,5224874,0,6908852,0
1214,1785929208434,-133306,0,5224827,0,6908878,0
1215,1785929208445,-133146,0,5224677,0,6908562,0
1216,1785929208454,-133237,0,5224530,0,6908416,0
1217,1785929208465,-133216,0,5224428,0,6908428,0
1218,1785929208474,-133415,0,5224373,0,6908249,0
1219,1785929208485,-133433,0,5224327,0,6908135,0
1220,1785929208494,-133629,0,5224217,0,6908123,0
1221,1785929208505,-133633,0,5224161,0,6907909,0
1222,1785929208514,-133768,0,5224055,0,6907849,0
1223,1785929208525,-133516,0,5224115,0,6907763,0
1224,1785929208534,-133506,0,5223965,0,6907658,0
1225,1785929208545,-133615,0,5223940,0,6907611,0
1226,1785929208554,-133405,0,5223804,0,6907655,0
1227,1785929208565,-133306,0,5223704,0,6907498,0
1228,1785929208574,-133055,0,5223787,0,6907586,0
1229,1785929208587,-132827,0,5223778,0,6907692,0
1230,1785929208594,-132309,0,5223887,0,6907818,0
1231,1785929208605,-131884,0,5223810,0,6907608,0
1232,1785929208615,-131257,0,5223680,0,6907780,0
1233,1785929208625,-131125,0,5223804,0,6907814,0
1234,1785929208637,-130364,0,5223812,0,6907685,0
1235,1785929208645,-129883,0,5223738,0,6907692,0
1236,1785929208654,-129401,0,5223718,0,6907792,0
1237,1785929208665,-128628,0,5223836,0,6907911,0
1238,1785929208674,-127969,0,5223730,0,6908003,0
1239,1785929208685,-127150,0,5223803,0,6908056,0
1240,1785929208695,-126494,0,5223882,0,6908141,0
1241,1785929208705,-125560,0,5223876,0,6908201,0
1242,1785929208715,-124585,0,5223856,0,6908301,0
1243,1785929208726,-123902,0,5223755,0,6908286,0
1244,1785929208735,-123096,0,5223817,0,6908460,0
1245,1785929208748,-122215,0,5223853,0,6908600,0
1246,1785929208755,-121333,0,5223872,0,6908749,0
1247,1785929208766,-120464,0,5223970,0,6908763,0
1248,1785929208775,-119362,0,5223940,0,6908970,0
1249,1785929208785,-118539,0,5224063,0,6908814,0
1250,1785929208795,-117918,0,5224046,0,6909052,0
1251,1785929208806,-117197,0,5223875,0,6909038,0
1252,1785929208815,-116200,0,5223938,0,6909038,0
1253,1785929208825,-115378,0,5223919,0,6909125,0
1254,1785929208835,-114357,0,5223841,0,6909114,0
1255,1785929208846,-113483,0,5224021,0,6909224,0
1256,1785929208855,-112616,0,5223916,0,6909457,0
1257,1785929208866,-111792,0,5223928,0,6909184,0
1258,1785929208875,-110980,0,5223917,0,6909301,0
1259,1785929208887,-110549,0,5223932,0,6909276,0
1260,1785929208895,-110254,0,5223878,0,6909128,0
1261,1785929208908,-110307,0,5223898,0,6908804,0
1262,1785929208915,-110796,0,5223985,0,6908789,0
1263,1785929208926,-111681,0,5223840,0,6908416,0
1264,1785929208936,-112733,0,5223797,0,6908028,0
1265,1785929208946,-114473,0,5223466,0,6907383,0
1266,1785929208956,-116270,0,5223279,0,6907003,0
1267,1785929208966,-118325,0,5222959,0,6906410,0
1268,1785929208976,-120626,0,5222727,0,6905814,0
1269,1785929208986,-122529,0,5222487,0,6905357,0
1270,1785929208996,-124533,0,5222228,0,6904871,0
1271,1785929209006,-126344,0,5222005,0,6904597,0
1272,1785929209017,-127729,0,5221861,0,6904386,0
1273,1785929209031,-129320,0,5221586,0,6903923,0
1274,1785929209036,-130695,0,5221345,0,6903759,0
1275,1785929209047,-131944,0,5221233,0,6903396,0
1276,1785929209056,-132979,0,5221066,0,6903292,0
1277,1785929209069,-133700,0,5221171,0,6903288,0
1278,1785929209076,-134271,0,5221348,0,6903350,0
1279,1785929209086,-134663,0,5221321,0,6903501,0
1280,1785929209096,-134529,0,5221369,0,6903694,0
1281,1785929209106,-134613,0,5221348,0,6903686,0
1282,1785929209116,-134344,0,5221387,0,6903682,0
1283,1785929209126,-134384,0,5221436,0,6903760,0
1284,1785929209136,-133750,0,5221565,0,6903717,0
1285,1785929209146,-133124,0,5221718,0,6903977,0
1286,1785929209156,-132758,0,5221592,0,6904200,0
1287,1785929209168,-132252,0,5221536,0,6904064,0
1288,1785929209176,-131779,0,5221646,0,6904161,0
1289,1785929209186,-131485,0,5221699,0,6904086,0
1290,1785929209196,-131189,0,5221714,0,6904111,0
1291,1785929209207,-130839,0,5221623,0,6904126,0
1292,1785929209216,-130516,0,5221621,0,6904109,0
1293,1785929209228,-130389,0,5221366,0,6903977,0
1294,1785929209238,-130577,0,5221404,0,6903845,0
1295,1785929209248,-130500,0,5221293,0,6903767,0
1296,1785929209256,-130594,0,5221174,0,6903549,0
1297,1785929209266,-130866,0,5220973,0,6903360,0
1298,1785929209276,-130949,0,5220918,0,6903207,0
1299,1785929209286,-131171,0,5220718,0,6903057,0
1300,1785929209296,-131466,0,5220346,0,6902599,0
1301,1785929209306,-131932,0,5220117,0,6902394,0
1302,1785929209316,-132185,0,5219861,0,6902094,0
1303,1785929209326,-132488,0,5219738,0,6901877,0
1304,1785929209336,-132653,0,5219736,0,6901917,0
1305,1785929209347,-132645,0,5219785,0,6901893,0
1306,1785929209356,-132483,0,5219720,0,6901931,0
1307,1785929209367,-132141,0,5219761,0,6901981,0
1308,1785929209376,-131875,0,5219725,0,6902003,0
1309,1785929209389,-131626,0,5219598,0,6901911,0
1310,1785929209396,-131120,0,5219598,0,6902053,0
1311,1785929209406,-130808,0,5219497,0,6901907,0
1312,1785929209416,-130351,0,5219532,0,6901933,0
1313,1785929209427,-129904,0,5219436,0,6901941,0
1314,1785929209436,-129686,0,5219314,0,6901884,0
1315,1785929209447,-129275,0,5219222,0,6901821,0
1316,1785929209456,-128910,0,5219187,0,6901686,0
1317,1785929209466,-128329,0,5219201,0,6901839,0
1318,1785929209476,-127598,0,5219233,0,6901914,0
1319,1785929209487,-127053,0,5219397,0,6902092,0
1320,1785929209496,-126346,0,5219351,0,6902237,0
1321,1785929209506,-125593,0,5219372,0,6902174,0
1322,1785929209516,-124765,0,5219454,0,6902430,0
1323,1785929209527,-124160,0,5219370,0,6902402,0
1324,1785929209536,-123289,0,5219552,0,6902515,0
1325,1785929209549,-122453,0,5219600,0,6902722,0
1326,1785929209557,-121576,0,5219490,0,6902617,0
1327,1785929209566,-120854,0,5219488,0,6902827,0
1328,1785929209576,-120245,0,5219346,0,6902715,0
1329,1785929209586,-119641,0,5219280,0,6902700,0
1330,1785929209596,-119153,0,5219352,0,6902729,0
1331,1785929209607,-118634,0,5219338,0,6902579,0
1332,1785929209616,-118134,0,5219391,0,6902699,0
1333,1785929209628,-117889,0,5219617,0,6902688,0
1334,1785929209636,-118102,0,5219678,0,6902450,0
1335,1785929209647,-118464,0,5219806,0,6902511,0
1336,1785929209661,-119281,0,5219854,0,6902293,0
1337,1785929209667,-120164,0,5219816,0,6901996,0
1338,1785929209679,-121448,0,5219635,0,6901589,0
1339,1785929209687,-123054,0,5219501,0,6901322,0
1340,1785929209696,-124480,0,5219139,0,6900843,0
1341,1785929209711,-126262,0,5219090,0,6900450,0
1342,1785929209716,-127881,0,5218807,0,6899900,0
1343,1785929209729,-129733,0,5218548,0,6899584,0
1344,1785929209737,-131060,0,5218382,0,6899309,0
1345,1785929209747,-132547,0,5218329,0,6899042,0
1346,1785929209757,-133401,0,5218223,0,6898981,0
1347,1785929209767,-134235,0,5218286,0,6898877,0
1348,1785929209777,-135001,0,5218222,0,6898880,0
1349,1785929209787,-135152,0,5218364,0,6899071,0
1350,1785929209796,-135531,0,5218442,0,6899064,0
1351,1785929209807,-135391,0,5218416,0,6899129,0
1352,1785929209817,-135525,0,5218427,0,6899302,0
1353,1785929209827,-135377,0,5218602,0,6899229,0
1354,1785929209837,-135001,0,5218653,0,6899354,0
1355,1785929209848,-134538,0,5218754,0,6899514,0
1356,1785929209856,-134063,0,5218718,0,6899791,0
1357,1785929209869,-133632,0,5218848,0,6899672,0
1358,1785929209877,-133000,0,5218769,0,6899872,0
1359,1785929209887,-132427,0,5218822,0,6900063,0
1360,1785929209897,-131828,0,5218978,0,6900147,0
1361,1785929209907,-131284,0,5218930,0,6900164,0
1362,1785929209917,-130802,0,5218864,0,6900178,0
1363,1785929209927,-130361,0,5218852,0,6900068,0
1364,1785929209937,-129896,0,5218839,0,6899967,0
1365,1785929209947,-129805,0,5218706,0,6899700,0
1366,1785929209957,-129770,0,5218511,0,6899679,0
1367,1785929209967,-129818,0,5218411,0,6899538,0
1368,1785929209977,-129636,0,5218254,0,6899416,0
1369,1785929209987,-129741,0,5218252,0,6899367,0
1370,1785929209997,-129530,0,5218299,0,6899325,0
1371,1785929210008,-129509,0,5218308,0,6899416,0
1372,1785929210017,-129293,0,5218206,0,6899202,0
1373,1785929210029,-129363,0,5218225,0,6899373,0
1374,1785929210037,-129089,0,5218133,0,6899116,0
1375,1785929210047,-128784,0,5217979,0,6899031,0
1376,1785929210057,-128515,0,5218079,0,6899041,0
1377,1785929210067,-128347,0,5217797,0,6898879,0
1378,1785929210078,-128167,0,5217769,0,6899044,0
1379,1785929210093,-127935,0,5217802,0,6898817,0
1380,1785929210097,-127551,0,5217789,0,6898868,0
1381,1785929210111,-127293,0,5217665,0,6898788,0
1382,1785929210117,-126768,0,5217534,0,6898842,0
1383,1785929210128,-126462,0,5217561,0,6898822,0
1384,1785929210137,-126097,0,5217442,0,6898926,0
1385,1785929210148,-125652,0,5217401,0,6898712,0
1386,1785929210160,-125068,0,5217375,0,6898776,0
1387,1785929210168,-124742,0,5217107,0,6898729,0
1388,1785929210177,-124370,0,5217133,0,6898698,0
1389,1785929210205,-123804,0,5217109,0,6898623,0
1390,1785929210205,-123190,0,5217152,0,6898920,0
1391,1785929210220,-122337,0,5217203,0,6898963,0
1392,1785929210220,-121654,0,5217196,0,6898967,0
1393,1785929210229,-120919,0,5217147,0,6899063,0
1394,1785929210237,-120299,0,5217162,0,6899167,0
1395,1785929210248,-119623,0,5217164,0,6899264,0
1396,1785929210260,-118909,0,5217299,0,6899264,0
1397,1785929210267,-118168,0,5217220,0,6899310,0
1398,1785929210277,-117399,0,5217336,0,6899536,0
1399,1785929210292,-116528,0,5217348,0,6899560,0
1400,1785929210297,-115714,0,5217487,0,6899714,0
1401,1785929210312,-114743,0,5217468,0,6899884,0
1402,1785929210318,-113868,0,5217491,0,6899804,0
1403,1785929210328,-112888,0,5217360,0,6899831,0
1404,1785929210344,-112350,0,5217340,0,6899776,0
1405,1785929210350,-111660,0,5217357,0,6899640,0
1406,1785929210363,-111157,0,5217220,0,6899509,0
1407,1785929210368,-110995,0,5217209,0,6899434,0
1408,1785929210379,-111028,0,5217123,0,6899209,0
1409,1785929210392,-111547,0,5217138,0,6898871,0
1410,1785929210398,-112461,0,5216986,0,6898499,0
1411,1785929210410,-113567,0,5216847,0,6898249,0
1412,1785929210418,-115219,0,5216665,0,6897621,0
1413,1785929210428,-116956,0,5216462,0,6897360,0
1414,1785929210441,-118764,0,5216093,0,6896740,0
1415,1785929210449,-120776,0,5215769,0,6896202,0
1416,1785929210459,-122633,0,5215394,0,6895554,0
1417,1785929210468,-124721,0,5215089,0,6894940,0
1418,1785929210478,-126599,0,5214759,0,6894502,0
1419,1785929210494,-128234,0,5214578,0,6894285,0
1420,1785929210499,-129597,0,5214479,0,6894075,0
1421,1785929210510,-130820,0,5214384,0,6893874,0
1422,1785929210518,-131975,0,5214433,0,6893605,0
1423,1785929210528,-133076,0,5214223,0,6893523,0
1424,1785929210541,-133555,0,5214338,0,6893526,0
1425,1785929210549,-134192,0,5214289,0,6893540,0
1426,1785929210558,-134532,0,5214268,0,6893451,0
1427,1785929210569,-134938,0,5214319,0,6893632,0
1428,1785929210579,-134958,0,5214372,0,6893714,0
1429,1785929210588,-134841,0,5214547,0,6893942,0
1430,1785929210598,-134776,0,5214402,0,6893944,0
1431,1785929210608,-134457,0,5214552,0,6894007,0
1432,1785929210618,-134208,0,5214571,0,6894131,0
1433,1785929210628,-133809,0,5214637,0,6894183,0
1434,1785929210642,-133152,0,5214896,0,6894504,0
1435,1785929210649,-132449,0,5215014,0,6894746,0
1436,1785929210659,-131869,0,5215078,0,6894880,0
1437,1785929210675,-131225,0,5215244,0,6895151,0
1438,1785929210678,-130671,0,5215440,0,6895170,0
1439,1785929210691,-129950,0,5215357,0,6895240,0
1440,1785929210698,-129548,0,5215340,0,6895204,0
1441,1785929210709,-129364,0,5215222,0,6895054,0
1442,1785929210718,-128947,0,5215074,0,6894938,0
1443,1785929210729,-129004,0,5215024,0,6894798,0
1444,1785929210742,-128833,0,5214949,0,6894714,0
1445,1785929210749,-128963,0,5214802,0,6894525,0
1446,1785929210758,-128873,0,5214639,0,6894462,0
1447,1785929210776,-128822,0,5214591,0,6894423,0
1448,1785929210778,-128778,0,5214641,0,6894344,0
1449,1785929210791,-128501,0,5214640,0,6894346,0
1450,1785929210798,-128282,0,5214497,0,6894352,0
1451,1785929210810,-128188,0,5214345,0,6894191,0
1452,1785929210819,-128076,0,5214299,0,6894169,0
1453,1785929210830,-128001,0,5214295,0,6894157,0
1454,1785929210840,-127662,0,5214260,0,6894021,0
1455,1785929210849,-127306,0,5214312,0,6894147,0
1456,1785929210858,-126793,0,5214351,0,6894120,0
1457,1785929210869,-126270,0,5214338,0,6894398,0
1458,1785929210879,-125772,0,5214389,0,6894234,0
1459,1785929210890,-125204,0,5214200,0,6894390,0
1460,1785929210898,-124646,0,5214234,0,6894373,0
1461,1785929210909,-124380,0,5214121,0,6894360,0
1462,1785929210919,-123898,0,5214097,0,6894352,0
1463,1785929210929,-123244,0,5214223,0,6894319,0
1464,1785929210939,-122442,0,5214228,0,6894577,0
1465,1785929210949,-121606,0,5214370,0,6894831,0
1466,1785929210959,-120856,0,5214433,0,6894883,0
1467,1785929210970,-120072,0,5214379,0,6895044,0
1468,1785929210979,-119278,0,5214417,0,6894978,0
1469,1785929210992,-118412,0,5214315,0,6895195,0
1470,1785929210999,-117568,0,5214453,0,6895263,0
1471,1785929211009,-116879,0,5214611,0,6895378,0
1472,1785929211019,-115791,0,5214631,0,6895638,0
1473,1785929211029,-114854,0,5214755,0,6895928,0
1474,1785929211039,-113892,0,5214899,0,6896072,0
1475,1785929211050,-112892,0,5214890,0,6896183,0
1476,1785929211059,-111753,0,5215050,0,6896227,0
1477,1785929211069,-110801,0,5215127,0,6896360,0
1478,1785929211079,-109722,0,5215233,0,6896454,0
1479,1785929211089,-108926,0,5215291,0,6896526,0
1480,1785929211099,-108465,0,5215398,0,6896483,0
1481,1785929211110,-108300,0,5215206,0,6896456,0
1482,1785929211119,-108696,0,5215212,0,6895970,0
1483,1785929211130,-109538,0,5214928,0,6895565,0
1484,1785929211139,-110682,0,5214844,0,6894987,0
1485,1785929211152,-112204,0,5214634,0,6894761,0
1486,1785929211159,-113784,0,5214367,0,6894115,0
1487,1785929211170,-115476,0,5213939,0,6893578,0
1488,1785929211179,-117375,0,5213764,0,6892927,0
1489,1785929211189,-119357,0,5213430,0,6892594,0
1490,1785929211199,-121115,0,5213101,0,6892000,0
1491,1785929211209,-122777,0,5212862,0,6891492,0
1492,1785929211219,-124491,0,5212543,0,6891195,0
1493,1785929211229,-125746,0,5212377,0,6890998,0
1494,1785929211239,-127140,0,5212339,0,6890679,0
1495,1785929211250,-128151,0,5212297,0,6890616,0
1496,1785929211259,-128972,0,5212079,0,6890376,0
1497,1785929211269,-129548,0,5212221,0,6890536,0
1498,1785929211279,-129954,0,5212103,0,6890456,0
1499,1785929211291,-130358,0,5212046,0,6890459,0
1500,1785929211299,-130543,0,5212279,0,6890417,0
1501,1785929211312,-130604,0,5212139,0,6890411,0
1502,1785929211319,-130625,0,5212092,0,6890508,0
1503,1785929211330,-130481,0,5212068,0,6890503,0
1504,1785929211340,-130394,0,5212070,0,6890550,0
1505,1785929211350,-130020,0,5212044,0,6890660,0
1506,1785929211359,-129763,0,5212007,0,6890719,0
1507,1785929211370,-129422,0,5212161,0,6890893,0
1508,1785929211380,-128956,0,5212248,0,6891032,0
1509,1785929211390,-128300,0,5212581,0,6891118,0
1510,1785929211400,-127672,0,5212473,0,6891259,0
1511,1785929211410,-127154,0,5212584,0,6891399,0
1512,1785929211420,-126641,0,5212599,0,6891452,0
1513,1785929211430,-126201,0,5212684,0,6891531,0
1514,1785929211440,-125826,0,5212663,0,6891501,0
1515,1785929211451,-125435,0,5212637,0,6891603,0
1516,1785929211460,-125097,0,5212602,0,6891566,0
1517,1785929211472,-124958,0,5212608,0,6891480,0
1518,1785929211480,-124713,0,5212532,0,6891456,0
1519,1785929211490,-124265,0,5212488,0,6891590,0
1520,1785929211503,-124204,0,5212603,0,6891693,0
1521,1785929211510,-123793,0,5212656,0,6891601,0
1522,1785929211520,-123532,0,5212529,0,6891764,0
1523,1785929211530,-123073,0,5212690,0,6891772,0
1524,1785929211540,-122680,0,5212735,0,6891607,0
1525,1785929211550,-122287,0,5212761,0,6891819,0
1526,1785929211560,-121914,0,5212706,0,6891703,0
1527,1785929211570,-121304,0,5212776,0,6892025,0
1528,1785929211580,-120721,0,5212723,0,6891898,0
1529,1785929211590,-120299,0,5212846,0,6891886,0
1530,1785929211600,-119851,0,5212883,0,6892115,0
1531,1785929211611,-119092,0,5212745,0,6892106,0
1532,1785929211620,-118786,0,5212732,0,6892020,0
1533,1785929211633,-118281,0,5212618,0,6892116,0
1534,1785929211641,-117772,0,5212574,0,6891968,0
1535,1785929211651,-117172,0,5212532,0,6892019,0
1536,1785929211660,-116513,0,5212567,0,6892282,0
1537,1785929211670,-115856,0,5212627,0,6892157,0
1538,1785929211680,-115063,0,5212514,0,6892303,0
1539,1785929211691,-114579,0,5212533,0,6892273,0
1540,1785929211700,-113931,0,5212407,0,6892439,0
1541,1785929211710,-113387,0,5212466,0,6892415,0
1542,1785929211721,-112642,0,5212443,0,6892434,0
1543,1785929211731,-111748,0,5212370,0,6892588,0
1544,1785929211741,-111112,0,5212516,0,6892596,0
1545,1785929211751,-110358,0,5212530,0,6892674,0
1546,1785929211761,-109521,0,5212454,0,6892825,0
1547,1785929211772,-108808,0,5212414,0,6892645,0
1548,1785929211780,-108081,0,5212295,0,6892506,0
1549,1785929211792,-107459,0,5212163,0,6892382,0
1550,1785929211801,-107226,0,5211954,0,6892238,0
1551,1785929211811,-106760,0,5211983,0,6892351,0
1552,1785929211821,-106513,0,5212010,0,6892163,0
1553,1785929211831,-106599,0,5212019,0,6892031,0
1554,1785929211841,-106883,0,5212154,0,6891950,0
1555,1785929211851,-107570,0,5212041,0,6891829,0
1556,1785929211861,-108340,0,5211908,0,6891458,0
1557,1785929211871,-109464,0,5211832,0,6891055,0
1558,1785929211880,-110855,0,5211530,0,6890501,0
1559,1785929211891,-112490,0,5211329,0,6890008,0
1560,1785929211901,-114159,0,5211010,0,6889386,0
1561,1785929211911,-116047,0,5210591,0,6888916,0
1562,1785929211920,-117617,0,5210459,0,6888550,0
1563,1785929211932,-119093,0,5210247,0,6888341,0
1564,1785929211941,-120445,0,5210091,0,6887945,0
1565,1785929211954,-121641,0,5209920,0,6887726,0
1566,1785929211961,-122633,0,5209752,0,6887570,0
1567,1785929211971,-123576,0,5209587,0,6887468,0
1568,1785929211981,-124555,0,5209514,0,6887177,0
1569,1785929211991,-125088,0,5209374,0,6887115,0
1570,1785929212003,-125668,0,5209335,0,6887063,0
1571,1785929212011,-125911,0,5209280,0,6887197,0
1572,1785929212021,-125955,0,5209387,0,6887259,0
1573,1785929212037,-126037,0,5209293,0,6887071,0
1574,1785929212041,-125985,0,5209340,0,6887186,0
1575,1785929212051,-125845,0,5209103,0,6886936,0
1576,1785929212061,-126069,0,5208925,0,6886847,0
1577,1785929212071,-125952,0,5208873,0,6886778,0
1578,1785929212081,-125688,0,5208898,0,6886914,0
1579,1785929212092,-125404,0,5208791,0,6886973,0
1580,1785929212101,-125181,0,5209052,0,6887206,0
1581,1785929212113,-124643,0,5208987,0,6887159,0
1582,1785929212121,-124452,0,5208813,0,6887286,0
1583,1785929212131,-124365,0,5208806,0,6886966,0
1584,1785929212141,-124122,0,5208636,0,6886978,0
1585,1785929212152,-124321,0,5208482,0,6886712,0
1586,1785929212161,-124350,0,5208436,0,6886619,0
1587,1785929212173,-124559,0,5208167,0,6886357,0
1588,1785929212181,-124649,0,5208050,0,6886315,0
1589,1785929212192,-124955,0,5207869,0,6886003,0
1590,1785929212201,-125150,0,5207716,0,6885785,0
1591,1785929212212,-125429,0,5207592,0,6885466,0
1592,1785929212221,-125699,0,5207392,0,6885432,0
1593,1785929212231,-125972,0,5207230,0,6885120,0
1594,1785929212241,-126159,0,5207113,0,6885226,0
1595,1785929212253,-126160,0,5207046,0,6884916,0
1596,1785929212261,-126381,0,5206814,0,6884951,0
1597,1785929212274,-126358,0,5206689,0,6884657,0
1598,1785929212282,-126610,0,5206446,0,6884463,0
1599,1785929212292,-126886,0,5206223,0,6884419,0
1600,1785929212301,-126977,0,5206256,0,6884284,0
1601,1785929212312,-126937,0,5206028,0,6884129,0
1602,1785929212322,-126837,0,5205996,0,6884186,0
1603,1785929212332,-126782,0,5206068,0,6884103,0
1604,1785929212341,-126140,0,5206015,0,6884401,0
1605,1785929212352,-125887,0,5206030,0,6884221,0
1606,1785929212361,-125563,0,5205861,0,6884236,0
1607,1785929212372,-125196,0,5205805,0,6884276,0
1608,1785929212381,-124732,0,5205746,0,6884208,0
1609,1785929212392,-124611,0,5205692,0,6884188,0
1610,1785929212402,-124044,0,5205674,0,6884168,0
1611,1785929212412,-123510,0,5205523,0,6884066,0
1612,1785929212421,-123115,0,5205494,0,6884242,0
1613,1785929212434,-122647,0,5205389,0,6884285,0
1614,1785929212441,-122188,0,5205402,0,6884230,0
1615,1785929212452,-121534,0,5205419,0,6884260,0
1616,1785929212461,-121068,0,5205389,0,6884215,0
1617,1785929212472,-120475,0,5205417,0,6884279,0
1618,1785929212481,-120145,0,5205444,0,6884446,0
1619,1785929212492,-120079,0,5205547,0,6884089,0
1620,1785929212502,-120355,0,5205527,0,6883941,0
1621,1785929212512,-120960,0,5205277,0,6883643,0
1622,1785929212522,-121968,0,5205198,0,6883258,0
1623,1785929212532,-123324,0,5204987,0,6882906,0
1624,1785929212543,-125058,0,5204653,0,6882271,0
1625,1785929212553,-126625,0,5204423,0,6881749,0
1626,1785929212562,-128709,0,5204049,0,6881090,0
1627,1785929212573,-130712,0,5203724,0,6880524,0
1628,1785929212582,-132608,0,5203281,0,6880117,0
1629,1785929212595,-134493,0,5203196,0,6879517,0
1630,1785929212602,-135980,0,5202895,0,6879364,0
1631,1785929212612,-137210,0,5202804,0,6879172,0
1632,1785929212622,-138493,0,5202672,0,6878943,0
1633,1785929212632,-139436,0,5202767,0,6879054,0
1634,1785929212642,-140180,0,5202626,0,6878920,0
1635,1785929212653,-140703,0,5202795,0,6879020,0
1636,1785929212662,-141183,0,5202762,0,6879018,0
1637,1785929212673,-141323,0,5202787,0,6878969,0
1638,1785929212682,-141492,0,5202793,0,6879280,0
1639,1785929212692,-141536,0,5202944,0,6879262,0
1640,1785929212702,-141314,0,5203123,0,6879657,0
1641,1785929212712,-140723,0,5203229,0,6879671,0
1642,1785929212722,-140298,0,5203272,0,6880028,0
1643,1785929212733,-139769,0,5203385,0,6880178,0
1644,1785929212742,-139194,0,5203394,0,6880335,0
1645,1785929212755,-138468,0,5203691,0,6880478,0
1646,1785929212762,-137984,0,5203707,0,6880653,0
1647,1785929212773,-137361,0,5203906,0,6880904,0
1648,1785929212782,-136478,0,5203960,0,6881120,0
1649,1785929212793,-136021,0,5204058,0,6881161,0
1650,1785929212802,-135604,0,5204055,0,6881210,0
1651,1785929212813,-135223,0,5203940,0,6881218,0
1652,1785929212822,-135056,0,5203793,0,6881037,0
1653,1785929212832,-134983,0,5203643,0,6880731,0
1654,1785929212842,-135017,0,5203477,0,6880561,0
1655,1785929212854,-135138,0,5203256,0,6880248,0
1656,1785929212862,-135228,0,5203178,0,6880285,0
1657,1785929212873,-135208,0,5203249,0,6880067,0
1658,1785929212891,-135112,0,5203196,0,6880354,0
1659,1785929212893,-134921,0,5203347,0,6880343,0
1660,1785929212902,-134589,0,5203373,0,6880504,0
1661,1785929212915,-134147,0,5203443,0,6880606,0
1662,1785929212923,-133751,0,5203519,0,6880753,0
1663,1785929212934,-133425,0,5203515,0,6880670,0
1664,1785929212942,-132994,0,5203513,0,6880908,0
1665,1785929212953,-132600,0,5203556,0,6880982,0
1666,1785929212962,-132096,0,5203517,0,6880835,0
1667,1785929212973,-131490,0,5203562,0,6881030,0
1668,1785929212986,-130942,0,5203602,0,6881220,0
1669,1785929212994,-130357,0,5203789,0,6881279,0
1670,1785929213006,-129611,0,5203815,0,6881508,0
1671,1785929213013,-128945,0,5203952,0,6881782,0
1672,1785929213023,-128229,0,5204098,0,6881782,0
1673,1785929213033,-127176,0,5204200,0,6882053,0
1674,1785929213063,-126347,0,5204281,0,6882300,0
1675,1785929213063,-125252,0,5204490,0,6882539,0
1676,1785929213063,-124419,0,5204361,0,6882457,0
1677,1785929213076,-123736,0,5204344,0,6882533,0
1678,1785929213084,-123170,0,5204279,0,6882599,0
1679,1785929213093,-122165,0,5204392,0,6882543,0
1680,1785929213103,-121491,0,5204491,0,6882856,0
1681,1785929213113,-120652,0,5204461,0,6882925,0
1682,1785929213123,-119795,0,5204549,0,6883150,0
1683,1785929213133,-119082,0,5204458,0,6883098,0
1684,1785929213143,-118324,0,5204280,0,6883119,0
1685,1785929213154,-117918,0,5204221,0,6882977,0
1686,1785929213163,-117299,0,5204177,0,6882850,0
1687,1785929213173,-116967,0,5204272,0,6882770,0
1688,1785929213183,-117058,0,5204216,0,6882544,0
1689,1785929213193,-117338,0,5204156,0,6882340,0
1690,1785929213203,-118059,0,5204334,0,6882210,0
1691,1785929213214,-118955,0,5204330,0,6881964,0
1692,1785929213223,-120287,0,5204217,0,6881815,0
1693,1785929213236,-121781,0,5203994,0,6881069,0
1694,1785929213243,-123335,0,5203811,0,6880876,0
1695,1785929213254,-125309,0,5203461,0,6880277,0
1696,1785929213263,-127261,0,5203250,0,6879709,0
1697,1785929213274,-129017,0,5203040,0,6879365,0
1698,1785929213283,-130714,0,5202979,0,6879143,0
1699,1785929213294,-132312,0,5202937,0,6878814,0
1700,1785929213304,-133390,0,5202926,0,6878910,0
1701,1785929213314,-134559,0,5202929,0,6878836,0
1702,1785929213323,-135487,0,5203005,0,6878840,0
1703,1785929213334,-136068,0,5203124,0,6878912,0
1704,1785929213343,-136637,0,5203328,0,6878992,0
1705,1785929213354,-136730,0,5203343,0,6879173,0
1706,1785929213364,-137113,0,5203391,0,6879183,0
1707,1785929213375,-137293,0,5203479,0,6879309,0
1708,1785929213384,-137140,0,5203625,0,6879481,0
1709,1785929213396,-137230,0,5203777,0,6879757,0
1710,1785929213404,-136884,0,5203943,0,6879960,0
1711,1785929213417,-136435,0,5203902,0,6880134,0
1712,1785929213424,-136124,0,5204147,0,6880273,0
1713,1785929213434,-135535,0,5204165,0,6880308,0
1714,1785929213443,-135050,0,5204223,0,6880582,0
1715,1785929213455,-134613,0,5204216,0,6880672,0
1716,1785929213464,-134056,0,5204169,0,6880674,0
1717,1785929213474,-133853,0,5204134,0,6880530,0
1718,1785929213484,-133599,0,5204080,0,6880516,0
1719,1785929213495,-133436,0,5204190,0,6880633,0
1720,1785929213505,-133176,0,5204077,0,6880639,0
1721,1785929213519,-133071,0,5204142,0,6880638,0
1722,1785929213524,-132699,0,5204165,0,6880605,0
1723,1785929213536,-132644,0,5204262,0,6880620,0
1724,1785929213544,-132495,0,5204027,0,6880405,0
1725,1785929213557,-132555,0,5203837,0,6880248,0
1726,1785929213564,-132579,0,5203783,0,6880176,0
1727,1785929213574,-132694,0,5203696,0,6879780,0
1728,1785929213584,-132885,0,5203557,0,6879926,0
1729,1785929213594,-132991,0,5203607,0,6880011,0
1730,1785929213604,-133100,0,5203551,0,6879907,0
1731,1785929213614,-133009,0,5203448,0,6879852,0
1732,1785929213624,-132952,0,5203320,0,6879841,0
1733,1785929213635,-132621,0,5203455,0,6879809,0
1734,1785929213644,-132438,0,5203354,0,6879827,0
1735,1785929213655,-132216,0,5203379,0,6879945,0
1736,1785929213664,-131910,0,5203530,0,6879907,0
1737,1785929213674,-131433,0,5203483,0,6880073,0
1738,1785929213684,-130956,0,5203578,0,6880184,0
1739,1785929213695,-130466,0,5203617,0,6880330,0
1740,1785929213704,-129765,0,5203714,0,6880531,0
1741,1785929213716,-129153,0,5203880,0,6880690,0
1742,1785929213724,-128412,0,5204008,0,6880886,0
1743,1785929213735,-127523,0,5204149,0,6881245,0
1744,1785929213744,-126568,0,5204331,0,6881544,0
1745,1785929213755,-125824,0,5204361,0,6881502,0
1746,1785929213765,-124850,0,5204402,0,6881695,0
1747,1785929213775,-124334,0,5204523,0,6881729,0
1748,1785929213785,-123400,0,5204426,0,6881840,0
1749,1785929213795,-122718,0,5204564,0,6882059,0
1750,1785929213804,-121700,0,5204792,0,6882392,0
1751,1785929213815,-120660,0,5204759,0,6882485,0
1752,1785929213825,-119802,0,5204815,0,6882556,0
1753,1785929213835,-119022,0,5204734,0,6882544,0
1754,1785929213845,-118363,0,5204634,0,6882443,0
1755,1785929213856,-117737,0,5204546,0,6882498,0
1756,1785929213865,-117110,0,5204707,0,6882510,0
1757,1785929213878,-116858,0,5204763,0,6882482,0
1758,1785929213885,-116628,0,5204905,0,6882422,0
1759,1785929213895,-116651,0,5204966,0,6882343,0
1760,1785929213906,-117322,0,5205054,0,6882093,0
1761,1785929213917,-118112,0,5204948,0,6881886,0
1762,1785929213925,-119530,0,5204759,0,6881268,0
1763,1785929213935,-121067,0,5204606,0,6881064,0
1764,1785929213945,-122978,0,5204279,0,6880408,0
1765,1785929213955,-124811,0,5204048,0,6879982,0
1766,1785929213965,-126838,0,5203778,0,6879623,0
1767,1785929213975,-128746,0,5203594,0,6879177,0
1768,1785929213985,-130546,0,5203410,0,6878747,0
1769,1785929213995,-132297,0,5203117,0,6878500,0
1770,1785929214005,-133859,0,5202938,0,6878161,0
1771,1785929214016,-135191,0,5202963,0,6878095,0
1772,1785929214025,-136247,0,5202956,0,6877869,0
1773,1785929214037,-137262,0,5202720,0,6877774,0
1774,1785929214045,-138183,0,5202651,0,6877545,0
1775,1785929214056,-138970,0,5202384,0,6877192,0
1776,1785929214065,-139697,0,5202631,0,6877410,0
1777,1785929214076,-140082,0,5202744,0,6877599,0
1778,1785929214085,-140293,0,5202821,0,6877688,0
1779,1785929214096,-140248,0,5202866,0,6877671,0
1780,1785929214106,-140333,0,5202704,0,6877729,0
1781,1785929214116,-140246,0,5202393,0,6877491,0
1782,1785929214125,-140526,0,5202390,0,6877353,0
1783,1785929214136,-140571,0,5202151,0,6877095,0
1784,1785929214146,-140676,0,5202068,0,6877191,0
1785,1785929214156,-140682,0,5202205,0,6877314,0
1786,1785929214166,-140533,0,5202088,0,6877299,0
1787,1785929214177,-140350,0,5202134,0,6877357,0
1788,1785929214185,-140286,0,5202028,0,6877349,0
1789,1785929214199,-140289,0,5202107,0,6877252,0
1790,1785929214205,-140263,0,5201909,0,6877213,0
1791,1785929214216,-140489,0,5201887,0,6877078,0
1792,1785929214225,-140493,0,5201699,0,6876959,0
1793,1785929214242,-140675,0,5201625,0,6876968,0
1794,1785929214246,-140809,0,5201576,0,6876724,0
1795,1785929214257,-140951,0,5201586,0,6876718,0
1796,1785929214266,-140812,0,5201470,0,6876788,0
1797,1785929214276,-141423,0,5201431,0,6876545,0
1798,1785929214286,-141578,0,5201186,0,6876198,0
1799,1785929214296,-142040,0,5200914,0,6875994,0
1800,1785929214306,-142291,0,5200801,0,6875872,0
1801,1785929214317,-142376,0,5200841,0,6875931,0
1802,1785929214326,-142624,0,5200692,0,6875788,0
1803,1785929214337,-142662,0,5200754,0,6875847,0
1804,1785929214346,-142454,0,5200814,0,6876007,0
1805,1785929214358,-142029,0,5200996,0,6876135,0
1806,1785929214366,-141647,0,5201040,0,6876430,0
1807,1785929214377,-141210,0,5201220,0,6876621,0
1808,1785929214386,-140832,0,5201204,0,6876670,0
1809,1785929214396,-140292,0,5200997,0,6876414,0
1810,1785929214406,-139913,0,5200963,0,6876430,0
1811,1785929214417,-139413,0,5200938,0,6876477,0
1812,1785929214427,-139028,0,5200962,0,6876580,0
1813,1785929214437,-138619,0,5201049,0,6876717,0
1814,1785929214446,-138032,0,5201159,0,6876865,0
1815,1785929214457,-137364,0,5200920,0,6876794,0
1816,1785929214467,-136883,0,5200975,0,6876799,0
1817,1785929214477,-136438,0,5200950,0,6876876,0
1818,1785929214486,-136043,0,5200926,0,6876992,0
1819,1785929214497,-135561,0,5200905,0,6876923,0
1820,1785929214506,-134944,0,5200850,0,6876880,0
1821,1785929214519,-134408,0,5200784,0,6876893,0
1822,1785929214526,-133934,0,5200751,0,6876982,0
1823,1785929214537,-133244,0,5200825,0,6876992,0
1824,1785929214546,-132873,0,5200778,0,6877006,0
1825,1785929214557,-132133,0,5201253,0,6877304,0
1826,1785929214566,-130679,0,5202043,0,6878291,0
1827,1785929214577,-129678,0,5202433,0,6878844,0
1828,1785929214586,-128815,0,5202598,0,6878970,0
1829,1785929214597,-128293,0,5203070,0,6879082,0
1830,1785929214607,-128218,0,5203423,0,6879137,0
1831,1785929214617,-128378,0,5203943,0,6879505,0
1832,1785929214626,-128561,0,5204425,0,6880230,0
1833,1785929214636,-129008,0,5204569,0,6880270,0
1834,1785929214646,-129651,0,5204469,0,6879647,0
1835,1785929214658,-130851,0,5204277,0,6879238,0
1836,1785929214666,-131882,0,5204323,0,6879268,0
1837,1785929214678,-133085,0,5204299,0,6878912,0
1838,1785929214686,-133796,0,5204245,0,6878846,0
1839,1785929214697,-134553,0,5204112,0,6878507,0
1840,1785929214706,-135615,0,5204006,0,6878473,0
1841,1785929214717,-136287,0,5204135,0,6878460,0
1842,1785929214726,-136729,0,5204126,0,6878489,0
1843,1785929214737,-137077,0,5204325,0,6878766,0
1844,1785929214747,-137015,0,5204437,0,6879004,0
1845,1785929214758,-136990,0,5204639,0,6879267,0
1846,1785929214766,-136599,0,5204874,0,6879410,0
1847,1785929214777,-136186,0,5205233,0,6879862,0
1848,1785929214787,-135372,0,5205615,0,6880196,0
1849,1785929214797,-134437,0,5205870,0,6880707,0
1850,1785929214806,-133456,0,5206062,0,6880937,0
1851,1785929214818,-132581,0,5206272,0,6881204,0
1852,1785929214826,-131794,0,5206642,0,6881471,0
1853,1785929214839,-130689,0,5206887,0,6881938,0
1854,1785929214846,-129343,0,5207120,0,6882334,0
1855,1785929214857,-128184,0,5207547,0,6882735,0
1856,1785929214867,-126950,0,5208017,0,6883302,0
1857,1785929214877,-125541,0,5208303,0,6883708,0
1858,1785929214887,-124112,0,5208922,0,6884335,0
1859,1785929214898,-123081,0,5209195,0,6884510,0
1860,1785929214906,-122181,0,5209016,0,6884514,0
1861,1785929214917,-121678,0,5208823,0,6884408,0
1862,1785929214927,-121388,0,5208397,0,6883839,0
1863,1785929214937,-121811,0,5207902,0,6883254,0
1864,1785929214949,-122206,0,5207410,0,6882845,0
1865,1785929214957,-122703,0,5207242,0,6882523,0
1866,1785929214967,-122921,0,5207206,0,6882454,0
1867,1785929214978,-123240,0,5207041,0,6882306,0
1868,1785929214987,-123302,0,5206978,0,6882281,0
1869,1785929215000,-123293,0,5206937,0,6882064,0
1870,1785929215007,-123341,0,5206734,0,6882014,0
1871,1785929215017,-123534,0,5206677,0,6881918,0
1872,1785929215027,-123353,0,5206656,0,6881772,0
1873,1785929215037,-123331,0,5206478,0,6881734,0
1874,1785929215047,-123271,0,5206396,0,6881721,0
1875,1785929215057,-122875,0,5206498,0,6881777,0
1876,1785929215067,-122855,0,5206493,0,6881818,0
1877,1785929215077,-122312,0,5206663,0,6882128,0
1878,1785929215087,-121612,0,5206718,0,6882304,0
1879,1785929215097,-121122,0,5206995,0,6882486,0
1880,1785929215107,-120118,0,5207269,0,6882841,0
1881,1785929215117,-119254,0,5207651,0,6883216,0
1882,1785929215127,-118030,0,5207931,0,6883569,0
1883,1785929215138,-116798,0,5208268,0,6884207,0
1884,1785929215147,-115213,0,5208729,0,6884714,0
1885,1785929215160,-113768,0,5209141,0,6885031,0
1886,1785929215167,-112275,0,5209501,0,6885794,0
1887,1785929215179,-110700,0,5209866,0,6886118,0
1888,1785929215187,-109194,0,5210302,0,6886582,0
1889,1785929215197,-107597,0,5210572,0,6887088,0
1890,1785929215207,-105798,0,5210949,0,6887573,0
1891,1785929215217,-104213,0,5211433,0,6888083,0
1892,1785929215227,-102529,0,5211814,0,6888454,0
1893,1785929215241,-101078,0,5212138,0,6888694,0
1894,1785929215250,-100180,0,5212411,0,6888781,0
1895,1785929215258,-99706,0,5212415,0,6888692,0
1896,1785929215267,-99861,0,5212543,0,6888309,0
1897,1785929215277,-100420,0,5212495,0,6888211,0
1898,1785929215287,-101023,0,5212433,0,6887907,0
1899,1785929215298,-102027,0,5212502,0,6887625,0
1900,1785929215307,-103285,0,5212543,0,6887456,0
1901,1785929215319,-104370,0,5212550,0,6887272,0
1902,1785929215327,-105432,0,5212356,0,6887036,0
1903,1785929215337,-106577,0,5212487,0,6886866,0
1904,1785929215347,-107464,0,5212416,0,6886754,0
1905,1785929215358,-108453,0,5212255,0,6886515,0
1906,1785929215367,-109430,0,5212076,0,6886288,0
1907,1785929215378,-110357,0,5211821,0,6885864,0
1908,1785929215387,-110989,0,5211550,0,6885525,0
1909,1785929215398,-112037,0,5211408,0,6885416,0
1910,1785929215407,-112690,0,5211415,0,6885349,0
1911,1785929215418,-113024,0,5211531,0,6885542,0
1912,1785929215427,-112966,0,5211636,0,6885638,0
1913,1785929215438,-112830,0,5211949,0,6886018,0
1914,1785929215448,-112621,0,5212371,0,6886281,0
1915,1785929215459,-111792,0,5212608,0,6886768,0
1916,1785929215468,-110756,0,5212976,0,6887243,0
1917,1785929215480,-109842,0,5213255,0,6887539,0
1918,1785929215487,-108867,0,5213443,0,6887834,0
1919,1785929215498,-107849,0,5213408,0,6887942,0
1920,1785929215507,-107432,0,5213275,0,6887839,0
1921,1785929215518,-106736,0,5213402,0,6887949,0
1922,1785929215528,-106319,0,5213385,0,6887823,0
1923,1785929215538,-105790,0,5213465,0,6888090,0
1924,1785929215548,-105272,0,5213491,0,6888204,0
1925,1785929215559,-104711,0,5213644,0,6888469,0
1926,1785929215568,-103925,0,5214087,0,6888798,0
1927,1785929215579,-103191,0,5214009,0,6888768,0
1928,1785929215588,-102843,0,5214205,0,6888769,0
1929,1785929215598,-101968,0,5214321,0,6888980,0
1930,1785929215608,-101799,0,5214085,0,6888762,0
1931,1785929215619,-101723,0,5213846,0,6888403,0
1932,1785929215628,-101850,0,5213617,0,6888077,0
1933,1785929215640,-102314,0,5213537,0,6888037,0
1934,1785929215648,-102255,0,5213269,0,6887850,0
1935,1785929215658,-102378,0,5213184,0,6887860,0
1936,1785929215668,-102311,0,5213081,0,6887701,0
1937,1785929215678,-102270,0,5213073,0,6887555,0
1938,1785929215688,-102158,0,5213098,0,6887454,0
1939,1785929215698,-101796,0,5213061,0,6887772,0
1940,1785929215708,-101426,0,5213090,0,6887616,0
1941,1785929215718,-101246,0,5212931,0,6887603,0
1942,1785929215728,-100738,0,5212936,0,6887719,0
1943,1785929215739,-100650,0,5212759,0,6887473,0
1944,1785929215748,-100364,0,5212686,0,6887425,0
1945,1785929215759,-100096,0,5212481,0,6887393,0
1946,1785929215768,-99936,0,5212259,0,6887170,0
1947,1785929215780,-99722,0,5212163,0,6887165,0
1948,1785929215788,-99587,0,5212040,0,6887118,0
1949,1785929215801,-99126,0,5211913,0,6886938,0
1950,1785929215809,-98718,0,5211723,0,6886879,0
1951,1785929215818,-98581,0,5211605,0,6886668,0
1952,1785929215829,-98296,0,5211156,0,6886490,0
1953,1785929215838,-98538,0,5210784,0,6886008,0
1954,1785929215849,-98411,0,5210603,0,6885782,0
1955,1785929215859,-98157,0,5210527,0,6885741,0
1956,1785929215868,-98155,0,5210402,0,6885615,0
1957,1785929215879,-97913,0,5210384,0,6885632,0
1958,1785929215889,-97330,0,5210343,0,6885508,0
1959,1785929215899,-96811,0,5210528,0,6885921,0
1960,1785929215908,-96184,0,5210470,0,6885941,0
1961,1785929215919,-95654,0,5210285,0,6885806,0
1962,1785929215929,-95142,0,5210405,0,6885931,0
1963,1785929215940,-94846,0,5210434,0,6885647,0
1964,1785929215949,-94698,0,5210463,0,6885741,0
1965,1785929215961,-94782,0,5210558,0,6885703,0
1966,1785929215969,-95495,0,5210394,0,6885471,0
1967,1785929215979,-96490,0,5210416,0,6885040,0
1968,1785929215989,-97709,0,5210284,0,6884470,0
1969,1785929215999,-99585,0,5209967,0,6884005,0
1970,1785929216009,-101623,0,5209565,0,6883336,0
1971,1785929216019,-104015,0,5209079,0,6882497,0
1972,1785929216029,-106753,0,5208519,0,6881723,0
1973,1785929216039,-109236,0,5208114,0,6880988,0
1974,1785929216049,-111757,0,5207519,0,6880118,0
1975,1785929216059,-114436,0,5207079,0,6879348,0
1976,1785929216069,-117063,0,5206592,0,6878855,0
1977,1785929216079,-119316,0,5206111,0,6878114,0
1978,1785929216089,-121731,0,5205613,0,6877393,0
1979,1785929216100,-124113,0,5205272,0,6877000,0
1980,1785929216109,-126014,0,5204907,0,6876471,0
1981,1785929216121,-127710,0,5204658,0,6876246,0
1982,1785929216129,-129290,0,5204684,0,6875993,0
1983,1785929216139,-130618,0,5204504,0,6875919,0
1984,1785929216149,-131834,0,5204326,0,6875938,0
1985,1785929216160,-132674,0,5204185,0,6875709,0
1986,1785929216169,-133609,0,5203829,0,6875485,0
1987,1785929216179,-134647,0,5203758,0,6875182,0
1988,1785929216189,-135400,0,5203448,0,6874848,0
1989,1785929216199,-136381,0,5203179,0,6874498,0
1990,1785929216209,-137026,0,5202935,0,6874336,0
1991,1785929216220,-137751,0,5202765,0,6874137,0
1992,1785929216229,-138172,0,5202805,0,6874223,0
1993,1785929216239,-138396,0,5202978,0,6874355,0
1994,1785929216249,-138044,0,5203136,0,6874549,0
1995,1785929216260,-137936,0,5203192,0,6874586,0
1996,1785929216269,-137977,0,5203097,0,6874630,0
1997,1785929216281,-138110,0,5203206,0,6874580,0
1998,1785929216289,-138134,0,5203289,0,6874620,0
1999,1785929216299,-138303,0,5203273,0,6874771,0
2000,1785929216309,-138182,0,5203313,0,6874789,0
2001,1785929216319,-138192,0,5203272,0,6874677,0
2002,1785929216329,-138383,0,5203237,0,6874632,0
2003,1785929216340,-138580,0,5203010,0,6874147,0
2004,1785929216349,-138957,0,5203067,0,6874404,0
2005,1785929216360,-138901,0,5203032,0,6874252,0
2006,1785929216369,-138916,0,5203204,0,6874474,0
2007,1785929216380,-138626,0,5203574,0,6874791,0
2008,1785929216389,-138180,0,5203797,0,6875248,0
2009,1785929216400,-137446,0,5204148,0,6875641,0
2010,1785929216410,-136618,0,5204452,0,6876117,0
2011,1785929216420,-135656,0,5204910,0,6876449,0
2012,1785929216429,-134730,0,5205306,0,6877004,0
2013,1785929216442,-133455,0,5205756,0,6877546,0
2014,1785929216449,-132118,0,5206319,0,6878110,0
2015,1785929216460,-130432,0,5206921,0,6878933,0
2016,1785929216470,-128721,0,5207427,0,6879637,0
2017,1785929216480,-127277,0,5207710,0,6880011,0
2018,1785929216489,-125675,0,5208106,0,6880473,0
2019,1785929216500,-124083,0,5208270,0,6880714,0
2020,1785929216510,-122903,0,5208314,0,6880969,0
2021,1785929216520,-121637,0,5208394,0,6881071,0
2022,1785929216529,-120692,0,5208434,0,6881135,0
2023,1785929216540,-119605,0,5208347,0,6881137,0
2024,1785929216550,-118778,0,5208242,0,6881173,0
2025,1785929216560,-117741,0,5208440,0,6881304,0
2026,1785929216570,-116956,0,5208542,0,6881319,0
2027,1785929216581,-116143,0,5208352,0,6881499,0
2028,1785929216590,-115365,0,5208398,0,6881386,0
2029,1785929216602,-114411,0,5208287,0,6881473,0
2030,1785929216610,-113800,0,5208326,0,6881520,0
2031,1785929216620,-112937,0,5208334,0,6881602,0
2032,1785929216630,-112173,0,5208391,0,6881781,0
2033,1785929216640,-111203,0,5208230,0,6881646,0
2034,1785929216650,-110412,0,5208297,0,6881619,0
2035,1785929216661,-109619,0,5208290,0,6881750,0
2036,1785929216670,-109101,0,5208216,0,6881430,0
2037,1785929216680,-108720,0,5208261,0,6881336,0
2038,1785929216690,-109000,0,5208179,0,6881125,0
2039,1785929216700,-109575,0,5208098,0,6880859,0
2040,1785929216710,-110328,0,5208055,0,6880237,0
2041,1785929216720,-111403,0,5207944,0,6880074,0
2042,1785929216730,-112967,0,5207901,0,6879546,0
2043,1785929216741,-114482,0,5207682,0,6879305,0
2044,1785929216750,-116212,0,5207404,0,6878615,0
2045,1785929216763,-118027,0,5207197,0,6878032,0
2046,1785929216770,-120150,0,5206783,0,6877498,0
2047,1785929216781,-122148,0,5206410,0,6876948,0
2048,1785929216790,-124213,0,5206064,0,6876342,0
2049,1785929216801,-125802,0,5206033,0,6876076,0
2050,1785929216810,-127351,0,5205989,0,6875811,0
2051,1785929216821,-128486,0,5206030,0,6875905,0
2052,1785929216830,-129389,0,5206154,0,6875959,0
2053,1785929216841,-130267,0,5206242,0,6876018,0
2054,1785929216851,-130646,0,5206446,0,6876130,0
2055,1785929216861,-130999,0,5206535,0,6876337,0
2056,1785929216870,-130972,0,5206657,0,6876486,0
2057,1785929216882,-131105,0,5206913,0,6876862,0
2058,1785929216890,-131038,0,5207053,0,6876985,0
2059,1785929216901,-130460,0,5207340,0,6877240,0
2060,1785929216910,-129945,0,5207745,0,6877754,0
2061,1785929216923,-129328,0,5208058,0,6878009,0
2062,1785929216931,-128557,0,5208087,0,6878320,0
2063,1785929216941,-127711,0,5208447,0,6878681,0
2064,1785929216950,-126986,0,5208577,0,6878825,0
2065,1785929216961,-126238,0,5208530,0,6878960,0
2066,1785929216970,-125611,0,5208559,0,6878913,0
2067,1785929216981,-125249,0,5208601,0,6878968,0
2068,1785929216990,-124625,0,5208666,0,6879083,0
2069,1785929217001,-124116,0,5208658,0,6879096,0
2070,1785929217010,-123478,0,5208744,0,6879147,0
2071,1785929217021,-123078,0,5208680,0,6879028,0
2072,1785929217030,-123055,0,5208706,0,6878938,0
2073,1785929217041,-122576,0,5208567,0,6878756,0
2074,1785929217051,-122718,0,5208221,0,6878613,0
2075,1785929217062,-122814,0,5208171,0,6878274,0
2076,1785929217071,-122946,0,5207957,0,6877990,0
2077,1785929217084,-123403,0,5207743,0,6877744,0
2078,1785929217091,-123332,0,5207527,0,6877620,0
2079,1785929217101,-123195,0,5207512,0,6877638,0
2080,1785929217111,-123485,0,5207463,0,6877320,0
2081,1785929217121,-123323,0,5207326,0,6877421,0
2082,1785929217131,-123514,0,5207273,0,6877183,0
2083,1785929217141,-123319,0,5207212,0,6877277,0
2084,1785929217151,-123362,0,5207119,0,6877175,0
2085,1785929217161,-123220,0,5207033,0,6877300,0
2086,1785929217171,-122911,0,5206962,0,6877110,0
2087,1785929217182,-122852,0,5206934,0,6877087,0
2088,1785929217191,-122565,0,5206665,0,6876936,0
2089,1785929217201,-122304,0,5206557,0,6876973,0
2090,1785929217211,-122037,0,5206625,0,6876907,0
2091,1785929217222,-121776,0,5206441,0,6876669,0
2092,1785929217231,-121210,0,5206328,0,6876931,0
2093,1785929217248,-121017,0,5206211,0,6876646,0
2094,1785929217251,-120692,0,5206122,0,6876580,0
2095,1785929217262,-120569,0,5206015,0,6876763,0
2096,1785929217271,-120106,0,5206077,0,6876687,0
2097,1785929217281,-119556,0,5205985,0,6876690,0
2098,1785929217291,-119037,0,5206052,0,6876867,0
2099,1785929217301,-118655,0,5205987,0,6876808,0
2100,1785929217311,-117868,0,5206017,0,6876751,0
2101,1785929217321,-117338,0,5205977,0,6876822,0
2102,1785929217331,-116838,0,5205808,0,6876815,0
2103,1785929217341,-116400,0,5205572,0,6876628,0
2104,1785929217351,-115862,0,5205505,0,6876615,0
2105,1785929217362,-115594,0,5205370,0,6876428,0
2106,1785929217371,-115387,0,5205120,0,6876296,0
2107,1785929217382,-114975,0,5204884,0,6875989,0
2108,1785929217391,-114783,0,5204904,0,6875794,0
2109,1785929217404,-114567,0,5204506,0,6875733,0
2110,1785929217411,-114678,0,5204319,0,6875410,0
2111,1785929217422,-114914,0,5204168,0,6874862,0
2112,1785929217431,-115349,0,5204118,0,6874739,0
2113,1785929217441,-116220,0,5204204,0,6874445,0
2114,1785929217451,-117132,0,5204282,0,6874306,0
2115,1785929217462,-118131,0,5204048,0,6873859,0
2116,1785929217471,-119658,0,5204066,0,6873530,0
2117,1785929217482,-121131,0,5203852,0,6873082,0
2118,1785929217491,-123039,0,5203418,0,6872412,0
2119,1785929217502,-124753,0,5203230,0,6871943,0
2120,1785929217511,-126708,0,5202906,0,6871449,0
2121,1785929217522,-128435,0,5202723,0,6871024,0
2122,1785929217532,-130150,0,5202456,0,6870613,0
2123,1785929217543,-131775,0,5202167,0,6870342,0
2124,1785929217552,-133094,0,5202030,0,6870092,0
2125,1785929217564,-134421,0,5201687,0,6869707,0
2126,1785929217572,-135698,0,5201343,0,6869302,0
2127,1785929217582,-136883,0,5201213,0,6869011,0
2128,1785929217591,-138128,0,5201023,0,6868692,0
2129,1785929217602,-139083,0,5200903,0,6868687,0
2130,1785929217612,-139767,0,5200789,0,6868519,0
2131,1785929217622,-140342,0,5200902,0,6868575,0
2132,1785929217632,-140302,0,5200908,0,6868735,0
2133,1785929217642,-140527,0,5200888,0,6868764,0
2134,1785929217652,-140302,0,5201208,0,6869120,0
2135,1785929217662,-139965,0,5201197,0,6869242,0
2136,1785929217672,-139670,0,5201310,0,6869420,0
2137,1785929217682,-139221,0,5201523,0,6869473,0
2138,1785929217692,-138705,0,5201529,0,6869753,0
2139,1785929217703,-138261,0,5201762,0,6870112,0
2140,1785929217712,-137731,0,5201987,0,6870260,0
2141,1785929217725,-137082,0,5202291,0,6870565,0
2142,1785929217732,-136262,0,5202512,0,6870967,0
2143,1785929217742,-135544,0,5202689,0,6871058,0
2144,1785929217752,-135056,0,5202789,0,6871294,0
2145,1785929217762,-134723,0,5202558,0,6871118,0
2146,1785929217772,-134521,0,5202458,0,6870949,0
2147,1785929217783,-134751,0,5202278,0,6870668,0
2148,1785929217792,-134858,0,5202076,0,6870482,0
2149,1785929217803,-135082,0,5202049,0,6870367,0
2150,1785929217812,-135177,0,5201985,0,6870415,0
2151,1785929217823,-135193,0,5201848,0,6870372,0
2152,1785929217832,-135272,0,5201751,0,6870271,0
2153,1785929217843,-135240,0,5201764,0,6870110,0
2154,1785929217852,-135123,0,5201752,0,6870179,0
2155,1785929217863,-135075,0,5201818,0,6870188,0
2156,1785929217872,-134717,0,5201891,0,6870252,0
2157,1785929217884,-134618,0,5201813,0,6870326,0
2158,1785929217892,-134315,0,5201738,0,6870337,0
2159,1785929217903,-133983,0,5201801,0,6870319,0
2160,1785929217912,-133838,0,5201816,0,6870404,0
2161,1785929217922,-133488,0,5201745,0,6870393,0
2162,1785929217932,-133083,0,5201734,0,6870434,0
2163,1785929217943,-132737,0,5201647,0,6870487,0
2164,1785929217952,-131991,0,5201766,0,6870632,0
2165,1785929217969,-131775,0,5201577,0,6870433,0
2166,1785929217972,-131450,0,5201403,0,6870256,0
2167,1785929217983,-131032,0,5201244,0,6870207,0
2168,1785929217992,-130928,0,5201109,0,6870208,0
2169,1785929218003,-130517,0,5201101,0,6870150,0
2170,1785929218012,-130216,0,5201115,0,6870103,0
2171,1785929218024,-129705,0,5201124,0,6870258,0
2172,1785929218033,-129195,0,5201099,0,6870351,0
2173,1785929218045,-128607,0,5201171,0,6870384,0
2174,1785929218053,-127945,0,5201307,0,6870671,0
2175,1785929218063,-127273,0,5201380,0,6870962,0
2176,1785929218073,-126422,0,5201509,0,6871050,0
2177,1785929218083,-125557,0,5201688,0,6871253,0
2178,1785929218093,-124721,0,5201756,0,6871254,0
2179,1785929218103,-124222,0,5201780,0,6871205,0
2180,1785929218113,-123918,0,5201696,0,6871002,0
2181,1785929218123,-123904,0,5201621,0,6870734,0
2182,1785929218133,-124564,0,5201386,0,6870288,0
2183,1785929218143,-125592,0,5201313,0,6869890,0
2184,1785929218153,-126954,0,5200920,0,6869221,0
2185,1785929218163,-128683,0,5200731,0,6868749,0
2186,1785929218173,-130468,0,5200465,0,6868293,0
2187,1785929218186,-132347,0,5200218,0,6867800,0
2188,1785929218193,-134331,0,5200026,0,6867309,0
2189,1785929218205,-136367,0,5199673,0,6866808,0
2190,1785929218213,-138237,0,5199313,0,6866216,0
2191,1785929218224,-139998,0,5199025,0,6865678,0
2192,1785929218233,-141693,0,5198913,0,6865428,0
2193,1785929218244,-143315,0,5198678,0,6865187,0
2194,1785929218257,-144670,0,5198352,0,6864638,0
2195,1785929218266,-146030,0,5198298,0,6864519,0
2196,1785929218273,-147399,0,5198193,0,6864388,0
2197,1785929218283,-148134,0,5197998,0,6864316,0
2198,1785929218293,-149054,0,5198096,0,6864217,0
2199,1785929218303,-149446,0,5198094,0,6864263,0
2200,1785929218313,-149652,0,5198185,0,6864498,0
2201,1785929218323,-149960,0,5198405,0,6864690,0
2202,1785929218333,-149832,0,5198353,0,6864687,0
2203,1785929218344,-149788,0,5198262,0,6864681,0
2204,1785929218353,-149570,0,5198270,0,6864596,0
2205,1785929218367,-149513,0,5198268,0,6864822,0
2206,1785929218373,-149183,0,5198239,0,6864760,0
2207,1785929218384,-149236,0,5198001,0,6864567,0
2208,1785929218393,-149108,0,5198000,0,6864660,0
2209,1785929218404,-148997,0,5197912,0,6864544,0
2210,1785929218414,-148855,0,5197812,0,6864425,0
2211,1785929218424,-148841,0,5197800,0,6864434,0
2212,1785929218434,-148853,0,5197593,0,6864243,0
2213,1785929218444,-149045,0,5197506,0,6864107,0
2214,1785929218454,-149337,0,5197375,0,6863833,0
2215,1785929218465,-149300,0,5197133,0,6863751,0
2216,1785929218474,-149230,0,5197403,0,6863703,0
2217,1785929218484,-149291,0,5197228,0,6863740,0
2218,1785929218494,-149579,0,5197120,0,6863633,0
2219,1785929218505,-149605,0,5197006,0,6863408,0
2220,1785929218514,-149816,0,5196714,0,6863183,0
2221,1785929218526,-150138,0,5196663,0,6863080,0
2222,1785929218534,-150241,0,5196472,0,6862843,0
2223,1785929218545,-150399,0,5196421,0,6862869,0
2224,1785929218554,-150407,0,5196671,0,6863068,0
2225,1785929218565,-150131,0,5196733,0,6863331,0
2226,1785929218574,-149818,0,5196890,0,6863675,0
2227,1785929218584,-149146,0,5196996,0,6863476,0
2228,1785929218594,-148569,0,5197028,0,6863666,0
2229,1785929218604,-148274,0,5196895,0,6863587,0
2230,1785929218614,-147903,0,5196901,0,6863617,0
2231,1785929218624,-147555,0,5196998,0,6863655,0
2232,1785929218634,-147065,0,5196869,0,6863711,0
2233,1785929218645,-146592,0,5197096,0,6864027,0
2234,1785929218654,-145822,0,5197135,0,6864022,0
2235,1785929218665,-145475,0,5197155,0,6864179,0
2236,1785929218674,-144832,0,5196959,0,6864178,0
2237,1785929218687,-144284,0,5196871,0,6864114,0
2238,1785929218702,-143880,0,5196922,0,6864138,0
2239,1785929218704,-143306,0,5196825,0,6864131,0
2240,1785929218714,-142974,0,5196698,0,6863999,0
2241,1785929218724,-142762,0,5196646,0,6864008,0
2242,1785929218734,-142151,0,5196644,0,6864060,0
2243,1785929218745,-141624,0,5196663,0,6864112,0
2244,1785929218754,-140856,0,5196819,0,6864361,0
2245,1785929218765,-140275,0,5196874,0,6864344,0
2246,1785929218774,-139271,0,5196910,0,6864732,0
2247,1785929218785,-138589,0,5197000,0,6864932,0
2248,1785929218794,-137454,0,5197296,0,6865152,0
2249,1785929218805,-136484,0,5197455,0,6865301,0
2250,1785929218814,-135713,0,5197491,0,6865244,0
2251,1785929218825,-135033,0,5197629,0,6865303,0
2252,1785929218834,-134604,0,5197703,0,6865277,0
2253,1785929218846,-134972,0,5197760,0,6865074,0
2254,1785929218855,-135535,0,5197930,0,6864817,0
2255,1785929218866,-136144,0,5197913,0,6864541,0
2256,1785929218875,-137235,0,5197791,0,6864313,0
2257,1785929218885,-138813,0,5197837,0,6863839,0
2258,1785929218895,-140378,0,5197715,0,6863416,0
2259,1785929218905,-141928,0,5197456,0,6862958,0
2260,1785929218915,-143800,0,5197309,0,6862709,0
2261,1785929218925,-145298,0,5197067,0,6862381,0
2262,1785929218935,-146730,0,5197174,0,6862030,0
2263,1785929218945,-148386,0,5196918,0,6861613,0
2264,1785929218955,-149734,0,5196837,0,6861540,0
2265,1785929218965,-150805,0,5196876,0,6861402,0
2266,1785929218975,-151688,0,5196900,0,6861209,0
2267,1785929218986,-152875,0,5196781,0,6861168,0
2268,1785929218995,-153556,0,5196902,0,6861289,0
2269,1785929219008,-154052,0,5197133,0,6861351,0
2270,1785929219015,-154531,0,5197135,0,6861316,0
2271,1785929219025,-154711,0,5197128,0,6861327,0
2272,1785929219035,-155003,0,5197167,0,6861468,0
2273,1785929219045,-155203,0,5196972,0,6861251,0
2274,1785929219055,-155274,0,5196976,0,6861327,0
2275,1785929219066,-155421,0,5196973,0,6861254,0
2276,1785929219075,-155380,0,5197027,0,6861193,0
2277,1785929219085,-155205,0,5197101,0,6861359,0
2278,1785929219095,-155046,0,5197121,0,6861406,0
2279,1785929219106,-154656,0,5197171,0,6861670,0
2280,1785929219115,-154339,0,5197150,0,6861722,0
2281,1785929219125,-153887,0,5197385,0,6862002,0
2282,1785929219135,-153429,0,5197510,0,6862031,0
2283,1785929219146,-152934,0,5197572,0,6862134,0
2284,1785929219155,-152408,0,5197651,0,6862354,0
2285,1785929219168,-151961,0,5197698,0,6862226,0
2286,1785929219176,-151603,0,5197608,0,6862259,0
2287,1785929219185,-151446,0,5197661,0,6862246,0
2288,1785929219195,-151189,0,5197634,0,6862373,0
2289,1785929219205,-151183,0,5197566,0,6862276,0
2290,1785929219215,-150910,0,5197544,0,6862104,0
2291,1785929219226,-150797,0,5197674,0,6862295,0
2292,1785929219235,-150677,0,5197682,0,6862365,0
2293,1785929219245,-150530,0,5197605,0,6862238,0
2294,1785929219256,-150158,0,5197497,0,6862113,0
2295,1785929219266,-150233,0,5197436,0,6862015,0
2296,1785929219275,-149934,0,5197363,0,6862103,0
2297,1785929219286,-149901,0,5197291,0,6862080,0
2298,1785929219295,-149731,0,5197185,0,6861831,0
2299,1785929219306,-149587,0,5197231,0,6861944,0
2300,1785929219315,-149204,0,5197337,0,6862107,0
2301,1785929219329,-148710,0,5197396,0,6862265,0
2302,1785929219335,-148321,0,5197393,0,6862473,0
2303,1785929219346,-147719,0,5197489,0,6862448,0
2304,1785929219355,-147200,0,5197477,0,6862557,0
2305,1785929219366,-146669,0,5197422,0,6862611,0
2306,1785929219376,-146145,0,5197729,0,6862773,0
2307,1785929219386,-145048,0,5197856,0,6863116,0
2308,1785929219396,-144185,0,5198193,0,6863562,0
2309,1785929219406,-143050,0,5198455,0,6863979,0
2310,1785929219416,-141863,0,5198766,0,6864330,0
2311,1785929219426,-140625,0,5198992,0,6864710,0
2312,1785929219436,-139479,0,5199055,0,6865019,0
2313,1785929219447,-138633,0,5199174,0,6865071,0
2314,1785929219456,-137423,0,5199099,0,6865168,0
2315,1785929219467,-136349,0,5199277,0,6865355,0
2316,1785929219478,-135336,0,5199373,0,6865734,0
2317,1785929219488,-134313,0,5199598,0,6865797,0
2318,1785929219496,-133067,0,5199765,0,6866054,0
2319,1785929219506,-132018,0,5199928,0,6866354,0
2320,1785929219516,-130828,0,5200057,0,6866562,0
2321,1785929219526,-129897,0,5200039,0,6866647,0
2322,1785929219536,-129009,0,5200173,0,6866590,0
2323,1785929219546,-128477,0,5200225,0,6866429,0
2324,1785929219556,-128482,0,5200280,0,6866241,0
2325,1785929219567,-128519,0,5200290,0,6865999,0
2326,1785929219577,-129182,0,5200367,0,6865756,0
2327,1785929219586,-129954,0,5200371,0,6865541,0
2328,1785929219596,-131226,0,5200182,0,6865082,0
2329,1785929219607,-132792,0,5200137,0,6864728,0
2330,1785929219616,-134243,0,5199809,0,6864307,0
2331,1785929219627,-135953,0,5199540,0,6863806,0
2332,1785929219636,-137679,0,5199283,0,6863275,0
2333,1785929219649,-139531,0,5198942,0,6862736,0
2334,1785929219657,-141289,0,5198735,0,6862270,0
2335,1785929219667,-142743,0,5198592,0,6862039,0
2336,1785929219677,-144029,0,5198524,0,6861835,0
2337,1785929219687,-146022,0,5198382,0,6861634,0
2338,1785929219697,-146873,0,5198348,0,6861489,0
2339,1785929219707,-147501,0,5198189,0,6861527,0
2340,1785929219717,-148188,0,5198246,0,6861383,0
2341,1785929219727,-148666,0,5198075,0,6861212,0
2342,1785929219737,-149161,0,5198023,0,6861303,0
2343,1785929219747,-149505,0,5198064,0,6861185,0
2344,1785929219756,-149527,0,5197849,0,6861241,0
2345,1785929219767,-149614,0,5198031,0,6861401,0
2346,1785929219777,-149303,0,5198172,0,6861638,0
2347,1785929219788,-149048,0,5198010,0,6861570,0
2348,1785929219798,-148853,0,5198018,0,6861673,0
2349,1785929219808,-148571,0,5198067,0,6861696,0
2350,1785929219817,-148073,0,5198073,0,6861754,0
2351,1785929219827,-147870,0,5198060,0,6861695,0
2352,1785929219837,-147537,0,5198143,0,6861747,0
2353,1785929219847,-147135,0,5198197,0,6861945,0
2354,1785929219857,-146941,0,5198161,0,6862089,0
2355,1785929219867,-146253,0,5198387,0,6862107,0
2356,1785929219877,-146208,0,5198297,0,6862096,0
2357,1785929219887,-145903,0,5198417,0,6861968,0
2358,1785929219897,-145506,0,5198164,0,6862144,0
2359,1785929219907,-145360,0,5198212,0,6862056,0
2360,1785929219917,-145215,0,5198082,0,6861944,0
2361,1785929219928,-145292,0,5198052,0,6861875,0
2362,1785929219936,-145005,0,5197916,0,6861660,0
2363,1785929219948,-144884,0,5197961,0,6861799,0
2364,1785929219961,-144528,0,5198169,0,6861704,0
2365,1785929219969,-144241,0,5198113,0,6862015,0
2366,1785929219978,-143955,0,5198097,0,6862165,0
2367,1785929219987,-143557,0,5198129,0,6862008,0
2368,1785929219997,-143388,0,5198227,0,6862115,0
2369,1785929220007,-142778,0,5198105,0,6862026,0
2370,1785929220017,-142739,0,5197971,0,6862151,0
2371,1785929220027,-142210,0,5198050,0,6862119,0
2372,1785929220037,-141993,0,5197755,0,6861952,0
2373,1785929220047,-141394,0,5197733,0,6862174,0
2374,1785929220057,-141037,0,5197686,0,6861980,0
2375,1785929220068,-140721,0,5197636,0,6862069,0
2376,1785929220077,-140061,0,5197745,0,6862256,0
2377,1785929220087,-139494,0,5197758,0,6862299,0
2378,1785929220097,-138951,0,5197878,0,6862428,0
2379,1785929220110,-138093,0,5197943,0,6862610,0
2380,1785929220117,-137261,0,5197955,0,6862844,0
2381,1785929220129,-136598,0,5197935,0,6862869,0
2382,1785929220137,-135863,0,5197906,0,6862901,0
2383,1785929220147,-135372,0,5197828,0,6862862,0
2384,1785929220157,-134605,0,5197864,0,6862954,0
2385,1785929220167,-133802,0,5197881,0,6863056,0
2386,1785929220177,-133221,0,5197775,0,6863141,0
2387,1785929220187,-132565,0,5197881,0,6863200,0
2388,1785929220197,-131885,0,5197829,0,6863242,0
2389,1785929220207,-131014,0,5197764,0,6863257,0
2390,1785929220217,-130413,0,5197771,0,6863378,0
2391,1785929220227,-129534,0,5197709,0,6863380,0
2392,1785929220237,-128946,0,5197791,0,6863514,0
2393,1785929220247,-128136,0,5197818,0,6863582,0
2394,1785929220258,-127252,0,5198082,0,6863674,0
2395,1785929220268,-126660,0,5198050,0,6863764,0
2396,1785929220277,-126360,0,5198226,0,6863631,0
2397,1785929220290,-126262,0,5198257,0,6863284,0
2398,1785929220297,-126492,0,5198248,0,6863166,0
2399,1785929220307,-127348,0,5198018,0,6862832,0
2400,1785929220317,-128506,0,5197649,0,6862061,0
2401,1785929220327,-130279,0,5197003,0,6861210,0
2402,1785929220338,-132355,0,5196293,0,6860184,0
2403,1785929220347,-134773,0,5195633,0,6859051,0
2404,1785929220357,-137329,0,5194998,0,6858168,0
2405,1785929220368,-139771,0,5194327,0,6857265,0
2406,1785929220377,-142090,0,5193835,0,6856669,0
2407,1785929220387,-144271,0,5193366,0,6856128,0
2408,1785929220397,-146127,0,5193090,0,6855799,0
2409,1785929220407,-147791,0,5192959,0,6855418,0
2410,1785929220417,-149207,0,5192778,0,6855001,0
2411,1785929220428,-150311,0,5192703,0,6855192,0
2412,1785929220438,-151236,0,5192589,0,6854853,0
2413,1785929220449,-151864,0,5192792,0,6855140,0
2414,1785929220457,-152263,0,5193060,0,6855402,0
2415,1785929220468,-151926,0,5193389,0,6855951,0
2416,1785929220477,-151397,0,5193860,0,6856384,0
2417,1785929220488,-150615,0,5194275,0,6857062,0
2418,1785929220497,-149769,0,5194689,0,6857498,0
2419,1785929220508,-148772,0,5194992,0,6858096,0
2420,1785929220517,-147535,0,5195406,0,6858660,0
2421,1785929220527,-146260,0,5195764,0,6859158,0
2422,1785929220537,-144925,0,5196074,0,6859583,0
2423,1785929220548,-143610,0,5196429,0,6859974,0
2424,1785929220557,-142534,0,5196747,0,6860190,0
2425,1785929220568,-141570,0,5196793,0,6860527,0
2426,1785929220577,-140532,0,5197084,0,6860691,0
2427,1785929220588,-139622,0,5197232,0,6861002,0
2428,1785929220597,-138799,0,5197612,0,6861341,0
2429,1785929220610,-137726,0,5197690,0,6861434,0
2430,1785929220618,-136977,0,5197979,0,6861762,0
2431,1785929220628,-136087,0,5198308,0,6861967,0
2432,1785929220637,-135082,0,5198684,0,6862467,0
2433,1785929220648,-133894,0,5198978,0,6862955,0
2434,1785929220657,-132874,0,5199367,0,6863256,0
2435,1785929220668,-131581,0,5199796,0,6863751,0
2436,1785929220677,-130376,0,5200250,0,6864160,0
2437,1785929220688,-128991,0,5200800,0,6864815,0
2438,1785929220697,-127641,0,5201411,0,6865532,0
2439,1785929220708,-125821,0,5201902,0,6866324,0
2440,1785929220718,-124120,0,5202498,0,6866907,0
2441,1785929220728,-122205,0,5203078,0,6867669,0
2442,1785929220738,-120308,0,5203733,0,6868512,0
2443,1785929220749,-118634,0,5204288,0,6869115,0
2444,1785929220758,-116407,0,5204721,0,6869669,0
2445,1785929220772,-114656,0,5205031,0,6870212,0
2446,1785929220778,-112994,0,5205253,0,6870381,0
2447,1785929220789,-111388,0,5205276,0,6870505,0
2448,1785929220798,-109999,0,5205262,0,6870619,0
2449,1785929220808,-108949,0,5205166,0,6870622,0
2450,1785929220818,-107944,0,5205116,0,6870786,0
2451,1785929220828,-106901,0,5205168,0,6870838,0
2452,1785929220838,-105931,0,5205354,0,6870952,0
2453,1785929220848,-104795,0,5205533,0,6871134,0
2454,1785929220858,-103504,0,5205625,0,6871418,0
2455,1785929220869,-102291,0,5205707,0,6871686,0
2456,1785929220878,-100919,0,5205831,0,6871947,0
2457,1785929220889,-99731,0,5206001,0,6872213,0
2458,1785929220898,-98382,0,5206151,0,6872312,0
2459,1785929220909,-97285,0,5206108,0,6872524,0
2460,1785929220918,-96317,0,5206111,0,6872357,0
2461,1785929220931,-95180,0,5206054,0,6872136,0
2462,1785929220942,-94685,0,5205967,0,6871865,0
2463,1785929220950,-94879,0,5205781,0,6871492,0
2464,1785929220958,-95245,0,5205441,0,6870940,0
2465,1785929220973,-96384,0,5205212,0,6870332,0
2466,1785929220979,-97468,0,5204794,0,6869598,0
2467,1785929220993,-98988,0,5204350,0,6868995,0
2468,1785929220998,-100939,0,5203984,0,6868168,0
2469,1785929221008,-103066,0,5203225,0,6867195,0
2470,1785929221018,-105449,0,5202480,0,6866300,0
2471,1785929221029,-108145,0,5201817,0,6865277,0
2472,1785929221038,-110745,0,5200915,0,6864116,0
2473,1785929221048,-113673,0,5200007,0,6863104,0
2474,1785929221058,-116457,0,5199178,0,6862033,0
2475,1785929221070,-119029,0,5198460,0,6861138,0
2476,1785929221078,-121647,0,5197898,0,6860407,0
2477,1785929221091,-123851,0,5197379,0,6859777,0
2478,1785929221098,-125575,0,5197153,0,6859541,0
2479,1785929221109,-127127,0,5197094,0,6859365,0
2480,1785929221120,-128386,0,5196865,0,6859197,0
2481,1785929221129,-129355,0,5197033,0,6859340,0
2482,1785929221139,-130015,0,5197110,0,6859411,0
2483,1785929221149,-130293,0,5197218,0,6859520,0
2484,1785929221159,-130386,0,5197343,0,6859921,0
2485,1785929221169,-130110,0,5197585,0,6860379,0
2486,1785929221179,-129916,0,5197756,0,6860524,0
2487,1785929221191,-129561,0,5197699,0,6860481,0
2488,1785929221199,-129333,0,5197821,0,6860716,0
2489,1785929221209,-128967,0,5197797,0,6860953,0
2490,1785929221219,-128408,0,5197945,0,6860994,0
2491,1785929221230,-128162,0,5197955,0,6860943,0
2492,1785929221239,-127916,0,5198064,0,6861102,0
2493,1785929221255,-127592,0,5197962,0,6861100,0
2494,1785929221259,-127317,0,5198013,0,6861239,0
2495,1785929221271,-127020,0,5198047,0,6861176,0
2496,1785929221279,-126807,0,5198023,0,6861222,0
2497,1785929221289,-126654,0,5198023,0,6861338,0
2498,1785929221299,-126663,0,5198059,0,6861425,0
2499,1785929221309,-126458,0,5197899,0,6861197,0
2500,1785929221319,-126412,0,5197899,0,6861116,0
2501,1785929221329,-126147,0,5197867,0,6861124,0
2502,1785929221339,-126169,0,5197880,0,6861101,0
2503,1785929221349,-125939,0,5197870,0,6861125,0
2504,1785929221359,-125751,0,5197723,0,6861156,0
2505,1785929221369,-125591,0,5197617,0,6860977,0
2506,1785929221379,-125543,0,5197649,0,6861058,0
2507,1785929221390,-125152,0,5197581,0,6861005,0
2508,1785929221399,-125088,0,5197624,0,6861056,0
2509,1785929221411,-124742,0,5197430,0,6861241,0
2510,1785929221419,-124286,0,5197519,0,6861313,0
2511,1785929221429,-123944,0,5197485,0,6861143,0
2512,1785929221439,-123603,0,5197423,0,6861302,0
2513,1785929221449,-123204,0,5197359,0,6861290,0
2514,1785929221459,-123007,0,5197230,0,6861280,0
2515,1785929221470,-122510,0,5197281,0,6861386,0
2516,1785929221479,-121843,0,5197427,0,6861581,0
2517,1785929221490,-121028,0,5197612,0,6861718,0
2518,1785929221499,-120331,0,5197626,0,6861965,0
2519,1785929221510,-119546,0,5197846,0,6862169,0
2520,1785929221519,-118751,0,5197767,0,6862353,0
2521,1785929221530,-117896,0,5197856,0,6862486,0
2522,1785929221539,-117191,0,5197920,0,6862721,0
2523,1785929221550,-116247,0,5198083,0,6862981,0
2524,1785929221559,-115422,0,5198287,0,6863089,0
2525,1785929221573,-114277,0,5198673,0,6863528,0
2526,1785929221579,-113039,0,5198789,0,6863986,0
2527,1785929221590,-111792,0,5199131,0,6864162,0
2528,1785929221599,-110389,0,5199514,0,6864518,0
2529,1785929221610,-109359,0,5199954,0,6864764,0
2530,1785929221620,-108626,0,5200143,0,6864928,0
2531,1785929221630,-108255,0,5200448,0,6864904,0
2532,1785929221640,-108371,0,5200692,0,6864976,0
2533,1785929221650,-108536,0,5200841,0,6864813,0
2534,1785929221661,-109455,0,5200966,0,6864598,0
2535,1785929221670,-110257,0,5201014,0,6864423,0
2536,1785929221680,-111458,0,5201169,0,6864290,0
2537,1785929221690,-112407,0,5201148,0,6863923,0
2538,1785929221700,-113773,0,5201093,0,6863678,0
2539,1785929221711,-114864,0,5201122,0,6863500,0
2540,1785929221720,-115862,0,5201187,0,6863444,0
2541,1785929221732,-117006,0,5201258,0,6863356,0
2542,1785929221740,-117514,0,5201311,0,6863340,0
2543,1785929221750,-118431,0,5201452,0,6863445,0
2544,1785929221760,-119258,0,5201391,0,6863240,0
2545,1785929221771,-119678,0,5201493,0,6863451,0
2546,1785929221780,-120064,0,5201430,0,6863334,0
2547,1785929221791,-120086,0,5201818,0,6863758,0
2548,1785929221800,-119845,0,5202135,0,6864055,0
2549,1785929221810,-119457,0,5202493,0,6864445,0
2550,1785929221820,-119019,0,5202666,0,6864737,0
2551,1785929221830,-118519,0,5202867,0,6865062,0
2552,1785929221840,-117572,0,5203275,0,6865362,0
2553,1785929221850,-116983,0,5203415,0,6865780,0
2554,1785929221860,-116095,0,5203510,0,6865982,0
2555,1785929221872,-115360,0,5203593,0,6866159,0
2556,1785929221880,-114982,0,5203201,0,6865918,0
2557,1785929221893,-114624,0,5202968,0,6865511,0
2558,1785929221900,-114628,0,5202769,0,6865280,0
2559,1785929221910,-114597,0,5202501,0,6865131,0
2560,1785929221921,-114449,0,5202730,0,6865352,0
2561,1785929221930,-113779,0,5203190,0,6865794,0
2562,1785929221940,-113049,0,5203560,0,6866219,0
2563,1785929221951,-111943,0,5204055,0,6866776,0
2564,1785929221960,-110667,0,5204546,0,6867414,0
2565,1785929221971,-109702,0,5204783,0,6867765,0
2566,1785929221980,-108737,0,5204783,0,6867856,0
2567,1785929221991,-107824,0,5204990,0,6867844,0
2568,1785929222001,-107016,0,5204954,0,6867739,0
2569,1785929222013,-106739,0,5204686,0,6867551,0
2570,1785929222021,-106311,0,5204669,0,6867378,0
2571,1785929222031,-106085,0,5204676,0,6867275,0
2572,1785929222041,-105509,0,5204734,0,6867454,0
2573,1785929222052,-104684,0,5204930,0,6867723,0
2574,1785929222061,-104177,0,5204861,0,6867672,0
2575,1785929222071,-103686,0,5204507,0,6867560,0
2576,1785929222080,-103801,0,5204105,0,6867025,0
2577,1785929222091,-103672,0,5204084,0,6867046,0
2578,1785929222101,-103433,0,5204099,0,6866861,0
2579,1785929222111,-103082,0,5204260,0,6867268,0
2580,1785929222121,-102320,0,5204492,0,6867533,0
2581,1785929222131,-101471,0,5204670,0,6867868,0
2582,1785929222141,-100377,0,5204792,0,6868071,0
2583,1785929222151,-99578,0,5204893,0,6868505,0
2584,1785929222161,-98640,0,5204865,0,6868494,0
2585,1785929222172,-97644,0,5205010,0,6868637,0
2586,1785929222181,-96720,0,5204971,0,6868756,0
2587,1785929222192,-95972,0,5204880,0,6868648,0
2588,1785929222201,-95239,0,5204670,0,6868476,0
2589,1785929222213,-94821,0,5204361,0,6868292,0
2590,1785929222221,-94642,0,5203996,0,6867949,0
2591,1785929222231,-94362,0,5203636,0,6867776,0
2592,1785929222241,-94143,0,5203573,0,6867525,0
2593,1785929222251,-93725,0,5203389,0,6867548,0
2594,1785929222263,-93401,0,5203538,0,6867697,0
2595,1785929222271,-92764,0,5203458,0,6867709,0
2596,1785929222281,-92233,0,5203327,0,6867465,0
2597,1785929222291,-92220,0,5203046,0,6866964,0
2598,1785929222301,-92925,0,5202814,0,6866482,0
2599,1785929222311,-93904,0,5202446,0,6865811,0
2600,1785929222321,-95326,0,5202127,0,6865274,0
2601,1785929222331,-97059,0,5201762,0,6864535,0
2602,1785929222341,-99198,0,5201586,0,6863943,0
2603,1785929222352,-101277,0,5201196,0,6863324,0
2604,1785929222361,-103666,0,5200895,0,6862715,0
2605,1785929222373,-105766,0,5200573,0,6862114,0
2606,1785929222381,-108075,0,5200399,0,6861680,0
2607,1785929222391,-110184,0,5199934,0,6861092,0
2608,1785929222401,-112383,0,5199500,0,6860604,0
2609,1785929222411,-114408,0,5198939,0,6859969,0
2610,1785929222421,-116708,0,5198679,0,6859420,0
2611,1785929222438,-118581,0,5198296,0,6858924,0
2612,1785929222441,-120185,0,5198046,0,6858642,0
2613,1785929222452,-121813,0,5197950,0,6858523,0
2614,1785929222461,-123198,0,5197861,0,6858382,0
2615,1785929222473,-124222,0,5197770,0,6858194,0
2616,1785929222481,-125331,0,5197789,0,6858413,0
2617,1785929222491,-125738,0,5197880,0,6858551,0
2618,1785929222501,-126401,0,5197942,0,6858497,0
2619,1785929222512,-126498,0,5197892,0,6858613,0
2620,1785929222521,-126600,0,5197980,0,6858810,0
2621,1785929222534,-126930,0,5197752,0,6858608,0
2622,1785929222541,-127003,0,5197485,0,6858590,0
2623,1785929222552,-127248,0,5197350,0,6858415,0
2624,1785929222561,-127683,0,5197151,0,6858085,0
2625,1785929222572,-128006,0,5196983,0,6858063,0
2626,1785929222582,-128163,0,5196853,0,6857986,0
2627,1785929222592,-128346,0,5196787,0,6857906,0
2628,1785929222602,-128670,0,5196828,0,6857979,0
2629,1785929222612,-128541,0,5196941,0,6858229,0
2630,1785929222622,-128450,0,5197043,0,6858230,0
2631,1785929222632,-128169,0,5197342,0,6858458,0
2632,1785929222642,-127693,0,5197505,0,6858750,0
2633,1785929222652,-127405,0,5197477,0,6858840,0
2634,1785929222662,-127327,0,5197438,0,6858663,0
2635,1785929222674,-127330,0,5197464,0,6858509,0
2636,1785929222682,-127297,0,5197347,0,6858485,0
2637,1785929222694,-127249,0,5197340,0,6858544,0
2638,1785929222702,-127157,0,5197409,0,6858722,0
2639,1785929222712,-127053,0,5197254,0,6858539,0
2640,1785929222722,-126894,0,5197230,0,6858618,0
2641,1785929222732,-126974,0,5197275,0,6858535,0
2642,1785929222742,-126810,0,5197199,0,6858500,0
2643,1785929222752,-126673,0,5197093,0,6858489,0
2644,1785929222762,-127029,0,5196739,0,6858201,0
2645,1785929222773,-126889,0,5196541,0,6857943,0
2646,1785929222782,-127357,0,5196159,0,6857569,0
2647,1785929222792,-127632,0,5195863,0,6857353,0
2648,1785929222802,-127781,0,5195524,0,6857136,0
2649,1785929222812,-127904,0,5195468,0,6857051,0
2650,1785929222822,-127982,0,5195382,0,6856920,0
2651,1785929222833,-127849,0,5195220,0,6856881,0
2652,1785929222842,-127937,0,5194876,0,6856695,0
2653,1785929222855,-128028,0,5194640,0,6856472,0
2654,1785929222862,-128177,0,5194407,0,6856127,0
2655,1785929222873,-128232,0,5194105,0,6855863,0
2656,1785929222882,-128349,0,5193941,0,6855838,0
2657,1785929222893,-128490,0,5193707,0,6855645,0
2658,1785929222902,-128458,0,5193492,0,6855583,0
2659,1785929222913,-128389,0,5193401,0,6855428,0
2660,1785929222922,-128606,0,5192960,0,6855048,0
2661,1785929222933,-128461,0,5192727,0,6854994,0
2662,1785929222942,-128732,0,5192537,0,6854604,0
2663,1785929222953,-128883,0,5192074,0,6854313,0
2664,1785929222962,-129153,0,5191855,0,6853857,0
2665,1785929222973,-129544,0,5191601,0,6853535,0
2666,1785929222982,-129934,0,5191333,0,6853080,0
2667,1785929222993,-130688,0,5191151,0,6852677,0
2668,1785929223003,-131694,0,5191059,0,6852213,0
2669,1785929223014,-133105,0,5190932,0,6851952,0
2670,1785929223023,-134445,0,5190828,0,6851493,0
2671,1785929223033,-136001,0,5190568,0,6851021,0
2672,1785929223043,-138126,0,5190223,0,6850279,0
2673,1785929223053,-140097,0,5189952,0,6849898,0
2674,1785929223063,-142196,0,5189804,0,6849294,0
2675,1785929223074,-143932,0,5189757,0,6849109,0
2676,1785929223083,-145676,0,5189635,0,6848870,0
2677,1785929223093,-147321,0,5189327,0,6848361,0
2678,1785929223103,-149279,0,5189075,0,6848076,0
2679,1785929223113,-150732,0,5188938,0,6847815,0
2680,1785929223123,-152155,0,5188970,0,6847809,0
2681,1785929223133,-152969,0,5189090,0,6847840,0
2682,1785929223143,-153890,0,5189088,0,6847834,0
2683,1785929223154,-154523,0,5189210,0,6848041,0
2684,1785929223163,-155104,0,5189152,0,6848141,0
2685,1785929223176,-155558,0,5189196,0,6848194,0
2686,1785929223183,-155792,0,5189220,0,6848346,0
2687,1785929223194,-155886,0,5189431,0,6848340,0
2688,1785929223204,-155927,0,5189222,0,6848441,0
2689,1785929223213,-155921,0,5189181,0,6848378,0
2690,1785929223223,-155800,0,5188988,0,6848555,0
2691,1785929223233,-155830,0,5189034,0,6848351,0
2692,1785929223245,-155964,0,5188817,0,6848082,0
2693,1785929223255,-155923,0,5188838,0,6848313,0
2694,1785929223263,-156162,0,5188635,0,6848068,0
2695,1785929223274,-156141,0,5188606,0,6847982,0
2696,1785929223283,-156353,0,5188402,0,6847883,0
2697,1785929223293,-156568,0,5188228,0,6847674,0
2698,1785929223303,-156965,0,5187938,0,6847500,0
2699,1785929223314,-157211,0,5187687,0,6847089,0
2700,1785929223323,-157776,0,5187537,0,6846897,0
2701,1785929223336,-158325,0,5187271,0,6846531,0
2702,1785929223343,-158950,0,5187020,0,6846304,0
2703,1785929223353,-159499,0,5186959,0,6846205,0
2704,1785929223363,-159750,0,5187009,0,6846154,0
2705,1785929223374,-160037,0,5186883,0,6846141,0
2706,1785929223383,-160171,0,5186567,0,6845911,0
2707,1785929223394,-160729,0,5186432,0,6845588,0
2708,1785929223403,-161291,0,5186037,0,6845256,0
2709,1785929223414,-161838,0,5185638,0,6844897,0
2710,1785929223424,-162689,0,5185336,0,6844478,0
2711,1785929223434,-163419,0,5184905,0,6844171,0
2712,1785929223444,-163797,0,5184863,0,6844039,0
2713,1785929223454,-164366,0,5184622,0,6843840,0
2714,1785929223464,-164724,0,5184407,0,6843556,0
2715,1785929223475,-165019,0,5184351,0,6843603,0
2716,1785929223484,-165177,0,5184006,0,6843305,0
2717,1785929223497,-165402,0,5184268,0,6843603,0
2718,1785929223504,-165010,0,5184263,0,6843550,0
2719,1785929223514,-164627,0,5184338,0,6843853,0
2720,1785929223524,-164436,0,5183952,0,6843595,0
2721,1785929223534,-164504,0,5183946,0,6843476,0
2722,1785929223544,-164432,0,5183793,0,6843616,0
2723,1785929223555,-164018,0,5183763,0,6843451,0
2724,1785929223564,-163619,0,5183937,0,6843692,0
2725,1785929223574,-163260,0,5183948,0,6843777,0
2726,1785929223585,-162692,0,5183874,0,6843895,0
2727,1785929223594,-162264,0,5183877,0,6843848,0
2728,1785929223604,-161623,0,5183886,0,6843936,0
2729,1785929223614,-161479,0,5183707,0,6843807,0
2730,1785929223624,-161122,0,5183570,0,6843704,0
2731,1785929223635,-160969,0,5183518,0,6843533,0
2732,1785929223644,-161379,0,5183507,0,6843270,0
2733,1785929223656,-161966,0,5183358,0,6842851,0
2734,1785929223664,-162883,0,5183341,0,6842462,0
2735,1785929223675,-164363,0,5183064,0,6842182,0
2736,1785929223684,-166037,0,5182837,0,6841409,0
2737,1785929223694,-167746,0,5182600,0,6841064,0
2738,1785929223706,-169816,0,5182167,0,6840238,0
2739,1785929223718,-172075,0,5181781,0,6839824,0
2740,1785929223724,-174491,0,5181293,0,6839004,0
2741,1785929223735,-176645,0,5180942,0,6838503,0
2742,1785929223749,-178907,0,5180809,0,6837933,0
2743,1785929223755,-180765,0,5180622,0,6837686,0
2744,1785929223764,-182580,0,5180616,0,6837426,0
2745,1785929223775,-183805,0,5180598,0,6837433,0
2746,1785929223784,-184698,0,5180490,0,6837454,0
2747,1785929223795,-185735,0,5180790,0,6837598,0
2748,1785929223804,-186408,0,5180830,0,6837691,0
2749,1785929223817,-187021,0,5180867,0,6837850,0
2750,1785929223825,-187162,0,5181039,0,6838083,0
2751,1785929223835,-187239,0,5181085,0,6838080,0
2752,1785929223845,-187178,0,5181110,0,6838298,0
2753,1785929223855,-187275,0,5181304,0,6838362,0
2754,1785929223865,-187035,0,5181319,0,6838604,0
2755,1785929223875,-186512,0,5181602,0,6838772,0
2756,1785929223885,-186097,0,5181658,0,6839095,0
2757,1785929223895,-185392,0,5181678,0,6839026,0
2758,1785929223905,-185033,0,5181863,0,6839423,0
2759,1785929223916,-184633,0,5181916,0,6839521,0
2760,1785929223925,-183964,0,5182157,0,6839796,0
2761,1785929223937,-183356,0,5182411,0,6840028,0
2762,1785929223949,-182784,0,5182199,0,6840022,0
2763,1785929223956,-182259,0,5182294,0,6839957,0
2764,1785929223965,-182021,0,5182359,0,6840101,0
2765,1785929223983,-181863,0,5182395,0,6839944,0
2766,1785929223985,-181525,0,5182330,0,6839929,0
2767,1785929223995,-181352,0,5182412,0,6840101,0
2768,1785929224005,-181097,0,5182390,0,6840125,0
2769,1785929224015,-180759,0,5182475,0,6840187,0
2770,1785929224025,-180769,0,5182314,0,6840085,0
2771,1785929224035,-180654,0,5182103,0,6839952,0
2772,1785929224045,-180616,0,5182107,0,6839874,0
2773,1785929224055,-180544,0,5182026,0,6839866,0
2774,1785929224065,-180480,0,5182053,0,6839782,0
2775,1785929224076,-180260,0,5181985,0,6839760,0
2776,1785929224085,-180161,0,5181870,0,6839843,0
2777,1785929224095,-179772,0,5181971,0,6839754,0
2778,1785929224106,-179608,0,5182007,0,6839998,0
2779,1785929224116,-179297,0,5181870,0,6840070,0
2780,1785929224125,-178979,0,5181984,0,6839985,0
2781,1785929224138,-178584,0,5181868,0,6840005,0
2782,1785929224145,-178235,0,5181781,0,6839898,0
2783,1785929224156,-178013,0,5181560,0,6839850,0
2784,1785929224165,-177781,0,5181336,0,6839573,0
2785,1785929224176,-177477,0,5181256,0,6839596,0
2786,1785929224185,-177177,0,5181285,0,6839490,0
2787,1785929224197,-176892,0,5181109,0,6839567,0
2788,1785929224205,-176712,0,5180926,0,6839586,0
2789,1785929224216,-176270,0,5181048,0,6839480,0
2790,1785929224226,-175779,0,5180939,0,6839629,0
2791,1785929224236,-175385,0,5180934,0,6839515,0
2792,1785929224245,-174770,0,5180903,0,6839647,0
2793,1785929224256,-174301,0,5180840,0,6839805,0
2794,1785929224266,-173871,0,5180758,0,6839700,0
2795,1785929224277,-173240,0,5180828,0,6839810,0
2796,1785929224286,-172810,0,5180783,0,6839819,0
2797,1785929224298,-172625,0,5180574,0,6839584,0
2798,1785929224306,-172828,0,5180514,0,6839120,0
2799,1785929224316,-173557,0,5180310,0,6838755,0
2800,1785929224326,-174551,0,5180180,0,6838340,0
2801,1785929224336,-175908,0,5180082,0,6837850,0
2802,1785929224346,-177603,0,5179882,0,6837369,0
2803,1785929224356,-179508,0,5179430,0,6836684,0
2804,1785929224366,-181661,0,5179158,0,6836071,0
2805,1785929224377,-183874,0,5178642,0,6835318,0
2806,1785929224386,-186631,0,5178196,0,6834672,0
2807,1785929224397,-189066,0,5177860,0,6833910,0
2808,1785929224406,-191667,0,5177506,0,6833273,0
2809,1785929224417,-193765,0,5177103,0,6832773,0
2810,1785929224426,-195948,0,5176942,0,6832465,0
2811,1785929224437,-198035,0,5176785,0,6832235,0
2812,1785929224446,-199456,0,5176732,0,6832077,0
2813,1785929224459,-200685,0,5176719,0,6831837,0
2814,1785929224467,-202250,0,5176611,0,6831764,0
2815,1785929224477,-203046,0,5176610,0,6831883,0
2816,1785929224486,-203772,0,5176747,0,6832028,0
2817,1785929224497,-204276,0,5176802,0,6832052,0
2818,1785929224507,-204728,0,5176715,0,6831962,0
2819,1785929224517,-205072,0,5176769,0,6832082,0
2820,1785929224527,-205501,0,5176793,0,6832199,0
2821,1785929224537,-205424,0,5176712,0,6832153,0
2822,1785929224547,-205680,0,5176642,0,6832000,0
2823,1785929224557,-205672,0,5176627,0,6832143,0
2824,1785929224567,-205605,0,5176606,0,6832082,0
2825,1785929224577,-205275,0,5176727,0,6832181,0
2826,1785929224587,-205168,0,5176677,0,6832206,0
2827,1785929224598,-204736,0,5176794,0,6832402,0
2828,1785929224607,-204619,0,5176863,0,6832455,0
2829,1785929224619,-204405,0,5176795,0,6832365,0
2830,1785929224627,-203326,0,5177465,0,6833200,0
2831,1785929224637,-202933,0,5177720,0,6833583,0
2832,1785929224647,-202121,0,5177457,0,6833281,0
2833,1785929224657,-202046,0,5177316,0,6833000,0
2834,1785929224667,-201962,0,5177232,0,6832990,0
2835,1785929224677,-202333,0,5176998,0,6832821,0
2836,1785929224687,-202272,0,5176981,0,6832597,0
2837,1785929224697,-202246,0,5176854,0,6832613,0
2838,1785929224707,-202330,0,5176597,0,6832446,0
2839,1785929224717,-202702,0,5176435,0,6832145,0
2840,1785929224732,-202742,0,5176296,0,6832031,0
2841,1785929224738,-202923,0,5176149,0,6831838,0
2842,1785929224747,-203103,0,5176084,0,6831772,0
2843,1785929224763,-203010,0,5175955,0,6831508,0
2844,1785929224767,-203067,0,5175779,0,6831413,0
2845,1785929224783,-203033,0,5175607,0,6831410,0
2846,1785929224787,-203029,0,5175460,0,6831419,0
2847,1785929224797,-202985,0,5175375,0,6831349,0
2848,1785929224809,-202837,0,5175251,0,6831142,0
2849,1785929224817,-202714,0,5175114,0,6831153,0
2850,1785929224831,-202522,0,5175027,0,6831171,0
2851,1785929224837,-202223,0,5174946,0,6831116,0
2852,1785929224847,-202122,0,5174834,0,6830979,0
2853,1785929224857,-201878,0,5174746,0,6830974,0
2854,1785929224867,-201439,0,5174640,0,6830897,0
2855,1785929224878,-201127,0,5174614,0,6831100,0
2856,1785929224887,-200715,0,5174577,0,6831103,0
2857,1785929224897,-200065,0,5174772,0,6831279,0
2858,1785929224907,-199130,0,5174873,0,6831508,0
2859,1785929224918,-198431,0,5175086,0,6831798,0
2860,1785929224927,-197517,0,5175096,0,6831822,0
2861,1785929224939,-196940,0,5174995,0,6831770,0
2862,1785929224947,-196576,0,5174985,0,6831860,0
2863,1785929224958,-196178,0,5175097,0,6831638,0
2864,1785929224967,-195944,0,5174944,0,6831465,0
2865,1785929224979,-196056,0,5174827,0,6831237,0
2866,1785929224988,-197028,0,5174699,0,6830903,0
2867,1785929224998,-198161,0,5174677,0,6830555,0
2868,1785929225007,-199311,0,5174593,0,6830316,0
2869,1785929225017,-200938,0,5174398,0,6829654,0
2870,1785929225030,-202865,0,5174078,0,6829069,0
2871,1785929225037,-205116,0,5173689,0,6828496,0
2872,1785929225047,-207293,0,5173319,0,6827792,0
2873,1785929225057,-209545,0,5173030,0,6827221,0
2874,1785929225067,-211924,0,5172552,0,6826582,0
2875,1785929225079,-213914,0,5172217,0,6826018,0
2876,1785929225087,-215721,0,5172136,0,6825627,0
2877,1785929225100,-217442,0,5171950,0,6825443,0
2878,1785929225107,-218971,0,5171839,0,6825248,0
2879,1785929225118,-220237,0,5171951,0,6825328,0
2880,1785929225127,-221032,0,5171783,0,6825330,0
2881,1785929225137,-221797,0,5171981,0,6825326,0
2882,1785929225147,-222325,0,5172168,0,6825559,0
2883,1785929225157,-222500,0,5172208,0,6825569,0
2884,1785929225167,-222516,0,5172436,0,6825820,0
2885,1785929225179,-222482,0,5172522,0,6826159,0
2886,1785929225187,-222357,0,5172536,0,6826227,0
2887,1785929225198,-222110,0,5172636,0,6826279,0
2888,1785929225207,-221981,0,5172602,0,6826346,0
2889,1785929225218,-221650,0,5172740,0,6826442,0
2890,1785929225227,-221083,0,5172959,0,6826741,0
2891,1785929225238,-220529,0,5173233,0,6827133,0
2892,1785929225247,-219731,0,5173386,0,6827431,0
2893,1785929225261,-219103,0,5173634,0,6827678,0
2894,1785929225268,-218206,0,5173686,0,6827929,0
2895,1785929225280,-217610,0,5173720,0,6828014,0
2896,1785929225287,-217232,0,5173671,0,6827818,0
2897,1785929225298,-216830,0,5173557,0,6828105,0
2898,1785929225307,-216487,0,5173624,0,6827957,0
2899,1785929225318,-216117,0,5173523,0,6827815,0
2900,1785929225327,-215894,0,5173437,0,6827847,0
2901,1785929225338,-215853,0,5173407,0,6827621,0
2902,1785929225347,-215569,0,5173284,0,6827481,0
2903,1785929225358,-215811,0,5173035,0,6827416,0
2904,1785929225367,-215780,0,5172768,0,6827131,0
2905,1785929225378,-215870,0,5172811,0,6827019,0
2906,1785929225388,-215698,0,5172686,0,6826810,0
2907,1785929225398,-215648,0,5172706,0,6826969,0
2908,1785929225407,-215511,0,5172798,0,6827122,0
2909,1785929225420,-215116,0,5172769,0,6827171,0
2910,1785929225427,-214820,0,5172785,0,6827050,0
2911,1785929225438,-214358,0,5172757,0,6827099,0
2912,1785929225447,-214128,0,5172660,0,6827282,0
2913,1785929225458,-213899,0,5172501,0,6827128,0
2914,1785929225468,-213487,0,5172571,0,6827107,0
2915,1785929225478,-213011,0,5172634,0,6827296,0
2916,1785929225488,-212329,0,5172743,0,6827409,0
2917,1785929225498,-211742,0,5172872,0,6827694,0
2918,1785929225508,-210769,0,5173013,0,6827811,0
2919,1785929225518,-210025,0,5173153,0,6828203,0
2920,1785929225528,-209241,0,5173088,0,6828254,0
2921,1785929225538,-208622,0,5172926,0,6828126,0
2922,1785929225548,-207777,0,5172964,0,6828226,0
2923,1785929225559,-207115,0,5172949,0,6828267,0
2924,1785929225568,-206431,0,5173170,0,6828318,0
2925,1785929225580,-205799,0,5173105,0,6828478,0
2926,1785929225588,-204926,0,5173095,0,6828629,0
2927,1785929225599,-204047,0,5173115,0,6828660,0
2928,1785929225608,-203297,0,5172956,0,6828836,0
2929,1785929225618,-202513,0,5172997,0,6828834,0
2930,1785929225628,-201771,0,5172966,0,6828778,0
2931,1785929225638,-201195,0,5172951,0,6828683,0
2932,1785929225649,-200719,0,5172850,0,6828515,0
2933,1785929225658,-200597,0,5173011,0,6828406,0
2934,1785929225668,-200965,0,5172958,0,6828024,0
2935,1785929225679,-201459,0,5172833,0,6827898,0
2936,1785929225688,-202453,0,5172862,0,6827607,0
2937,1785929225698,-203757,0,5172711,0,6827045,0
2938,1785929225708,-205276,0,5172352,0,6826375,0
2939,1785929225720,-207017,0,5171986,0,6825778,0
2940,1785929225728,-208948,0,5171621,0,6825312,0
2941,1785929225741,-211050,0,5171231,0,6824685,0
2942,1785929225748,-212783,0,5170999,0,6824148,0
2943,1785929225759,-214543,0,5170835,0,6823896,0
2944,1785929225768,-216137,0,5170710,0,6823567,0
2945,1785929225779,-217476,0,5170531,0,6823358,0
2946,1785929225788,-218764,0,5170530,0,6823264,0
2947,1785929225799,-219490,0,5170712,0,6823449,0
2948,1785929225809,-220193,0,5170688,0,6823385,0
2949,1785929225819,-220563,0,5170874,0,6823540,0
2950,1785929225828,-220858,0,5170963,0,6823704,0
2951,1785929225839,-220984,0,5170902,0,6823800,0
2952,1785929225848,-221119,0,5170935,0,6823858,0
2953,1785929225859,-220915,0,5171025,0,6824016,0
2954,1785929225869,-220705,0,5171062,0,6823999,0
2955,1785929225880,-220402,0,5171332,0,6824281,0
2956,1785929225889,-219905,0,5171372,0,6824589,0
2957,1785929225901,-219285,0,5171760,0,6824828,0
2958,1785929225909,-218583,0,5171897,0,6825104,0
2959,1785929225920,-217613,0,5171950,0,6825295,0
2960,1785929225929,-216810,0,5172173,0,6825697,0
2961,1785929225939,-215863,0,5172349,0,6825936,0
2962,1785929225949,-215034,0,5172567,0,6826242,0
2963,1785929225959,-214133,0,5172701,0,6826386,0
2964,1785929225969,-213382,0,5172741,0,6826428,0
2965,1785929225979,-212760,0,5172865,0,6826614,0
2966,1785929225989,-212107,0,5172907,0,6826678,0
2967,1785929225999,-211601,0,5172788,0,6826649,0
2968,1785929226009,-211174,0,5172818,0,6826554,0
2969,1785929226019,-210748,0,5172834,0,6826709,0
2970,1785929226029,-210511,0,5172813,0,6826577,0
2971,1785929226040,-210180,0,5172708,0,6826438,0
2972,1785929226050,-210044,0,5172709,0,6826539,0
2973,1785929226062,-209756,0,5172709,0,6826486,0
2974,1785929226069,-209215,0,5172585,0,6826402,0
2975,1785929226080,-209207,0,5172383,0,6826282,0
2976,1785929226089,-208694,0,5172298,0,6826161,0
2977,1785929226099,-208566,0,5172185,0,6826049,0
2978,1785929226109,-208541,0,5172158,0,6826120,0
2979,1785929226120,-208168,0,5172044,0,6826118,0
2980,1785929226129,-207774,0,5172054,0,6826088,0
2981,1785929226139,-207226,0,5172168,0,6826217,0
2982,1785929226149,-206697,0,5171959,0,6826184,0
2983,1785929226159,-206383,0,5171934,0,6826168,0
2984,1785929226169,-205979,0,5171860,0,6826114,0
2985,1785929226180,-205539,0,5171531,0,6826006,0
2986,1785929226189,-205354,0,5171521,0,6825971,0
2987,1785929226200,-204859,0,5171495,0,6825942,0
2988,1785929226209,-204439,0,5171554,0,6826143,0
